dispute_id,consumer_id,consumer_state_raw,consumer_age_band_raw,furnisher_id,furnisher_name_raw,bureau_name_raw,reason_code_raw,channel_raw,received_date_raw,response_date_raw,status_raw
D0001343,C000452,GA,65+,F017,James Group Collections,TransUnion,R07,online,03/14/2026,11-Apr-2026,Closed
D0004767,C000106,NY,65+,F018,"Flowers, Martin and Kelly Bank",equifax,R09,call center,22-Jun-2026,,Open
D0000770,C000322,NY,65+,F019,"Adams, Zuniga and Wong Auto",EQF,R05,online,2025-12-11,2025-12-22,Closed
D0003152,C000091,AZ,35-44,F018,"Flowers, Martin and Kelly Bank",Trans Union,R05,Phone,2025-08-23,26-Aug-2025,Closed
D0002485,C000263,NC,35-44,F012,Dudley Group Auto,EXP,R01,Mail,06-Oct-2025,10/17/2025,Closed
D0003151,C000760,NY,55-64,F028,"Hoffman, Baker and Richards Auto",Trans Union,r07,MAIL,11-Aug-2025,2025-09-23,Closed
D0004461,C000253,FL,25-34,F011,Blair PLC Retail,TransUnion,R02,web,2026-05-16,18-Jun-2026,Closed
D0004185,C000010,TX,25-34,F005,"Guzman, Hoffman and Baldwin Collections",TU,R10,online,2026-02-17,2026-03-30,Closed
D0000151,C000203,NY,45-54,F024,Morales-Jones Auto,EQF,R06,MAIL,18-Aug-2026,08/25/2026,Closed
D0003268,C000193,IL,45-54,F026,Wilkerson-Day Collections,EXP,r03,mail,2025-06-27,26-Jul-2025,Closed
D0000087,C000356,CA,25-34,F017,James Group Collections,TransUnion,R07,ONLINE,14-Jun-2026,06/22/2026,Closed
D0000946,C000382,PA,35-44,F024,Morales-Jones Auto,Trans Union,R05,online,10/31/2025,2025-12-04,Closed
D0002696,C000255,IL,25-34,F012,Dudley Group Auto,EQUIFAX,R09,Mail,2026-08-25,2026-09-05,Closed
D0000660,C000643,TX,45-54,F024,Morales-Jones Auto,experian,R05,MAIL,16-Oct-2025,10/31/2025,Closed
D0002619,C000060,AZ,45-54,F007,Blake and Sons Credit,Trans Union,R04,PHONE,03/24/2025,31-Mar-2025,Closed
D0001363,C000201,TX,25-34,F026,Wilkerson-Day Collections,Equifax,R10,Phone,20-Jun-2025,,Open
D0003803,C000290,NC,25-34,F013,Arnold Ltd Bank,equifax,R09,PHONE,2025-06-05,07-Jul-2025,Closed
D0003723,C000003,IL,25-34,F020,"Reid, Ferguson and Sanchez Bank",transunion,R01,Mail,2025-09-13,2025-09-28,Closed
D0005105,C000577,FL,35-44,F004,Davis and Sons Bank,TU,R06,web,11/25/2025,,Closed
D0004282,C000371,AZ,45-54,F022,"Watts, Robinson and Nguyen Bank",equifax,R04,call center,2026-06-02,2026-06-10,Closed
D0003518,C000588,TX,45-54,F029,"Ross, Robinson and Bright Collections",Trans Union,R04,online,2026-07-06,,Open
D0005288,C000439,OH,18-24,F022,"Watts, Robinson and Nguyen Bank",TransUnion,R10,PHONE,18-Oct-2025,11/03/2025,Closed
D0005160,C000523,WA,45-54,F024,Morales-Jones Auto,EQUIFAX,R07,ONLINE,22-Feb-2025,2025-03-08,Closed
D0001220,C000717,AZ,65+,F022,"Watts, Robinson and Nguyen Bank",EXP,R01,Online,07-Jan-2025,01/25/2025,Closed
D0005741,C000694,CA,35-44,F027,Baker and Sons Retail,EXP,R10,Mail,03/23/2026,2026-04-06,Closed
D0004085,C000644,TX,65+,F030,"Snyder, Campos and Callahan Collections",transunion,R05,web,2025-06-20,07/19/2025,Closed
D0005909,C000584,NY,35-44,F019,"Adams, Zuniga and Wong Auto",equifax,R10,phone,2025-01-11,13-Feb-2025,Closed
D0003313,C000505,GA,45-54,F011,Blair PLC Retail,Trans Union,R01,MAIL,04/19/2026,,Open
D0004832,C000332,NC,55-64,F022,"Watts, Robinson and Nguyen Bank",Equifax,R03,Phone,2026-03-23,08-May-2026,Closed
D0004937,C000026,MI,35-44,F021,Gray-Mayo Collections,TU,R01,Online,2026-03-11,24-Mar-2026,Closed
D0005735,C000413,TX,65+,F004,Davis and Sons Bank,Trans Union,R03,call center,09-Jul-2025,2025-07-27,Closed
D0000268,C000786,NC,35-44,F009,Garcia-James Bank,Trans Union,R06,phone,07/20/2025,,Open
D0000659,C000042,OH,25-34,F007,Blake and Sons Credit,EXP,R09,web,27-Aug-2026,,Open
D0001950,C000056,PA,35-44,F012,Dudley Group Auto,TransUnion,R09,ONLINE,2025-03-21,09-Apr-2025,Closed
D0000746,C000552,GA,55-64,F021,Gray-Mayo Collections,EQF,R02,PHONE,01/16/2026,,Open
D0005441,C000073,NY,65+,F030,"Snyder, Campos and Callahan Collections",TransUnion,R05,PHONE,2025-04-21,2025-05-07,Closed
D0004108,C000335,NC,45-54,F015,Williams and Sons Retail,Equifax,R07,web,19-Feb-2026,03/05/2026,Closed
D0003119,C000262,PA,65+,F019,"Adams, Zuniga and Wong Auto",TransUnion,R05,online,06-Apr-2025,04/12/2025,Closed
D0002166,C000268,MI,45-54,F006,"Gardner, Robinson and Lawrence Credit",EXP,R04,web,01-May-2025,05/05/2025,Closed
D0001510,C000686,MI,35-44,F008,"Henderson, Ramirez and Lewis Auto",equifax,R04,MAIL,06/21/2025,07/21/2025,Closed
D0005350,C000220,CA,18-24,F003,"Mcclain, Miller and Henderson Bank",TU,R04,mail,,2025-02-01,Closed
D0000090,C000567,OH,35-44,F015,Williams and Sons Retail,transunion,R09,Online,,2025-02-06,Closed
D0000440,C000362,IL,45-54,F003,"Mcclain, Miller and Henderson Bank",Experian,R10,Mail,14-Mar-2025,2025-03-25,Closed
D0005744,C000354,OH,55-64,F001,"Rodriguez, Figueroa and Sanchez Collections",Experian,R04,ONLINE,05-Sep-2025,12-Sep-2025,Closed
D0001143,C000543,CA,45-54,F030,"Snyder, Campos and Callahan Collections",experian,R10,mail,04/03/2025,2025-04-15,Closed
D0003110,C000498,NY,55-64,F010,Abbott-Munoz Retail,Experian,R05,online,2025-05-23,2025-07-10,Closed
D0001732,C000095,NY,55-64,F025,"Walter, Edwards and Rios Bank",EQF,R08,mail,2026-03-21,,Open
D0004868,C000108,NY,35-44,F023,Perez Inc Credit,EQUIFAX,r10,PHONE,2026-07-27,2026-09-19,Closed
D0000652,C000542,TX,55-64,F016,Galloway-Wyatt Collections,experian,R01,online,19-Apr-2026,2026-06-12,Closed
D0001923,C000623,MI,35-44,F028,"Hoffman, Baker and Richards Auto",Equifax,R01,phone,2025-01-13,01-Feb-2025,Closed
D0000817,C000213,NY,35-44,F001,"Rodriguez, Figueroa and Sanchez Collections",EXP,,PHONE,2026-02-27,14-Mar-2026,Closed
D0005376,C000319,WA,65+,F029,"Ross, Robinson and Bright Collections",transunion,R05,phone,11-Jun-2026,07/10/2026,Closed
D0001751,C000795,NY,18-24,F016,Galloway-Wyatt Collections,UNK,R06,PHONE,2025-05-01,2025-05-19,Closed
D0004602,,MI,35-44,F029,"Ross, Robinson and Bright Collections",Equifax,XX99,online,20-Nov-2025,2025-12-08,Closed
D0002711,C000060,AZ,45-54,F024,Morales-Jones Auto,equifax,R01,mail,02/17/2026,03/08/2026,Closed
D0003364,C000450,GA,55-64,F026,Wilkerson-Day Collections,equifax,R08,Phone,26-Jun-2026,2026-06-21,Closed
D0004109,C000094,NY,35-44,F030,"Snyder, Campos and Callahan Collections",equifax,R09,online,2026-07-01,14-Jul-2026,Closed
D0005023,C000319,WA,65+,F019,"Adams, Zuniga and Wong Auto",TransUnion,R08,Online,08/22/2026,,Open
D0003941,C000579,IL,45-54,F014,"Mcclure, Ward and Lee Bank",equifax,R07,PHONE,06/10/2025,07/10/2025,Closed
D0004352,C000680,PA,35-44,F016,Galloway-Wyatt Collections,Experian,R09,Online,07-Feb-2025,25-Feb-2025,Closed
D0001985,C000177,NY,18-24,F013,Arnold Ltd Bank,Experian,R07,MAIL,26-Mar-2025,04-May-2025,Closed
D0003276,C000310,TX,25-34,F014,"Mcclure, Ward and Lee Bank",EXP,R07,online,07/30/2025,2025-08-27,Closed
D0001797,C000615,FL,45-54,F028,"Hoffman, Baker and Richards Auto",EQUIFAX,R03,Online,2025-08-08,08/28/2025,Closed
D0000503,C000239,FL,65+,F004,Davis and Sons Bank,EQF,R01,MAIL,09-Feb-2025,2025-02-26,Closed
D0001725,C000069,OH,25-34,F004,Davis and Sons Bank,equifax,R01,Online,30-Aug-2026,2026-10-20,Closed
D0000256,C000175,NY,18-24,F019,"Adams, Zuniga and Wong Auto",experian,see notes,Phone,07/21/2026,20-Aug-2026,Closed
D0004991,C000496,AZ,65+,F027,Baker and Sons Retail,EQUIFAX,R02,ONLINE,08/29/2025,09/12/2025,Closed
D0000989,C000273,MI,25-34,F029,"Ross, Robinson and Bright Collections",TransUnion,R05,Online,2025-07-21,,Open
D0001912,C000025,OH,35-44,F023,Perez Inc Credit,equifax,r08,PHONE,2025-10-29,2025-11-04,Closed
D0005967,C000570,CA,65+,F026,Wilkerson-Day Collections,experian,R04,call center,16-Feb-2026,04-Mar-2026,Closed
D0001909,C000331,AZ,55-64,F007,Blake and Sons Credit,EXP,r07,phone,2026-08-25,09/17/2026,Closed
D0002059,C000704,IL,25-34,F016,Galloway-Wyatt Collections,TransUnion,R09,web,2025-06-27,2025-07-01,Closed
D0003331,C000009,CA,18-24,F003,"Mcclain, Miller and Henderson Bank",experian,r01,PHONE,11-Apr-2026,2026-05-02,Closed
D0003375,C000281,PA,18-24,F029,"Ross, Robinson and Bright Collections",Equifax,R03,mail,07/07/2026,,Open
D0005007,C000123,CA,18-24,F023,Perez Inc Credit,EXP,R09,MAIL,06/24/2026,2026-07-01,Closed
D0001031,C000398,TX,55-64,F023,Perez Inc Credit,Equifax,r06,ONLINE,10/25/2025,2025-11-04,Closed
D0000451,C000425,GA,65+,F022,"Watts, Robinson and Nguyen Bank",EQF,R09,PHONE,05-Sep-2025,,Open
D0005983,C000322,NY,65+,F029,"Ross, Robinson and Bright Collections",equifax,R05,online,20-Jan-2026,02/07/2026,Closed
D0002909,C000234,NY,45-54,F024,Morales-Jones Auto,EQF,R10,MAIL,2026-08-09,09/07/2026,Closed
D0000041,C000749,TX,65+,F015,Williams and Sons Retail,EQUIFAX,R09,MAIL,2025-09-21,2025-10-04,Closed
D0005954,C000254,GA,35-44,F006,"Gardner, Robinson and Lawrence Credit",equifax,R07,Mail,02/19/2026,13-Mar-2026,Closed
D0000664,C000670,AZ,45-54,F001,"Rodriguez, Figueroa and Sanchez Collections",Equifax,R08,online,11/01/2025,11-Dec-2025,Closed
D0005724,,AZ,45-54,F008,"Henderson, Ramirez and Lewis Auto",EQF,R07,PHONE,23-Jan-2025,09-Feb-2025,Closed
D0003437,C000304,NC,45-54,F007,Blake and Sons Credit,EXP,R09,ONLINE,2025-08-21,2025-09-02,Closed
D0005697,C000693,AZ,65+,F005,"Guzman, Hoffman and Baldwin Collections",EQUIFAX,R08,PHONE,22-Mar-2025,2025-04-10,Closed
D0004015,C000228,PA,55-64,F028,"Hoffman, Baker and Richards Auto",EXP,R03,Online,10-Jul-2026,,Open
D0001249,C000331,AZ,55-64,F020,"Reid, Ferguson and Sanchez Bank",TransUnion,R05,mail,05/23/2026,21-Jun-2026,Closed
D0005219,C000088,WA,35-44,F016,Galloway-Wyatt Collections,Trans Union,R04,mail,2025-10-03,23-Oct-2025,Closed
D0000972,C000438,AZ,45-54,F030,"Snyder, Campos and Callahan Collections",EQUIFAX,R05,mail,2025-02-08,2025-02-16,Closed
D0005113,C000778,TX,65+,F016,Galloway-Wyatt Collections,Experian,r08,MAIL,2026-04-17,20-Apr-2026,Closed
D0002911,C000464,OH,65+,F022,"Watts, Robinson and Nguyen Bank",TU,R02,ONLINE,10-Oct-2025,31-Oct-2025,Closed
D0004047,C000014,WA,65+,F005,"Guzman, Hoffman and Baldwin Collections",EQF,R03,Online,2025-05-05,05/18/2025,Closed
D0003271,C000425,GA,65+,F026,Wilkerson-Day Collections,experian,R07,Online,2025-06-06,2025-07-30,Closed
D0005906,C000715,NC,18-24,F001,"Rodriguez, Figueroa and Sanchez Collections",TU,R03,call center,09/01/2026,09/04/2026,Closed
D0000948,C000794,OH,55-64,F024,Morales-Jones Auto,transunion,R04,MAIL,05/02/2025,05/11/2025,Closed
D0005424,C000291,FL,45-54,F021,Gray-Mayo Collections,Trans Union,R05,Mail,24-Dec-2025,,Open
D0005803,C000795,NY,18-24,F003,"Mcclain, Miller and Henderson Bank",experian,R05,ONLINE,07/04/2026,2026-07-12,Closed
D0003991,C000784,MI,18-24,F028,"Hoffman, Baker and Richards Auto",Trans Union,R09,online,03/14/2025,,Open
D0004294,C000116,GA,55-64,F010,Abbott-Munoz Retail,equifax,R06,Phone,22-Apr-2026,2026-05-22,Closed
D0001040,C000186,MI,55-64,F016,Galloway-Wyatt Collections,equifax,R02,Mail,08/04/2025,2025-08-11,Closed
D0002230,C000203,NY,45-54,F026,Wilkerson-Day Collections,EQF,R06,mail,05-Sep-2025,2025-10-19,Closed
D0004540,C000291,FL,45-54,F014,"Mcclure, Ward and Lee Bank",TU,R02,web,2025-11-20,12/16/2025,Closed
D0004664,C000259,IL,18-24,F008,"Henderson, Ramirez and Lewis Auto",EXP,R05,phone,15-Aug-2025,,Open
D0001745,C000006,AZ,65+,F019,"Adams, Zuniga and Wong Auto",EQUIFAX,R05,web,12/13/2025,2025-12-26,Closed
D0001387,C000493,TX,18-24,F002,Doyle Ltd Collections,transunion,R08,mail,06-Apr-2025,19-Apr-2025,Closed
D0001643,C000127,OH,18-24,F026,Wilkerson-Day Collections,EQF,R04,MAIL,2025-06-08,07/24/2025,Closed
D0003147,C000481,WA,55-64,F013,Arnold Ltd Bank,equifax,r08,ONLINE,2025-05-07,05/23/2025,Closed
D0003961,C000741,NY,45-54,F004,Davis and Sons Bank,TransUnion,R01,phone,2025-02-11,03/08/2025,Closed
D0004581,C000660,MI,25-34,F025,"Walter, Edwards and Rios Bank",equifax,R07,phone,11-Aug-2025,15-Aug-2025,Closed
D0003047,C000492,IL,45-54,F009,Garcia-James Bank,TransUnion,R10,phone,19-Oct-2025,10/28/2025,Closed
D0004372,C000523,WA,45-54,F012,Dudley Group Auto,TU,R01,Online,06/09/2026,06/07/2026,Closed
D0004041,C000451,FL,65+,F026,Wilkerson-Day Collections,experian,R04,ONLINE,28-Nov-2025,12/10/2025,Closed
D0002950,C000125,CA,25-34,F010,Abbott-Munoz Retail,EXP,R09,Online,2026-01-25,2026-02-01,Closed
D0000738,C000780,GA,35-44,,"Henderson, Ramirez and Lewis Auto",Experian,R06,Phone,02/15/2025,,Closed
D0001029,,OH,55-64,F029,"Ross, Robinson and Bright Collections",EQF,R03,online,2025-11-02,11/05/2025,Closed
D0003681,C000021,IL,25-34,F007,Blake and Sons Credit,Equifax,R02,Mail,26-Oct-2025,11/09/2025,Closed
D0001428,C000351,NY,65+,F030,"Snyder, Campos and Callahan Collections",EQUIFAX,XX99,mail,03/29/2025,04/11/2025,Closed
D0002519,C000142,AZ,18-24,F014,"Mcclure, Ward and Lee Bank",TransUnion,R04,online,09-Aug-2025,19-Aug-2025,Closed
D0005947,C000001,AZ,18-24,F029,"Ross, Robinson and Bright Collections",TU,R09,web,08-Nov-2025,14-Nov-2025,Closed
D0005972,C000276,CA,55-64,F015,Williams and Sons Retail,transunion,R06,web,01/14/2025,02/23/2025,Closed
D0003332,C000245,PA,18-24,F027,Baker and Sons Retail,EQUIFAX,r01,Mail,2026-08-24,31-Aug-2026,Closed
D0000387,C000533,NY,35-44,F029,"Ross, Robinson and Bright Collections",Trans Union,R08,MAIL,2026-08-09,13-Aug-2026,Closed
D0001795,C000446,NC,18-24,F020,"Reid, Ferguson and Sanchez Bank",Trans Union,see notes,Online,04/29/2025,,Open
D0003766,C000150,GA,25-34,F011,Blair PLC Retail,EQUIFAX,R04,online,05/17/2025,20-May-2025,Closed
D0000838,C000391,AZ,18-24,F029,"Ross, Robinson and Bright Collections",Trans Union,R06,Phone,15-Feb-2025,02/20/2025,Closed
D0002129,C000210,NY,35-44,F003,"Mcclain, Miller and Henderson Bank",experian,R10,phone,04/02/2026,2026-04-07,Closed
D0000648,C000163,PA,65+,F010,Abbott-Munoz Retail,Equifax,r02,MAIL,07/17/2026,08-Aug-2026,Closed
D0005024,C000430,NC,45-54,F009,Garcia-James Bank,experian,R10,MAIL,16-Apr-2026,05/30/2026,Closed
D0001825,C000672,GA,35-44,F010,Abbott-Munoz Retail,transunion,R06,ONLINE,04/17/2025,22-May-2025,Closed
D0001947,C000587,TX,25-34,F012,Dudley Group Auto,experian,R02,call center,28-May-2025,14-Jun-2025,Closed
D0005996,C000403,WA,65+,F029,"Ross, Robinson and Bright Collections",EXP,R04,web,20-Jul-2026,08/11/2026,Closed
D0004314,C000602,NC,35-44,F023,Perez Inc Credit,EXP,R07,web,30-Jul-2025,12-Aug-2025,Closed
D0002707,C000764,FL,35-44,F001,"Rodriguez, Figueroa and Sanchez Collections",transunion,R07,PHONE,06/27/2025,26-Jul-2025,Closed
D0005991,C000129,IL,65+,F020,"Reid, Ferguson and Sanchez Bank",experian,R04,phone,01/27/2026,02/11/2026,Closed
D0005538,C000536,GA,18-24,F030,"Snyder, Campos and Callahan Collections",Equifax,R04,PHONE,08/29/2026,2026-09-24,Closed
D0003933,C000427,NY,65+,F019,"Adams, Zuniga and Wong Auto",Experian,,phone,19-Apr-2025,22-Apr-2025,Closed
D0001628,C000098,GA,18-24,F028,"Hoffman, Baker and Richards Auto",TransUnion,R04,web,12-Aug-2025,08/30/2025,Closed
D0005651,C000516,TX,25-34,F026,Wilkerson-Day Collections,Equifax,r06,online,09-May-2025,2025-06-17,Closed
D0000241,C000284,AZ,18-24,F025,"Walter, Edwards and Rios Bank",EQF,R05,mail,03/14/2026,2026-04-10,Closed
D0004075,C000612,OH,25-34,F030,"Snyder, Campos and Callahan Collections",EQF,r07,PHONE,2026-06-07,06/25/2026,Closed
D0002655,C000087,CA,65+,F019,"Adams, Zuniga and Wong Auto",Trans Union,r04,mail,07/17/2026,,Open
D0003286,C000503,MI,25-34,F013,Arnold Ltd Bank,Equifax,R05,PHONE,05/10/2025,23-May-2025,Closed
D0004618,C000618,WA,45-54,F009,Garcia-James Bank,EXP,XX99,Mail,2025-07-21,,Open
D0005111,C000337,NY,65+,F029,"Ross, Robinson and Bright Collections",experian,R06,Phone,2025-07-05,2025-08-08,Closed
D0004738,C000786,NC,35-44,F015,Williams and Sons Retail,Equifax,R10,MAIL,2025-10-06,23-Oct-2025,Closed
D0004447,C000684,WA,45-54,F004,Davis and Sons Bank,UNK,R09,web,24-Feb-2026,,Closed
D0002922,C000731,CA,18-24,F001,"Rodriguez, Figueroa and Sanchez Collections",Equifax,R10,Online,07/20/2026,15-Aug-2026,Closed
D0003899,C000648,CA,18-24,F029,"Ross, Robinson and Bright Collections",EQUIFAX,R07,Online,2026-08-11,2026-08-30,Closed
D0003944,C000403,WA,65+,F013,Arnold Ltd Bank,UNK,R03,PHONE,03-Feb-2026,23-Feb-2026,Closed
D0002650,C000228,PA,55-64,F010,Abbott-Munoz Retail,EXP,R04,PHONE,05/10/2026,2026-07-04,Closed
D0004743,C000434,FL,18-24,F012,Dudley Group Auto,transunion,R06,web,02/08/2025,22-Feb-2025,Closed
D0000316,C000483,CA,18-24,F001,"Rodriguez, Figueroa and Sanchez Collections",EQUIFAX,R08,PHONE,04/06/2026,27-Apr-2026,Closed
D0002415,C000477,TX,25-34,,"Hoffman, Baker and Richards Auto",Experian,R08,Mail,02/03/2025,02/20/2025,Closed
D0003435,C000641,AZ,35-44,F002,Doyle Ltd Collections,transunion,R05,web,09-Dec-2025,2025-12-19,Closed
D0002021,C000079,IL,55-64,F022,"Watts, Robinson and Nguyen Bank",Equifax,R10,call center,2026-05-11,05/22/2026,Closed
D0003668,C000480,IL,18-24,F010,Abbott-Munoz Retail,Equifax,R05,phone,2026-07-10,07/30/2026,Closed
D0005574,C000169,MI,65+,F023,Perez Inc Credit,experian,R05,web,07/18/2025,2025-08-06,Closed
D0004740,C000620,AZ,25-34,F018,"Flowers, Martin and Kelly Bank",transunion,R08,phone,16-May-2025,,Open
D0001980,C000782,TX,45-54,F025,"Walter, Edwards and Rios Bank",Trans Union,R04,online,10/31/2025,11-Nov-2025,Closed
D0001471,C000596,NC,25-34,F029,"Ross, Robinson and Bright Collections",experian,R02,ONLINE,24-Jun-2025,17-Jul-2025,Closed
D0004112,C000638,NC,18-24,F013,Arnold Ltd Bank,TU,R01,PHONE,2025-09-25,,Open
D0004858,C000515,NY,55-64,F019,"Adams, Zuniga and Wong Auto",EQUIFAX,R07,call center,2025-09-18,,Open
D0000083,C000292,AZ,45-54,F025,"Walter, Edwards and Rios Bank",Experian,R04,Online,28-Jan-2025,2025-02-09,Closed
D0005037,C000650,IL,35-44,F002,Doyle Ltd Collections,equifax,R08,web,2025-02-19,03/07/2025,Closed
D0000233,C000081,WA,18-24,F017,James Group Collections,TransUnion,R09,Mail,04/01/2025,04/25/2025,Closed
D0003123,C000575,GA,65+,F011,Blair PLC Retail,EXP,R10,PHONE,2026-08-23,2026-09-26,Closed
D0001919,C000375,CA,45-54,F003,"Mcclain, Miller and Henderson Bank",TU,r04,web,05/10/2026,07/04/2026,Closed
D0005914,C000623,MI,35-44,F024,Morales-Jones Auto,EXP,R09,PHONE,29-May-2026,06/16/2026,Closed
D0002881,C000134,FL,45-54,F023,Perez Inc Credit,Equifax,R06,phone,22-Feb-2026,2026-03-05,Closed
D0002412,C000477,TX,25-34,F016,Galloway-Wyatt Collections,equifax,R05,call center,12/10/2025,,Open
D0001287,C000091,AZ,35-44,F019,"Adams, Zuniga and Wong Auto",transunion,R02,phone,08/05/2025,08/26/2025,Closed
D0001107,C000567,OH,35-44,F011,Blair PLC Retail,Equifax,r07,MAIL,2026-07-29,,Open
D0000801,C000180,PA,18-24,F003,"Mcclain, Miller and Henderson Bank",TransUnion,R03,Phone,2026-04-14,12-May-2026,Closed
D0005533,C000393,CA,25-34,F026,Wilkerson-Day Collections,UNK,r02,ONLINE,2026-07-16,2026-08-15,Closed
D0002207,C000520,IL,18-24,F009,Garcia-James Bank,EQF,R09,Online,12/29/2025,16-Jan-2026,Closed
D0002720,C000398,TX,55-64,F006,"Gardner, Robinson and Lawrence Credit",UNK,R05,MAIL,2026-05-08,06/04/2026,Closed
D0002218,C000774,CA,25-34,F018,"Flowers, Martin and Kelly Bank",Trans Union,R06,ONLINE,05/12/2026,05/27/2026,Closed
D0001359,C000412,AZ,25-34,F022,"Watts, Robinson and Nguyen Bank",EXP,r08,Online,2025-09-13,2025-09-29,Closed
D0005150,C000554,IL,25-34,F028,"Hoffman, Baker and Richards Auto",Trans Union,r02,phone,05/08/2025,2025-05-11,Closed
D0003627,C000305,WA,25-34,F001,"Rodriguez, Figueroa and Sanchez Collections",Experian,R08,PHONE,2025-04-15,05/03/2025,Closed
D0005825,C000487,TX,18-24,F020,"Reid, Ferguson and Sanchez Bank",EXP,r03,Phone,04/01/2026,04/14/2026,Closed
D0005945,C000476,MI,35-44,F019,"Adams, Zuniga and Wong Auto",TransUnion,R04,ONLINE,2026-01-01,22-Jan-2026,Closed
D0004759,C000791,TX,45-54,F025,"Walter, Edwards and Rios Bank",experian,R02,phone,2025-06-07,2025-06-17,Closed
D0001623,C000396,FL,25-34,F007,Blake and Sons Credit,equifax,R08,mail,06/30/2025,07/29/2025,Closed
D0002863,C000367,FL,35-44,F028,"Hoffman, Baker and Richards Auto",EQUIFAX,R06,MAIL,20-Oct-2025,2025-12-11,Closed
D0001154,C000224,NY,65+,F005,"Guzman, Hoffman and Baldwin Collections",EXP,R10,Phone,2025-11-23,12/12/2025,Closed
D0003140,C000434,FL,18-24,F025,"Walter, Edwards and Rios Bank",Experian,R08,Phone,08/23/2025,2025-09-11,Closed
D0005008,C000059,OH,25-34,F010,Abbott-Munoz Retail,experian,R06,mail,10-Sep-2025,09/15/2025,Closed
D0001971,C000338,GA,45-54,F023,Perez Inc Credit,Trans Union,R10,web,2025-11-19,2025-11-17,Closed
D0002418,C000415,MI,18-24,F012,Dudley Group Auto,transunion,R01,Phone,12-May-2026,11-Jun-2026,Closed
D0003775,C000324,TX,45-54,F030,"Snyder, Campos and Callahan Collections",TransUnion,other,MAIL,02-Jul-2026,07/20/2026,Closed
D0000472,C000439,OH,18-24,,Blair PLC Retail,EXP,other,mail,2025-01-22,01/27/2025,Closed
D0004233,C000713,TX,45-54,F004,Davis and Sons Bank,EQF,R06,PHONE,2025-01-28,05-Feb-2025,Closed
D0000240,C000654,MI,65+,F004,Davis and Sons Bank,transunion,R03,MAIL,03-May-2025,,Open
D0004323,C000333,OH,45-54,F007,Blake and Sons Credit,transunion,R09,Phone,2026-06-19,07/01/2026,Closed
D0002189,C000447,NC,25-34,F019,"Adams, Zuniga and Wong Auto",EXP,R06,Mail,30-Apr-2025,05/17/2025,Closed
D0005569,C000089,NC,25-34,F007,Blake and Sons Credit,EXP,R05,Mail,2026-06-17,06/25/2026,Closed
D0004328,C000786,NC,35-44,F021,Gray-Mayo Collections,Experian,R10,MAIL,05/23/2026,01-Jun-2026,Closed
D0005268,C000216,OH,25-34,F030,"Snyder, Campos and Callahan Collections",Experian,R04,ONLINE,2025-02-03,2025-02-25,Closed
D0003708,C000098,GA,18-24,F004,Davis and Sons Bank,EXP,other,ONLINE,08/17/2025,24-Aug-2025,Closed
D0003452,C000395,MI,25-34,F009,Garcia-James Bank,transunion,XX99,PHONE,2026-03-16,04/09/2026,Closed
D0003466,C000412,AZ,25-34,F016,Galloway-Wyatt Collections,EXP,R05,PHONE,2025-07-03,07/20/2025,Closed
D0000119,C000586,NC,45-54,F027,Baker and Sons Retail,TU,R09,web,07/14/2025,07-Aug-2025,Closed
D0005146,C000180,PA,18-24,F014,"Mcclure, Ward and Lee Bank",experian,R10,phone,07/24/2026,08-Aug-2026,Closed
D0000338,C000390,OH,25-34,F012,Dudley Group Auto,Equifax,R09,mail,08/06/2025,08/10/2025,Closed
D0005154,C000130,GA,25-34,F030,"Snyder, Campos and Callahan Collections",TU,R09,phone,2026-02-25,,Open
D0002151,C000770,AZ,18-24,F016,Galloway-Wyatt Collections,transunion,R06,mail,04/30/2026,,Open
D0004284,C000653,NC,45-54,F011,Blair PLC Retail,EQUIFAX,R01,phone,2025-10-18,,Open
D0004441,C000231,NY,55-64,F023,Perez Inc Credit,Trans Union,R02,ONLINE,09/29/2025,10/26/2025,Closed
D0003221,C000557,TX,45-54,F006,"Gardner, Robinson and Lawrence Credit",experian,R08,Online,26-Mar-2026,2026-04-13,Closed
D0004133,C000323,WA,18-24,F003,"Mcclain, Miller and Henderson Bank",transunion,R04,mail,02/08/2026,03/02/2026,Closed
D0001714,C000350,PA,65+,F024,Morales-Jones Auto,TransUnion,R01,call center,29-May-2026,2026-06-27,Closed
D0003338,C000237,CA,35-44,F007,Blake and Sons Credit,transunion,r06,Phone,2025-09-17,10/11/2025,Closed
D0005568,C000569,PA,55-64,F025,"Walter, Edwards and Rios Bank",EQUIFAX,R02,PHONE,23-Aug-2025,08/30/2025,Closed
D0000720,C000126,TX,18-24,F016,Galloway-Wyatt Collections,EXP,R02,Online,12-Oct-2025,17-Oct-2025,Closed
D0003326,C000190,FL,35-44,F021,Gray-Mayo Collections,EXP,R06,PHONE,07/29/2026,2026-08-27,Closed
D0005919,C000756,FL,65+,F016,Galloway-Wyatt Collections,transunion,R01,Phone,05/16/2025,06/18/2025,Closed
D0001958,C000570,CA,65+,F029,"Ross, Robinson and Bright Collections",EXP,R07,MAIL,03/07/2026,2026-03-18,Closed
D0000576,C000311,AZ,35-44,F012,Dudley Group Auto,Experian,r07,Mail,2025-05-29,06/27/2025,Closed
D0005975,C000499,IL,18-24,F016,Galloway-Wyatt Collections,experian,R09,online,22-Sep-2025,2025-10-21,Closed
D0004643,C000524,TX,65+,F001,"Rodriguez, Figueroa and Sanchez Collections",Equifax,R09,PHONE,2025-02-11,,Closed
D0001771,,WA,25-34,F021,Gray-Mayo Collections,Equifax,R02,Online,02-Aug-2026,2026-08-09,Closed
D0002185,C000049,NY,45-54,F018,"Flowers, Martin and Kelly Bank",EXP,R03,Online,2025-09-25,,Closed
D0000322,C000781,NC,55-64,F017,James Group Collections,EQUIFAX,R01,Mail,2026-05-26,06/18/2026,Closed
D0004078,C000002,CA,65+,F027,Baker and Sons Retail,experian,R10,call center,2025-10-27,11/09/2025,Closed
D0002657,C000387,TX,45-54,F019,"Adams, Zuniga and Wong Auto",Experian,R07,online,2025-08-07,12-Sep-2025,Closed
D0003821,C000672,GA,35-44,F012,Dudley Group Auto,EQUIFAX,R10,online,02-Apr-2025,04/19/2025,Closed
D0003825,C000130,GA,25-34,F026,Wilkerson-Day Collections,experian,r02,call center,2025-02-24,03/15/2025,Closed
D0004011,C000444,IL,55-64,F018,"Flowers, Martin and Kelly Bank",EQUIFAX,XX99,Mail,2025-09-09,2025-09-16,Closed
D0004706,C000479,OH,25-34,F025,"Walter, Edwards and Rios Bank",Experian,R07,online,,12/29/2025,Closed
D0005215,C000434,FL,18-24,F021,Gray-Mayo Collections,Equifax,R01,MAIL,04/12/2025,05/02/2025,Closed
D0001805,C000459,MI,35-44,F024,Morales-Jones Auto,TransUnion,R02,Mail,01/26/2025,02/19/2025,Closed
D0002552,C000025,OH,35-44,F007,Blake and Sons Credit,Trans Union,R05,Mail,26-Jul-2025,13-Aug-2025,Closed
D0004001,C000322,NY,65+,F021,Gray-Mayo Collections,EQF,R04,call center,04/07/2025,2025-05-04,Closed
D0003890,C000420,NC,65+,F009,Garcia-James Bank,transunion,R01,phone,09/02/2025,09/07/2025,Closed
D0001349,C000003,IL,25-34,F015,Williams and Sons Retail,TransUnion,R02,Mail,29-Jul-2026,09/13/2026,Closed
D0004027,C000361,CA,35-44,F001,"Rodriguez, Figueroa and Sanchez Collections",EQUIFAX,r01,call center,19-Jun-2026,23-Jun-2026,Closed
D0003153,C000298,IL,25-34,F014,"Mcclure, Ward and Lee Bank",Equifax,R09,Online,22-Apr-2025,04/30/2025,Closed
D0004575,C000034,WA,18-24,F018,"Flowers, Martin and Kelly Bank",TU,R06,mail,2025-10-01,2025-10-26,Closed
D0000803,C000126,TX,18-24,F016,Galloway-Wyatt Collections,EQF,R10,MAIL,2026-04-20,05/28/2026,Closed
D0004234,C000243,NY,25-34,F005,"Guzman, Hoffman and Baldwin Collections",TransUnion,r05,online,12-Dec-2025,02/03/2026,Closed
D0002187,C000790,PA,65+,F029,"Ross, Robinson and Bright Collections",transunion,R04,PHONE,,16-Feb-2025,Closed
D0000003,C000221,AZ,45-54,F025,"Walter, Edwards and Rios Bank",TU,R07,online,2026-06-09,,Open
D0002413,C000113,WA,35-44,F030,"Snyder, Campos and Callahan Collections",Trans Union,R02,MAIL,23-Jun-2025,19-Jul-2025,Closed
D0002171,C000374,MI,55-64,F002,Doyle Ltd Collections,Experian,R02,Phone,08/09/2026,2026-09-04,Closed
D0003905,C000244,NY,25-34,F009,Garcia-James Bank,EQF,R01,phone,07/26/2026,04-Aug-2026,Closed
D0002105,C000178,MI,18-24,F030,"Snyder, Campos and Callahan Collections",TransUnion,R02,Mail,09-Dec-2025,23-Jan-2026,Closed
D0004471,C000251,TX,45-54,F027,Baker and Sons Retail,transunion,R04,call center,2025-03-19,,Open
D0000191,C000752,CA,45-54,F003,"Mcclain, Miller and Henderson Bank",EQUIFAX,R09,Phone,08-Nov-2025,,Open
D0001289,C000047,NY,55-64,F010,Abbott-Munoz Retail,experian,R04,phone,02/27/2025,2025-03-21,Closed
D0001506,C000429,IL,55-64,F011,Blair PLC Retail,experian,R01,MAIL,16-Sep-2025,10/24/2025,Closed
D0002935,C000025,OH,35-44,F014,"Mcclure, Ward and Lee Bank",equifax,R07,mail,06/28/2025,07/24/2025,Closed
D0001887,C000273,MI,25-34,F024,Morales-Jones Auto,EXP,R01,phone,18-Sep-2025,2025-09-23,Closed
D0002658,C000730,TX,25-34,F022,"Watts, Robinson and Nguyen Bank",EQF,R02,ONLINE,29-Oct-2025,,Open
D0000606,C000725,MI,25-34,F016,Galloway-Wyatt Collections,EQF,R09,Phone,26-Dec-2025,2026-01-09,Closed
D0004320,C000662,AZ,35-44,F008,"Henderson, Ramirez and Lewis Auto",EQF,R04,phone,16-Jan-2025,02/12/2025,Closed
D0001227,C000106,NY,65+,F030,"Snyder, Campos and Callahan Collections",TransUnion,r10,MAIL,17-Feb-2026,01-Mar-2026,Closed
D0005588,C000160,PA,18-24,F001,"Rodriguez, Figueroa and Sanchez Collections",Trans Union,R03,Mail,04/04/2025,08-Apr-2025,Closed
D0001888,C000445,WA,35-44,F015,Williams and Sons Retail,EQF,R02,Phone,07-Apr-2025,2025-04-17,Closed
D0002651,C000143,CA,45-54,F019,"Adams, Zuniga and Wong Auto",Experian,R10,PHONE,07-Jun-2025,2025-06-14,Closed
D0000203,C000701,FL,25-34,F012,Dudley Group Auto,Experian,R05,Mail,2025-12-30,18-Jan-2026,Closed
D0001512,C000762,NC,25-34,F001,"Rodriguez, Figueroa and Sanchez Collections",Trans Union,R07,Phone,02/21/2026,22-Mar-2026,Closed
D0005969,C000744,PA,35-44,F010,Abbott-Munoz Retail,EQF,R10,phone,08/13/2026,2026-08-26,Closed
D0005911,C000318,MI,25-34,F011,Blair PLC Retail,TU,R06,ONLINE,11-Jun-2025,2025-07-01,Closed
D0005340,C000730,TX,25-34,F029,"Ross, Robinson and Bright Collections",EQUIFAX,R06,ONLINE,20-Apr-2025,05/06/2025,Closed
D0005013,C000648,CA,18-24,F018,"Flowers, Martin and Kelly Bank",EQUIFAX,R09,phone,29-May-2026,2026-06-02,Closed
D0002296,C000680,PA,35-44,F016,Galloway-Wyatt Collections,transunion,R02,Phone,08-Feb-2025,02/14/2025,Closed
D0000255,C000208,NC,35-44,F011,Blair PLC Retail,EQUIFAX,R06,MAIL,11-May-2025,,Open
D0001315,C000419,OH,18-24,F012,Dudley Group Auto,TU,R07,mail,12-Feb-2026,02/22/2026,Closed
D0003544,C000246,NY,65+,F011,Blair PLC Retail,EQUIFAX,R08,Phone,2026-08-16,03-Sep-2026,Closed
D0000731,C000148,NY,45-54,F005,"Guzman, Hoffman and Baldwin Collections",transunion,R06,Phone,05/07/2025,05/23/2025,Closed
D0005924,C000490,GA,35-44,F003,"Mcclain, Miller and Henderson Bank",TransUnion,R05,Online,04-Oct-2025,,Open
D0005787,C000245,PA,18-24,F017,James Group Collections,EXP,R05,Mail,10/25/2025,11/16/2025,Closed
D0003482,C000297,CA,35-44,F008,"Henderson, Ramirez and Lewis Auto",EXP,R07,MAIL,26-Mar-2025,2025-05-17,Closed
D0003688,C000254,GA,35-44,F019,"Adams, Zuniga and Wong Auto",equifax,R06,call center,07/19/2025,2025-08-16,Closed
D0003004,C000230,TX,65+,F016,Galloway-Wyatt Collections,EQF,R02,call center,2026-04-29,04-Jun-2026,Closed
D0005760,C000765,NY,55-64,F020,"Reid, Ferguson and Sanchez Bank",experian,R06,web,05-Mar-2025,,Closed
D0002344,C000772,OH,25-34,,Blake and Sons Credit,Experian,R09,mail,04/18/2025,29-Apr-2025,Closed
D0000631,C000555,MI,45-54,F028,"Hoffman, Baker and Richards Auto",experian,R07,Mail,2025-08-21,2025-09-13,Closed
D0002424,C000797,MI,65+,F010,Abbott-Munoz Retail,EQUIFAX,R03,Mail,12/04/2025,2025-12-18,Closed
D0002771,C000639,MI,18-24,F013,Arnold Ltd Bank,TransUnion,R06,Mail,01/14/2026,,Open
D0005992,C000358,MI,65+,F027,Baker and Sons Retail,TU,R02,Mail,01/27/2025,2025-02-22,Closed
D0000681,C000029,TX,45-54,F007,Blake and Sons Credit,transunion,R09,web,01/18/2026,2026-02-17,Closed
D0000693,C000173,MI,45-54,F008,"Henderson, Ramirez and Lewis Auto",Equifax,r03,phone,23-Aug-2026,09/20/2026,Closed
D0005488,C000727,AZ,45-54,F015,Williams and Sons Retail,EQUIFAX,R04,online,12/26/2025,2025-12-29,Closed
D0002175,C000125,CA,25-34,F009,Garcia-James Bank,experian,R05,PHONE,2026-02-05,2026-03-08,Closed
D0000332,C000640,FL,65+,F022,"Watts, Robinson and Nguyen Bank",TransUnion,R01,PHONE,2026-02-24,2026-04-06,Closed
D0002430,C000149,NY,35-44,F004,Davis and Sons Bank,EXP,r10,ONLINE,2025-07-10,2025-08-02,Closed
D0002799,C000425,GA,65+,F005,"Guzman, Hoffman and Baldwin Collections",transunion,R03,phone,04/17/2026,05/14/2026,Closed
D0005238,C000709,NY,25-34,F003,"Mcclain, Miller and Henderson Bank",Equifax,r04,Mail,07/21/2025,2025-07-28,Closed
D0004297,C000700,PA,25-34,F029,"Ross, Robinson and Bright Collections",Trans Union,R09,MAIL,27-Jul-2026,,Open
D0001581,C000228,PA,55-64,F027,Baker and Sons Retail,EQF,R03,Online,14-Aug-2026,09/02/2026,Closed
D0001101,C000800,PA,55-64,F012,Dudley Group Auto,Experian,R01,ONLINE,04/02/2025,26-Apr-2025,Closed
D0003398,C000571,NC,45-54,F025,"Walter, Edwards and Rios Bank",EQUIFAX,R08,online,09-Apr-2026,2026-04-27,Closed
D0000430,C000711,AZ,45-54,F014,"Mcclure, Ward and Lee Bank",Experian,R10,Phone,2025-12-08,2026-01-15,Closed
D0003288,C000108,NY,35-44,F030,"Snyder, Campos and Callahan Collections",TU,R08,online,08-Jan-2026,14-Jan-2026,Closed
D0003576,C000523,WA,45-54,F014,"Mcclure, Ward and Lee Bank",experian,R05,ONLINE,2025-10-13,04-Dec-2025,Closed
D0002586,C000551,CA,25-34,F023,Perez Inc Credit,UNK,R09,Online,2025-02-09,2025-02-23,Closed
D0004265,C000503,MI,25-34,F014,"Mcclure, Ward and Lee Bank",equifax,R07,Phone,01/28/2026,17-Feb-2026,Closed
D0005267,C000224,NY,65+,F015,Williams and Sons Retail,transunion,R07,MAIL,09-Jul-2026,05-Aug-2026,Closed
D0000234,C000302,GA,45-54,F010,Abbott-Munoz Retail,TU,R08,phone,06/21/2025,,Open
D0005748,C000381,CA,35-44,F027,Baker and Sons Retail,Trans Union,R01,MAIL,06/08/2025,06-Jul-2025,Closed
D0004785,C000084,OH,18-24,F027,Baker and Sons Retail,equifax,R04,mail,11-May-2026,05/29/2026,Closed
D0003613,C000669,MI,35-44,F029,"Ross, Robinson and Bright Collections",EXP,R05,ONLINE,04/22/2025,2025-05-11,Closed
D0000147,C000158,FL,45-54,F001,"Rodriguez, Figueroa and Sanchez Collections",TU,R08,Mail,,21-Apr-2026,Closed
D0002615,C000602,NC,35-44,F014,"Mcclure, Ward and Lee Bank",transunion,R01,ONLINE,2025-10-31,11/15/2025,Closed
D0004915,C000791,TX,45-54,F017,James Group Collections,TU,R07,PHONE,2025-05-29,2025-06-07,Closed
D0001931,C000622,NY,55-64,F023,Perez Inc Credit,equifax,r01,Mail,2025-12-19,06-Jan-2026,Closed
D0000851,C000110,PA,25-34,F001,"Rodriguez, Figueroa and Sanchez Collections",EXP,R10,MAIL,2025-11-25,02-Dec-2025,Closed
D0000029,C000148,NY,45-54,F011,Blair PLC Retail,Experian,R04,ONLINE,23-Nov-2025,2026-01-05,Closed
D0005204,C000508,MI,55-64,F011,Blair PLC Retail,Experian,r07,mail,2025-11-15,22-Nov-2025,Closed
D0002327,C000118,FL,25-34,F006,"Gardner, Robinson and Lawrence Credit",Trans Union,R05,MAIL,04/08/2026,05/06/2026,Closed
D0005620,C000376,MI,55-64,F008,"Henderson, Ramirez and Lewis Auto",UNK,r06,Mail,15-May-2026,06/03/2026,Closed
D0000239,C000707,OH,18-24,F006,"Gardner, Robinson and Lawrence Credit",transunion,R05,online,17-Nov-2025,2025-12-16,Closed
D0004174,C000689,IL,65+,F030,"Snyder, Campos and Callahan Collections",transunion,r06,web,23-Aug-2026,2026-10-10,Closed
D0003307,C000538,IL,65+,F021,Gray-Mayo Collections,experian,R01,online,2026-08-16,2026-09-17,Closed
D0003204,C000111,NC,65+,F029,"Ross, Robinson and Bright Collections",Trans Union,R07,Mail,2025-07-13,2025-07-16,Closed
D0000236,C000180,PA,18-24,F009,Garcia-James Bank,transunion,R07,web,2025-08-30,29-Sep-2025,Closed
D0002161,C000208,NC,35-44,F020,"Reid, Ferguson and Sanchez Bank",Equifax,R10,call center,,10/12/2025,Closed
D0003340,C000405,IL,18-24,F006,"Gardner, Robinson and Lawrence Credit",equifax,r02,web,16-Jan-2026,29-Jan-2026,Closed
D0002630,C000688,FL,55-64,F023,Perez Inc Credit,EQUIFAX,R05,online,02/19/2026,24-Mar-2026,Closed
D0004775,C000024,PA,18-24,F014,"Mcclure, Ward and Lee Bank",Experian,R09,Mail,2026-04-30,05/09/2026,Closed
D0002179,C000303,AZ,25-34,F003,"Mcclain, Miller and Henderson Bank",TU,R02,MAIL,2025-09-16,2025-10-11,Closed
D0001257,C000673,FL,45-54,F027,Baker and Sons Retail,TransUnion,R05,ONLINE,2025-09-15,08-Nov-2025,Closed
D0005982,C000660,MI,25-34,F004,Davis and Sons Bank,Experian,R10,phone,11/14/2025,,Open
D0002725,C000215,FL,65+,F010,Abbott-Munoz Retail,Equifax,r08,Mail,2025-02-18,,Closed
D0005060,C000287,AZ,45-54,F027,Baker and Sons Retail,TU,R05,Mail,2025-05-02,03-Jun-2025,Closed
D0000780,,CA,55-64,F008,"Henderson, Ramirez and Lewis Auto",equifax,R06,online,19-Feb-2026,03/22/2026,Closed
D0003180,C000608,NC,45-54,F017,James Group Collections,transunion,R06,ONLINE,2025-09-18,13-Oct-2025,Closed
D0002502,C000463,NC,35-44,F028,"Hoffman, Baker and Richards Auto",EXP,XX99,mail,01/29/2026,2026-02-14,Closed
D0000842,C000356,CA,25-34,F008,"Henderson, Ramirez and Lewis Auto",equifax,R08,MAIL,02/24/2025,,Open
D0002726,C000179,AZ,25-34,F002,Doyle Ltd Collections,Equifax,r09,online,2026-05-19,2026-06-06,Closed
D0005186,C000403,WA,65+,F022,"Watts, Robinson and Nguyen Bank",UNK,R10,Phone,15-Feb-2025,2025-02-28,Closed
D0005555,C000704,IL,25-34,F004,Davis and Sons Bank,EXP,R10,Mail,01/31/2026,,Open
D0003856,C000785,WA,65+,F010,Abbott-Munoz Retail,TU,R04,PHONE,2025-05-21,06/18/2025,Closed
D0001083,C000189,WA,35-44,F021,Gray-Mayo Collections,EQUIFAX,R03,Mail,24-Apr-2026,2026-05-10,Closed
D0000277,C000044,WA,65+,F007,Blake and Sons Credit,experian,R05,online,2025-04-21,,Open
D0003654,C000187,OH,35-44,F002,Doyle Ltd Collections,Experian,R09,Mail,17-Feb-2025,11-Mar-2025,Closed
D0001309,C000592,NC,65+,F013,Arnold Ltd Bank,EQF,R08,call center,2025-12-08,,Open
D0000708,C000376,MI,55-64,F022,"Watts, Robinson and Nguyen Bank",TransUnion,R04,Mail,01-Jan-2026,09-Jan-2026,Closed
D0005629,C000105,NC,25-34,F023,Perez Inc Credit,transunion,R04,online,2025-11-16,2025-12-02,Closed
D0005830,C000509,CA,55-64,F003,"Mcclain, Miller and Henderson Bank",EQF,R08,mail,03/28/2026,05/09/2026,Closed
D0002093,C000791,TX,45-54,F005,"Guzman, Hoffman and Baldwin Collections",transunion,R10,Phone,2026-04-30,28-May-2026,Closed
D0001668,C000765,NY,55-64,F009,Garcia-James Bank,transunion,R04,call center,28-Mar-2026,,Open
D0000127,C000705,IL,45-54,F030,"Snyder, Campos and Callahan Collections",Experian,R02,ONLINE,05/08/2026,06/01/2026,Closed
D0003988,C000797,MI,65+,,Gray-Mayo Collections,Equifax,R10,Mail,06/08/2026,,Open
D0004449,C000642,FL,65+,F017,James Group Collections,Experian,R06,ONLINE,2026-04-30,05/23/2026,Closed
D0005242,C000266,MI,35-44,F001,"Rodriguez, Figueroa and Sanchez Collections",transunion,R09,MAIL,2026-03-22,,Closed
D0005561,C000104,GA,18-24,F028,"Hoffman, Baker and Richards Auto",TU,R09,MAIL,2025-01-01,2025-01-12,Closed
D0000468,C000315,GA,55-64,F028,"Hoffman, Baker and Richards Auto",EQUIFAX,R08,online,2026-08-15,21-Aug-2026,Closed
D0003026,C000512,FL,35-44,F001,"Rodriguez, Figueroa and Sanchez Collections",TransUnion,R10,online,10/15/2025,2025-11-03,Closed
D0002160,C000673,FL,45-54,F007,Blake and Sons Credit,TransUnion,R01,call center,15-Oct-2025,06-Dec-2025,Closed
D0004778,C000495,TX,55-64,F007,Blake and Sons Credit,EXP,R03,mail,19-Mar-2025,04/12/2025,Closed
D0005809,C000155,TX,25-34,F018,"Flowers, Martin and Kelly Bank",Trans Union,R07,call center,23-Apr-2026,2026-05-14,Closed
D0004330,C000586,NC,45-54,F030,"Snyder, Campos and Callahan Collections",Equifax,r04,ONLINE,2025-01-14,19-Feb-2025,Closed
D0001326,C000754,TX,45-54,F030,"Snyder, Campos and Callahan Collections",EQUIFAX,r04,PHONE,2025-04-15,04/22/2025,Closed
D0002165,C000218,IL,55-64,F028,"Hoffman, Baker and Richards Auto",equifax,R05,web,07/27/2026,08/01/2026,Closed
D0000198,C000500,FL,18-24,F013,Arnold Ltd Bank,EXP,R07,mail,09-Aug-2026,09/04/2026,Closed
D0002981,C000323,WA,18-24,F028,"Hoffman, Baker and Richards Auto",Experian,R03,online,05/14/2026,2026-05-19,Closed
D0005420,C000316,TX,45-54,F017,James Group Collections,Experian,R07,Mail,03/27/2026,2026-04-10,Closed
D0003650,,NC,25-34,F016,Galloway-Wyatt Collections,Equifax,R03,ONLINE,03/27/2026,01-Apr-2026,Closed
D0002722,C000269,OH,65+,F019,"Adams, Zuniga and Wong Auto",experian,R04,MAIL,18-May-2025,06/08/2025,Closed
D0003144,C000242,MI,65+,F015,Williams and Sons Retail,EXP,R06,Mail,30-Jan-2025,08-Feb-2025,Closed
D0004168,C000190,FL,35-44,F025,"Walter, Edwards and Rios Bank",TransUnion,R07,mail,02/28/2025,03/08/2025,Closed
D0002747,C000762,NC,25-34,F030,"Snyder, Campos and Callahan Collections",Equifax,R10,mail,05-Aug-2025,,Open
D0001311,C000380,GA,25-34,F015,Williams and Sons Retail,equifax,R08,Mail,03/08/2026,,Open
D0001749,C000325,FL,25-34,F007,Blake and Sons Credit,experian,R10,ONLINE,04/11/2026,04/19/2026,Closed
D0000818,C000351,NY,65+,F023,Perez Inc Credit,TransUnion,R05,PHONE,2025-03-04,2025-03-08,Closed
D0002992,C000255,IL,25-34,F005,"Guzman, Hoffman and Baldwin Collections",Equifax,R08,online,2026-01-02,01/30/2026,Closed
D0002300,,OH,55-64,F023,Perez Inc Credit,Trans Union,R01,mail,01/04/2026,02/10/2026,Closed
D0004529,C000257,AZ,25-34,F004,Davis and Sons Bank,TU,R10,mail,14-Oct-2025,11/20/2025,Closed
D0004205,C000724,NC,35-44,F026,Wilkerson-Day Collections,EXP,R01,PHONE,2025-12-26,01/25/2026,Closed
D0002743,C000213,NY,35-44,F009,Garcia-James Bank,Experian,R06,online,2025-03-08,19-Mar-2025,Closed
D0003094,C000708,GA,18-24,F026,Wilkerson-Day Collections,Experian,R01,mail,,2025-12-06,Closed
D0004031,C000643,TX,45-54,F017,James Group Collections,EXP,R10,Phone,2026-01-07,21-Feb-2026,Closed
D0000419,C000537,GA,65+,F030,"Snyder, Campos and Callahan Collections",transunion,R07,phone,31-May-2026,06/11/2026,Closed
D0001472,C000626,GA,18-24,F017,James Group Collections,Trans Union,R06,web,04-Dec-2025,03-Jan-2026,Closed
D0004791,C000173,MI,45-54,F014,"Mcclure, Ward and Lee Bank",transunion,R03,online,,12/06/2025,Closed
D0001059,C000402,MI,55-64,F006,"Gardner, Robinson and Lawrence Credit",Trans Union,R05,call center,07/23/2026,22-Jul-2026,Closed
D0003810,C000677,MI,35-44,F011,Blair PLC Retail,EXP,R04,Online,10/17/2025,22-Oct-2025,Closed
D0002790,C000402,MI,55-64,F002,Doyle Ltd Collections,experian,r02,PHONE,19-Feb-2025,2025-02-23,Closed
D0002994,C000502,MI,55-64,F008,"Henderson, Ramirez and Lewis Auto",Experian,r03,Online,16-Jan-2025,2025-01-29,Closed
D0005201,C000560,AZ,18-24,F002,Doyle Ltd Collections,TransUnion,R03,Phone,2026-07-17,02-Sep-2026,Closed
D0003709,C000383,FL,45-54,F020,"Reid, Ferguson and Sanchez Bank",Experian,R10,ONLINE,03/20/2026,13-Apr-2026,Closed
D0000884,C000363,PA,55-64,F017,James Group Collections,equifax,see notes,online,2025-07-11,,Open
D0003734,C000174,NC,55-64,F001,"Rodriguez, Figueroa and Sanchez Collections",Trans Union,R02,ONLINE,20-Jan-2026,03/01/2026,Closed
D0001298,C000768,NC,35-44,F019,"Adams, Zuniga and Wong Auto",Trans Union,R03,Online,2026-08-31,2026-09-08,Closed
D0005460,C000034,WA,18-24,F008,"Henderson, Ramirez and Lewis Auto",TU,R01,PHONE,21-Mar-2025,12-Apr-2025,Closed
D0000698,C000306,AZ,18-24,F004,Davis and Sons Bank,Experian,R10,Phone,02/27/2026,2026-03-02,Closed
D0003861,C000758,CA,18-24,F014,"Mcclure, Ward and Lee Bank",EQUIFAX,R09,Mail,01/03/2025,08-Jan-2025,Closed
D0000378,C000513,AZ,18-24,F024,Morales-Jones Auto,TransUnion,R01,web,2026-01-19,03/03/2026,Closed
D0004668,C000593,IL,45-54,F008,"Henderson, Ramirez and Lewis Auto",experian,R07,call center,2025-12-02,2025-12-05,Closed
D0005879,C000011,FL,55-64,F019,"Adams, Zuniga and Wong Auto",experian,R08,call center,2025-05-15,,Open
D0004504,C000634,OH,65+,F027,Baker and Sons Retail,EXP,R10,phone,03-Sep-2025,19-Oct-2025,Closed
D0004765,C000421,OH,18-24,F022,"Watts, Robinson and Nguyen Bank",Experian,R08,web,07/26/2025,2025-07-30,Closed
D0005163,C000552,GA,55-64,F027,Baker and Sons Retail,TransUnion,R09,ONLINE,2025-12-13,19-Dec-2025,Closed
D0004621,C000374,MI,55-64,F028,"Hoffman, Baker and Richards Auto",Trans Union,R10,phone,10-Jan-2026,01/16/2026,Closed
D0004566,C000557,TX,45-54,F020,"Reid, Ferguson and Sanchez Bank",EQUIFAX,see notes,ONLINE,03/08/2026,03/25/2026,Closed
D0001910,C000162,GA,35-44,F012,Dudley Group Auto,experian,R08,web,2026-01-22,03-Feb-2026,Closed
D0001356,C000456,FL,45-54,F021,Gray-Mayo Collections,TU,R06,PHONE,09-Apr-2025,05/31/2025,Closed
D0003161,C000206,AZ,55-64,F005,"Guzman, Hoffman and Baldwin Collections",Trans Union,R08,online,04/20/2026,2026-06-12,Closed
D0004744,C000468,WA,25-34,F009,Garcia-James Bank,EQUIFAX,R02,web,09/01/2026,2026-10-07,Closed
D0005698,C000356,CA,25-34,F028,"Hoffman, Baker and Richards Auto",TU,R03,online,2026-02-28,14-Mar-2026,Closed
D0000942,C000190,FL,35-44,F015,Williams and Sons Retail,EQF,R03,online,25-May-2026,2026-06-02,Closed
D0001335,C000138,OH,45-54,F008,"Henderson, Ramirez and Lewis Auto",transunion,R07,web,2026-06-12,2026-07-01,Closed
D0003879,C000410,FL,18-24,F022,"Watts, Robinson and Nguyen Bank",EXP,R08,mail,24-May-2026,07-Jun-2026,Closed
D0003706,C000369,CA,45-54,F020,"Reid, Ferguson and Sanchez Bank",EQUIFAX,R03,mail,2025-07-09,07/27/2025,Closed
D0004481,C000336,NC,45-54,F002,Doyle Ltd Collections,Experian,R04,mail,05/01/2025,28-May-2025,Closed
D0004195,C000748,FL,35-44,F027,Baker and Sons Retail,equifax,R03,Phone,24-Jun-2025,06/28/2025,Closed
D0003937,C000222,IL,18-24,F028,"Hoffman, Baker and Richards Auto",transunion,R08,call center,2025-09-30,09-Oct-2025,Closed
D0000149,C000140,WA,18-24,F024,Morales-Jones Auto,TransUnion,R09,online,02/05/2026,2026-03-17,Closed
D0002687,C000576,GA,18-24,F020,"Reid, Ferguson and Sanchez Bank",experian,R08,Mail,05-Jun-2026,06/23/2026,Closed
D0005303,C000118,FL,25-34,F001,"Rodriguez, Figueroa and Sanchez Collections",Experian,R06,Mail,2025-12-28,2026-01-23,Closed
D0002826,C000791,TX,45-54,F009,Garcia-James Bank,experian,R09,Mail,2025-06-19,2025-07-11,Closed
D0001713,C000219,GA,35-44,F020,"Reid, Ferguson and Sanchez Bank",Experian,R09,ONLINE,04-Jul-2026,,Open
D0001237,C000656,NY,18-24,F019,"Adams, Zuniga and Wong Auto",TransUnion,R03,online,04/28/2025,,Open
D0001236,C000730,TX,25-34,F012,Dudley Group Auto,EXP,r08,PHONE,2025-07-20,2025-08-14,Closed
D0004576,C000774,CA,25-34,F012,Dudley Group Auto,TU,r05,Mail,12-Jun-2026,2026-07-05,Closed
D0005062,C000211,TX,18-24,F018,"Flowers, Martin and Kelly Bank",Experian,r03,MAIL,01-May-2026,25-May-2026,Closed
D0003272,C000580,WA,45-54,F029,"Ross, Robinson and Bright Collections",transunion,R08,Phone,2026-01-19,2026-03-06,Closed
D0000688,C000640,FL,65+,F024,Morales-Jones Auto,transunion,R09,Online,10/11/2025,21-Oct-2025,Closed
D0001077,C000788,CA,18-24,F007,Blake and Sons Credit,EXP,R01,Phone,2025-08-27,2025-08-30,Closed
D0005512,C000346,IL,35-44,F030,"Snyder, Campos and Callahan Collections",Trans Union,R06,Phone,10-Oct-2025,10/16/2025,Closed
D0003947,C000500,FL,18-24,F002,Doyle Ltd Collections,Trans Union,R04,Phone,11/30/2025,2025-12-15,Closed
D0003122,C000367,FL,35-44,F002,Doyle Ltd Collections,EQUIFAX,R01,PHONE,28-Aug-2026,2026-09-06,Closed
D0000762,C000188,FL,65+,F014,"Mcclure, Ward and Lee Bank",transunion,R09,MAIL,2026-08-09,,Open
D0003929,C000422,PA,45-54,F016,Galloway-Wyatt Collections,Equifax,R01,online,22-Feb-2026,04/02/2026,Closed
D0005465,C000542,TX,55-64,F012,Dudley Group Auto,Experian,R02,Online,04/12/2026,2026-04-27,Closed
D0004259,C000725,MI,25-34,F019,"Adams, Zuniga and Wong Auto",experian,R02,MAIL,01/08/2025,02/14/2025,Closed
D0004940,C000756,FL,65+,F015,Williams and Sons Retail,Equifax,R05,MAIL,12-Oct-2025,2025-10-20,Closed
D0002238,C000648,CA,18-24,F007,Blake and Sons Credit,TU,R07,PHONE,07/10/2025,07/25/2025,Closed
D0004535,C000038,TX,45-54,F020,"Reid, Ferguson and Sanchez Bank",EQUIFAX,R01,online,12/22/2025,03-Jan-2026,Closed
D0000183,C000511,FL,65+,F012,Dudley Group Auto,experian,R05,online,20-Apr-2026,04/25/2026,Closed
D0001524,C000756,FL,65+,F010,Abbott-Munoz Retail,EXP,R01,Online,2025-10-20,,Open
D0002477,C000276,CA,55-64,F019,"Adams, Zuniga and Wong Auto",Equifax,R02,Online,29-Mar-2025,16-Apr-2025,Closed
D0002434,C000704,IL,25-34,F004,Davis and Sons Bank,TransUnion,R06,Mail,2026-08-01,08/06/2026,Closed
D0001542,C000141,AZ,65+,F005,"Guzman, Hoffman and Baldwin Collections",TransUnion,R08,web,2026-05-24,10-Jul-2026,Closed
D0001550,C000747,GA,45-54,F003,"Mcclain, Miller and Henderson Bank",Equifax,R10,mail,06/22/2026,07/24/2026,Closed
D0003281,C000498,NY,55-64,F011,Blair PLC Retail,Equifax,R03,MAIL,2025-12-27,2026-01-02,Closed
D0005624,C000095,NY,55-64,F013,Arnold Ltd Bank,Trans Union,XX99,ONLINE,21-Aug-2025,2025-08-24,Closed
D0005403,C000482,NY,35-44,F017,James Group Collections,EXP,R01,Mail,08/25/2025,02-Sep-2025,Closed
D0005058,C000101,CA,25-34,F006,"Gardner, Robinson and Lawrence Credit",TU,R08,Mail,2025-07-21,04-Aug-2025,Closed
D0004948,C000222,IL,18-24,F007,Blake and Sons Credit,EQUIFAX,R04,phone,08-Mar-2025,2025-03-18,Closed
D0000725,C000618,WA,45-54,F020,"Reid, Ferguson and Sanchez Bank",TransUnion,R05,phone,13-Apr-2025,24-Apr-2025,Closed
D0003401,,MI,65+,F022,"Watts, Robinson and Nguyen Bank",EXP,r05,ONLINE,29-May-2025,2025-06-10,Closed
D0005988,C000461,NC,35-44,F023,Perez Inc Credit,experian,R03,online,2025-08-11,2025-09-04,Closed
D0004146,C000626,GA,18-24,F025,"Walter, Edwards and Rios Bank",transunion,R08,PHONE,07-Apr-2026,05/27/2026,Closed
D0003794,C000746,OH,25-34,F017,James Group Collections,EXP,R04,Online,2025-08-15,,Open
D0005462,C000254,GA,35-44,F018,"Flowers, Martin and Kelly Bank",TransUnion,R05,MAIL,15-Jun-2026,07-Jul-2026,Closed
D0002828,C000240,TX,35-44,F008,"Henderson, Ramirez and Lewis Auto",EQF,R01,PHONE,08/27/2025,2025-09-05,Closed
D0003971,C000042,OH,25-34,F013,Arnold Ltd Bank,transunion,R06,web,31-Jul-2025,15-Sep-2025,Closed
D0002203,C000795,NY,18-24,F006,"Gardner, Robinson and Lawrence Credit",EXP,R03,web,2025-02-13,14-Mar-2025,Closed
D0002478,C000214,IL,55-64,F007,Blake and Sons Credit,EQUIFAX,R07,call center,07-Apr-2025,12-Apr-2025,Closed
D0001360,C000237,CA,35-44,F026,Wilkerson-Day Collections,EXP,R10,MAIL,12/20/2025,17-Dec-2025,Closed
D0004405,C000101,CA,25-34,F027,Baker and Sons Retail,EQF,r07,Mail,31-Mar-2026,16-Apr-2026,Closed
D0003902,C000572,PA,18-24,F006,"Gardner, Robinson and Lawrence Credit",transunion,R10,PHONE,17-Jan-2025,03/13/2025,Closed
D0004958,C000509,CA,55-64,F027,Baker and Sons Retail,Equifax,R06,Mail,04/04/2025,2025-05-06,Closed
D0003866,C000163,PA,65+,F003,"Mcclain, Miller and Henderson Bank",experian,R10,Mail,2025-09-29,07-Oct-2025,Closed
D0003235,C000148,NY,45-54,F016,Galloway-Wyatt Collections,experian,r10,phone,2025-04-11,05/16/2025,Closed
D0005981,C000023,TX,18-24,F016,Galloway-Wyatt Collections,EQF,R01,ONLINE,2026-02-21,21-Mar-2026,Closed
D0005598,C000420,NC,65+,F020,"Reid, Ferguson and Sanchez Bank",transunion,r03,phone,2026-06-27,07/08/2026,Closed
D0000243,C000153,CA,65+,F021,Gray-Mayo Collections,EQUIFAX,R07,Online,,01/12/2025,Closed
D0005009,C000681,CA,55-64,F017,James Group Collections,equifax,R03,ONLINE,2025-02-15,03/01/2025,Closed
D0005388,C000717,AZ,65+,F019,"Adams, Zuniga and Wong Auto",Experian,R08,Online,10/25/2025,13-Nov-2025,Closed
D0004584,C000240,TX,35-44,F004,Davis and Sons Bank,experian,R02,Mail,14-Feb-2025,24-Mar-2025,Closed
D0002283,C000633,AZ,18-24,F004,Davis and Sons Bank,experian,R02,mail,2025-02-28,,Open
D0005811,C000082,AZ,55-64,F008,"Henderson, Ramirez and Lewis Auto",experian,R06,phone,05/17/2025,2025-06-15,Closed
D0004757,C000521,FL,35-44,F024,Morales-Jones Auto,TransUnion,R06,web,14-Mar-2025,2025-04-29,Closed
D0001164,C000278,WA,65+,F025,"Walter, Edwards and Rios Bank",TransUnion,R04,ONLINE,10/23/2025,12-Nov-2025,Closed
D0004697,C000535,MI,35-44,F001,"Rodriguez, Figueroa and Sanchez Collections",EQF,R08,Phone,09/27/2025,2025-10-14,Closed
D0002096,C000557,TX,45-54,F019,"Adams, Zuniga and Wong Auto",EQUIFAX,R04,phone,2025-11-24,2026-01-06,Closed
D0001242,C000604,WA,35-44,F002,Doyle Ltd Collections,EXP,R03,ONLINE,06/23/2026,28-Jun-2026,Closed
D0005681,C000338,GA,45-54,F001,"Rodriguez, Figueroa and Sanchez Collections",EQF,R02,Online,20-Aug-2025,08/24/2025,Closed
D0002585,C000388,CA,65+,F024,Morales-Jones Auto,EQF,R08,call center,28-Mar-2025,07-Apr-2025,Closed
D0001943,C000738,WA,55-64,F023,Perez Inc Credit,EQF,R02,ONLINE,27-Aug-2026,09/21/2026,Closed
D0002223,C000487,TX,18-24,F009,Garcia-James Bank,equifax,R01,MAIL,26-Feb-2025,17-Apr-2025,Closed
D0001186,C000160,PA,18-24,F002,Doyle Ltd Collections,EXP,R09,ONLINE,2025-08-03,2025-08-07,Closed
D0000393,C000676,MI,35-44,F030,"Snyder, Campos and Callahan Collections",EXP,R05,web,06/13/2025,26-Jun-2025,Closed
D0005042,C000017,GA,55-64,F028,"Hoffman, Baker and Richards Auto",Experian,R09,PHONE,22-Apr-2026,2026-05-09,Closed
D0002928,C000687,FL,65+,F021,Gray-Mayo Collections,Equifax,other,call center,14-Jul-2025,,Open
D0000920,C000356,CA,25-34,F014,"Mcclure, Ward and Lee Bank",EXP,R05,Phone,02/04/2025,07-Feb-2025,Closed
D0002144,C000122,MI,25-34,F021,Gray-Mayo Collections,transunion,R06,MAIL,03-Sep-2025,2025-09-16,Closed
D0003289,C000331,AZ,55-64,F024,Morales-Jones Auto,Trans Union,R01,mail,07-Mar-2025,17-Mar-2025,Closed
D0001002,C000389,NC,18-24,F002,Doyle Ltd Collections,TransUnion,R02,Mail,10-Jan-2025,01/27/2025,Closed
D0005172,C000484,NC,35-44,F008,"Henderson, Ramirez and Lewis Auto",experian,R06,Mail,01/18/2025,,Open
D0000879,C000560,AZ,18-24,F013,Arnold Ltd Bank,transunion,R10,MAIL,03/26/2026,2026-04-20,Closed
D0002145,C000670,AZ,45-54,F027,Baker and Sons Retail,EQUIFAX,R05,Mail,2025-03-06,11-Mar-2025,Closed
D0005918,C000502,MI,55-64,F025,"Walter, Edwards and Rios Bank",equifax,r05,call center,23-May-2025,05/31/2025,Closed
D0004608,C000277,NC,65+,F020,"Reid, Ferguson and Sanchez Bank",Trans Union,R09,phone,02/15/2025,,Open
D0005845,,NY,35-44,F026,Wilkerson-Day Collections,Experian,R07,online,11-Feb-2026,2026-03-09,Closed
D0002887,C000066,IL,65+,F016,Galloway-Wyatt Collections,Trans Union,R02,mail,03/15/2025,03/22/2025,Closed
D0002532,C000744,PA,35-44,F020,"Reid, Ferguson and Sanchez Bank",TU,R06,call center,2025-11-17,12/29/2025,Closed
D0001419,C000059,OH,25-34,F005,"Guzman, Hoffman and Baldwin Collections",TransUnion,R10,web,01/19/2026,01-Feb-2026,Closed
D0002256,C000756,FL,65+,F027,Baker and Sons Retail,Trans Union,R06,Mail,11/11/2025,,Open
D0003155,C000622,NY,55-64,F028,"Hoffman, Baker and Richards Auto",equifax,R05,PHONE,2025-08-09,27-Aug-2025,Closed
D0005717,C000642,FL,65+,F003,"Mcclain, Miller and Henderson Bank",Trans Union,R10,Mail,05/14/2026,,Open
D0005665,C000095,NY,55-64,F019,"Adams, Zuniga and Wong Auto",TU,R05,web,12-Nov-2025,,Open
D0002595,C000338,GA,45-54,F016,Galloway-Wyatt Collections,EQF,R04,phone,07/05/2026,2026-08-02,Closed
D0002233,C000617,WA,45-54,F027,Baker and Sons Retail,equifax,R05,MAIL,06/10/2026,29-Jun-2026,Closed
D0001269,C000690,WA,65+,F030,"Snyder, Campos and Callahan Collections",Equifax,R03,online,04/24/2026,22-May-2026,Closed
D0001008,C000701,FL,25-34,F008,"Henderson, Ramirez and Lewis Auto",Equifax,R10,MAIL,13-Sep-2025,06-Nov-2025,Closed
D0004564,C000129,IL,65+,F004,Davis and Sons Bank,TU,R06,web,05/23/2026,29-May-2026,Closed
D0000018,C000560,AZ,18-24,F011,Blair PLC Retail,Trans Union,other,Online,06/29/2025,24-Jul-2025,Closed
D0001066,C000485,WA,25-34,F011,Blair PLC Retail,EQUIFAX,R10,MAIL,2025-12-15,,Open
D0002821,C000654,MI,65+,F001,"Rodriguez, Figueroa and Sanchez Collections",equifax,,Online,18-Mar-2026,,Open
D0002134,C000786,NC,35-44,F016,Galloway-Wyatt Collections,Experian,R01,Online,03-Apr-2026,2026-04-17,Closed
D0001094,C000308,AZ,65+,F004,Davis and Sons Bank,EXP,R07,call center,18-Jan-2025,05-Mar-2025,Closed
D0003958,C000585,NC,18-24,F013,Arnold Ltd Bank,TransUnion,R08,Online,04/14/2026,,Open
D0001717,C000673,FL,45-54,F009,Garcia-James Bank,TU,R06,web,10-Jul-2025,,Open
D0002872,C000253,FL,25-34,F027,Baker and Sons Retail,Equifax,r01,MAIL,03/16/2026,,Open
D0003465,C000626,GA,18-24,F018,"Flowers, Martin and Kelly Bank",TransUnion,R06,Online,2026-06-06,09-Jul-2026,Closed
D0004824,C000030,TX,55-64,F004,Davis and Sons Bank,Experian,R01,Phone,30-Dec-2025,13-Feb-2026,Closed
D0005779,C000685,IL,25-34,F010,Abbott-Munoz Retail,EXP,R01,phone,09-Feb-2026,06-Mar-2026,Closed
D0005270,C000562,PA,65+,F022,"Watts, Robinson and Nguyen Bank",EXP,R05,MAIL,09-Jul-2026,20-Jul-2026,Closed
D0003927,C000061,PA,65+,F020,"Reid, Ferguson and Sanchez Bank",EQUIFAX,R04,mail,2025-02-01,,Open
D0005437,C000768,NC,35-44,F020,"Reid, Ferguson and Sanchez Bank",transunion,R10,online,2025-09-24,10/20/2025,Closed
D0003374,C000645,WA,18-24,F001,"Rodriguez, Figueroa and Sanchez Collections",TU,R07,PHONE,2025-06-29,27-Jul-2025,Closed
D0001181,C000308,AZ,65+,F001,"Rodriguez, Figueroa and Sanchez Collections",EQUIFAX,R10,call center,09-Aug-2025,,Closed
D0000552,C000466,IL,35-44,F014,"Mcclure, Ward and Lee Bank",Trans Union,R05,ONLINE,02/19/2025,03/21/2025,Closed
D0001183,C000279,WA,65+,F007,Blake and Sons Credit,TU,R10,PHONE,2026-05-03,05/21/2026,Closed
D0002637,,MI,35-44,,"Ross, Robinson and Bright Collections",Experian,R04,ONLINE,2025-06-13,05-Jul-2025,Closed
D0003579,C000177,NY,18-24,F012,Dudley Group Auto,TransUnion,R07,online,2025-11-03,,Open
D0004598,C000283,MI,35-44,F029,"Ross, Robinson and Bright Collections",transunion,R03,mail,08/27/2026,,Open
D0003987,C000727,AZ,45-54,F016,Galloway-Wyatt Collections,EXP,R01,Phone,2025-10-20,2025-12-10,Closed
D0005590,C000651,OH,45-54,,Arnold Ltd Bank,experian,R02,phone,09/08/2025,27-Sep-2025,Closed
D0003862,C000025,OH,35-44,F012,Dudley Group Auto,Equifax,R06,online,08-Apr-2026,04/19/2026,Closed
D0001320,C000057,TX,25-34,F012,Dudley Group Auto,Equifax,R09,Mail,03/10/2025,2025-03-25,Closed
D0005793,C000658,MI,65+,F010,Abbott-Munoz Retail,equifax,R09,Online,06/21/2025,,Open
D0005398,C000684,WA,45-54,F006,"Gardner, Robinson and Lawrence Credit",TU,R08,mail,30-Mar-2026,04/29/2026,Closed
D0000853,C000665,GA,35-44,F008,"Henderson, Ramirez and Lewis Auto",Trans Union,other,Phone,30-Aug-2026,2026-09-09,Closed
D0004639,C000004,FL,25-34,F019,"Adams, Zuniga and Wong Auto",Equifax,R04,MAIL,,05-Feb-2025,Closed
D0001741,C000198,NC,25-34,F029,"Ross, Robinson and Bright Collections",TU,R01,MAIL,2025-10-09,10/28/2025,Closed
D0002740,C000650,IL,35-44,F003,"Mcclain, Miller and Henderson Bank",experian,r06,Online,05/01/2026,2026-05-19,Closed
D0004456,C000110,PA,25-34,F027,Baker and Sons Retail,Equifax,R09,ONLINE,2026-01-18,2026-02-15,Closed
D0001061,C000054,CA,25-34,F019,"Adams, Zuniga and Wong Auto",Equifax,R02,ONLINE,05-Jan-2026,2026-01-23,Closed
D0003603,C000314,CA,25-34,F029,"Ross, Robinson and Bright Collections",TU,,Phone,19-Jul-2025,08/05/2025,Closed
D0004277,C000574,OH,55-64,F018,"Flowers, Martin and Kelly Bank",experian,R09,Mail,05/21/2025,11-Jun-2025,Closed
D0001847,C000124,WA,65+,F005,"Guzman, Hoffman and Baldwin Collections",Equifax,R09,web,10-May-2026,,Closed
D0000045,C000689,IL,65+,F026,Wilkerson-Day Collections,EXP,R02,mail,2025-11-12,10-Nov-2025,Closed
D0001613,C000623,MI,35-44,F020,"Reid, Ferguson and Sanchez Bank",Equifax,R09,Mail,2025-01-14,01/29/2025,Closed
D0003187,C000149,NY,35-44,F026,Wilkerson-Day Collections,EXP,R04,online,06-Jun-2025,26-Jun-2025,Closed
D0000383,C000419,OH,18-24,F015,Williams and Sons Retail,EQUIFAX,r02,mail,2025-04-22,04-May-2025,Closed
D0004583,C000182,MI,55-64,F005,"Guzman, Hoffman and Baldwin Collections",EQF,r02,MAIL,20-Dec-2025,2025-12-30,Closed
D0000352,C000298,IL,25-34,F015,Williams and Sons Retail,EQF,R06,Online,2025-07-19,2025-08-30,Closed
D0005198,C000401,OH,25-34,F007,Blake and Sons Credit,transunion,R02,phone,2025-02-27,2025-03-23,Closed
D0004111,C000218,IL,55-64,F013,Arnold Ltd Bank,experian,R04,mail,2025-11-22,,Open
D0003185,C000556,AZ,45-54,F017,James Group Collections,Experian,R07,Online,08-Apr-2026,27-May-2026,Closed
D0005544,C000056,PA,35-44,F015,Williams and Sons Retail,EQUIFAX,R03,call center,03/07/2026,13-Apr-2026,Closed
D0004662,C000673,FL,45-54,F023,Perez Inc Credit,Trans Union,R02,MAIL,04-Aug-2025,2025-09-15,Closed
D0005701,C000440,GA,35-44,F013,Arnold Ltd Bank,TransUnion,R10,Mail,10/13/2025,2025-11-19,Closed
D0005556,C000171,WA,35-44,F021,Gray-Mayo Collections,transunion,R10,mail,07-Jul-2025,22-Jul-2025,Closed
D0005017,C000053,AZ,35-44,F014,"Mcclure, Ward and Lee Bank",Trans Union,R08,mail,2025-02-02,21-Mar-2025,Closed
D0000672,C000384,OH,35-44,F007,Blake and Sons Credit,EQF,see notes,MAIL,11/08/2025,26-Nov-2025,Closed
D0001025,C000171,WA,35-44,F018,"Flowers, Martin and Kelly Bank",transunion,R07,online,06/26/2026,2026-08-12,Closed
D0004497,C000470,WA,55-64,F018,"Flowers, Martin and Kelly Bank",TU,R10,mail,2025-03-14,2025-04-09,Closed
D0001195,C000235,NY,18-24,F005,"Guzman, Hoffman and Baldwin Collections",EQF,R10,online,2026-07-20,27-Jul-2026,Closed
D0005660,C000561,NY,35-44,F006,"Gardner, Robinson and Lawrence Credit",Experian,R01,Mail,2026-02-15,03/07/2026,Closed
D0003007,C000402,MI,55-64,F020,"Reid, Ferguson and Sanchez Bank",Equifax,R02,online,18-Jul-2025,08/15/2025,Closed
D0002749,C000172,CA,18-24,F023,Perez Inc Credit,Equifax,R02,MAIL,07/11/2026,05-Aug-2026,Closed
D0001634,C000700,PA,25-34,F015,Williams and Sons Retail,EQF,XX99,Online,02-Aug-2025,2025-08-09,Closed
D0005106,C000591,WA,35-44,F017,James Group Collections,TU,R06,call center,09-Aug-2025,08/22/2025,Closed
D0005727,C000306,AZ,18-24,F030,"Snyder, Campos and Callahan Collections",Trans Union,R05,Online,27-Jun-2026,2026-07-09,Closed
D0002053,C000120,CA,55-64,F001,"Rodriguez, Figueroa and Sanchez Collections",Trans Union,R05,Mail,2026-01-19,02/16/2026,Closed
D0004848,C000610,NC,55-64,F030,"Snyder, Campos and Callahan Collections",experian,R03,ONLINE,05-Jan-2026,01/14/2026,Closed
D0002133,C000667,NY,18-24,F010,Abbott-Munoz Retail,Trans Union,R05,PHONE,,13-Oct-2025,Closed
D0004023,C000664,AZ,18-24,F004,Davis and Sons Bank,experian,R10,MAIL,08-Feb-2026,02/27/2026,Closed
D0002282,C000143,CA,45-54,F010,Abbott-Munoz Retail,EQUIFAX,R08,Online,2025-10-03,17-Oct-2025,Closed
D0001545,C000364,WA,65+,F009,Garcia-James Bank,Trans Union,R06,web,19-Oct-2025,,Closed
D0000756,C000138,OH,45-54,F013,Arnold Ltd Bank,Trans Union,R06,web,11/27/2025,13-Dec-2025,Closed
D0003882,C000700,PA,25-34,F007,Blake and Sons Credit,Equifax,R08,Phone,2025-04-10,2025-05-31,Closed
D0002331,C000696,MI,35-44,F005,"Guzman, Hoffman and Baldwin Collections",TransUnion,R01,Online,26-Jan-2026,27-Feb-2026,Closed
D0005411,C000340,AZ,35-44,F001,"Rodriguez, Figueroa and Sanchez Collections",EXP,r02,Phone,2026-05-29,2026-07-11,Closed
D0000761,C000198,NC,25-34,F028,"Hoffman, Baker and Richards Auto",EQUIFAX,r04,Online,02/26/2025,03/13/2025,Closed
D0005467,C000482,NY,35-44,F019,"Adams, Zuniga and Wong Auto",EXP,R06,Online,01/24/2025,2025-02-14,Closed
D0003089,C000168,FL,18-24,F007,Blake and Sons Credit,equifax,r02,PHONE,2026-03-12,03/31/2026,Closed
D0002589,C000043,AZ,35-44,F016,Galloway-Wyatt Collections,Experian,R02,Online,01/14/2025,10-Feb-2025,Closed
D0005536,C000571,NC,45-54,F007,Blake and Sons Credit,experian,R06,PHONE,16-Apr-2026,2026-05-29,Closed
D0000864,C000799,WA,35-44,F017,James Group Collections,Experian,R01,online,2025-05-10,,Open
D0003295,C000079,IL,55-64,F021,Gray-Mayo Collections,Experian,r02,web,05/26/2025,2025-06-18,Closed
D0005599,C000164,WA,55-64,F005,"Guzman, Hoffman and Baldwin Collections",equifax,R06,call center,2025-08-27,2025-10-20,Closed
D0004845,C000288,OH,45-54,F002,Doyle Ltd Collections,Experian,other,online,09/05/2025,09/26/2025,Closed
D0003223,C000265,IL,25-34,F011,Blair PLC Retail,experian,R10,web,21-Jun-2026,,Open
D0005964,C000763,MI,25-34,F012,Dudley Group Auto,transunion,R03,PHONE,2025-12-28,01/10/2026,Closed
D0003034,C000693,AZ,65+,F019,"Adams, Zuniga and Wong Auto",TU,r05,call center,2025-12-29,20-Jan-2026,Closed
D0005102,C000581,TX,18-24,F028,"Hoffman, Baker and Richards Auto",EQUIFAX,R03,mail,2025-01-22,2025-02-01,Closed
D0000244,C000549,CA,65+,F030,"Snyder, Campos and Callahan Collections",TU,R08,MAIL,03-Jan-2026,01/07/2026,Closed
D0003257,C000646,GA,25-34,F003,"Mcclain, Miller and Henderson Bank",TransUnion,R05,Online,2026-02-01,28-Feb-2026,Closed
D0001420,C000318,MI,25-34,F013,Arnold Ltd Bank,TransUnion,R05,ONLINE,2025-04-10,05/08/2025,Closed
D0004064,C000174,NC,55-64,F001,"Rodriguez, Figueroa and Sanchez Collections",Trans Union,R05,Online,2025-02-12,02/16/2025,Closed
D0005168,C000400,WA,35-44,F001,"Rodriguez, Figueroa and Sanchez Collections",Experian,R08,MAIL,08/02/2025,08/05/2025,Closed
D0000484,C000505,GA,45-54,F012,Dudley Group Auto,EXP,R10,call center,10/09/2025,10/15/2025,Closed
D0002338,C000613,WA,25-34,F030,"Snyder, Campos and Callahan Collections",Trans Union,R01,Online,2025-05-20,2025-05-28,Closed
D0001270,C000101,CA,25-34,F019,"Adams, Zuniga and Wong Auto",Experian,R06,call center,07/18/2026,07/23/2026,Closed
D0005370,C000332,NC,55-64,F028,"Hoffman, Baker and Richards Auto",EQF,R05,mail,19-Sep-2025,,Open
D0004378,C000543,CA,45-54,,"Hoffman, Baker and Richards Auto",Trans Union,R08,online,06-May-2026,2026-06-16,Closed
D0005622,C000621,GA,18-24,F014,"Mcclure, Ward and Lee Bank",TransUnion,R08,Mail,2025-03-05,2025-03-11,Closed
D0001076,,IL,25-34,F025,"Walter, Edwards and Rios Bank",TransUnion,R10,web,2025-03-13,04/06/2025,Closed
D0002869,C000198,NC,25-34,F021,Gray-Mayo Collections,experian,R06,online,14-May-2025,22-May-2025,Closed
D0003761,C000068,MI,45-54,F016,Galloway-Wyatt Collections,Trans Union,R03,call center,07/04/2026,2026-07-26,Closed
D0005165,C000586,NC,45-54,F017,James Group Collections,TU,R09,phone,2025-05-27,06/18/2025,Closed
D0001151,C000034,WA,18-24,F012,Dudley Group Auto,experian,R05,Phone,2025-05-11,06/02/2025,Closed
D0001916,C000070,NY,55-64,F008,"Henderson, Ramirez and Lewis Auto",EQUIFAX,R09,Mail,2026-06-16,,Open
D0004389,C000381,CA,35-44,F016,Galloway-Wyatt Collections,EXP,R05,call center,03/16/2025,2025-04-14,Closed
D0004586,C000724,NC,35-44,F007,Blake and Sons Credit,TU,R06,Mail,2025-04-04,15-Apr-2025,Closed
D0004012,C000563,GA,35-44,F020,"Reid, Ferguson and Sanchez Bank",UNK,R04,mail,11-Dec-2025,2026-01-13,Closed
D0005421,C000117,GA,18-24,F016,Galloway-Wyatt Collections,equifax,R04,Online,2025-07-29,2025-08-03,Closed
D0004306,C000076,TX,45-54,F001,"Rodriguez, Figueroa and Sanchez Collections",TransUnion,R05,call center,12-Jun-2025,26-Jun-2025,Closed
D0002245,C000431,GA,45-54,F009,Garcia-James Bank,EQUIFAX,R06,phone,2026-05-11,,Open
D0000754,C000513,AZ,18-24,F017,James Group Collections,EQF,,mail,2025-07-02,07/28/2025,Closed
D0002113,C000099,TX,35-44,F016,Galloway-Wyatt Collections,TransUnion,R06,Phone,16-Jun-2026,21-Jul-2026,Closed
D0000135,C000299,PA,55-64,F018,"Flowers, Martin and Kelly Bank",EXP,R02,mail,2026-06-19,2026-06-27,Closed
D0002034,C000365,NC,55-64,F011,Blair PLC Retail,transunion,R04,mail,2026-06-04,13-Jul-2026,Closed
D0001588,C000334,MI,65+,F009,Garcia-James Bank,TransUnion,R03,Mail,10/15/2025,2025-11-13,Closed
D0003419,C000142,AZ,18-24,F005,"Guzman, Hoffman and Baldwin Collections",experian,R05,phone,14-Mar-2026,2026-05-06,Closed
D0003777,C000392,AZ,18-24,F015,Williams and Sons Retail,EXP,R09,phone,05-Apr-2025,,Open
D0003558,C000407,IL,55-64,F004,Davis and Sons Bank,TransUnion,R02,PHONE,,02-Mar-2025,Closed
D0003303,C000479,OH,25-34,F018,"Flowers, Martin and Kelly Bank",TransUnion,R07,ONLINE,22-Jan-2025,,Open
D0001192,C000373,GA,25-34,F025,"Walter, Edwards and Rios Bank",EXP,r06,mail,01-Jun-2026,06/09/2026,Closed
D0002209,,NC,35-44,F018,"Flowers, Martin and Kelly Bank",transunion,R01,phone,07/14/2026,07-Sep-2026,Closed
D0004244,C000406,MI,18-24,F004,Davis and Sons Bank,TransUnion,r09,Online,05/31/2025,06/28/2025,Closed
D0001617,C000699,OH,65+,F015,Williams and Sons Retail,Trans Union,R04,web,,07/19/2025,Closed
D0003888,C000657,MI,45-54,F027,Baker and Sons Retail,TransUnion,R08,MAIL,08/10/2025,2025-08-13,Closed
D0004210,C000507,PA,35-44,F018,"Flowers, Martin and Kelly Bank",equifax,R06,Mail,05/15/2026,2026-06-14,Closed
D0004527,C000726,AZ,18-24,F010,Abbott-Munoz Retail,EQF,R06,mail,13-Jun-2025,,Open
D0001840,C000234,NY,45-54,F014,"Mcclure, Ward and Lee Bank",TU,R08,phone,05/17/2026,30-May-2026,Closed
D0000561,C000461,NC,35-44,F006,"Gardner, Robinson and Lawrence Credit",EQUIFAX,R07,Online,01-Jul-2025,2025-07-30,Closed
D0004604,C000436,FL,45-54,F015,Williams and Sons Retail,EXP,R05,Mail,11-Aug-2026,05-Sep-2026,Closed
D0003591,C000429,IL,55-64,F007,Blake and Sons Credit,EQUIFAX,R06,ONLINE,2025-07-06,08/15/2025,Closed
D0000079,C000162,GA,35-44,F015,Williams and Sons Retail,TU,r05,Mail,13-Apr-2026,,Open
D0003321,C000652,NY,25-34,F023,Perez Inc Credit,experian,R05,mail,2026-08-17,,Open
D0003729,C000074,NY,65+,F008,"Henderson, Ramirez and Lewis Auto",Trans Union,R09,web,04/24/2026,,Open
D0005934,C000152,NC,18-24,F030,"Snyder, Campos and Callahan Collections",Trans Union,R07,mail,12/20/2025,,Open
D0000608,C000027,CA,65+,F016,Galloway-Wyatt Collections,equifax,R10,Mail,18-Aug-2025,2025-09-25,Closed
D0001337,C000534,MI,65+,F019,"Adams, Zuniga and Wong Auto",Equifax,R04,Online,2025-11-27,12/22/2025,Closed
D0000909,C000128,NC,25-34,F005,"Guzman, Hoffman and Baldwin Collections",transunion,R08,call center,02/10/2026,,Open
D0005535,C000443,IL,35-44,F004,Davis and Sons Bank,EXP,see notes,call center,08-Jan-2025,2025-01-13,Closed
D0004062,C000021,IL,25-34,F015,Williams and Sons Retail,experian,R08,online,05/04/2025,2025-05-11,Closed
D0004942,C000576,GA,18-24,F024,Morales-Jones Auto,transunion,R02,MAIL,2025-04-09,14-Apr-2025,Closed
D0005067,C000336,NC,45-54,F012,Dudley Group Auto,TU,,web,02-Feb-2025,2025-03-18,Closed
D0001000,C000362,IL,45-54,F011,Blair PLC Retail,transunion,R06,MAIL,2025-04-07,2025-04-23,Closed
D0002508,C000610,NC,55-64,F009,Garcia-James Bank,equifax,R07,Phone,2026-01-18,,Open
D0000238,C000700,PA,25-34,F002,Doyle Ltd Collections,Experian,R10,Phone,10-Apr-2025,10-May-2025,Closed
D0002816,C000281,PA,18-24,F029,"Ross, Robinson and Bright Collections",TU,R08,phone,2025-05-13,05/21/2025,Closed
D0004384,C000342,AZ,25-34,F001,"Rodriguez, Figueroa and Sanchez Collections",EQF,R04,Mail,06/16/2026,06/28/2026,Closed
D0001374,C000526,AZ,55-64,F021,Gray-Mayo Collections,Trans Union,R02,phone,08/20/2026,08/23/2026,Closed
D0005810,C000224,NY,65+,F026,Wilkerson-Day Collections,EQF,R07,Mail,2026-04-09,29-Apr-2026,Closed
D0005387,C000305,WA,25-34,F009,Garcia-James Bank,Equifax,R04,online,2025-02-25,03/10/2025,Closed
D0003637,C000742,AZ,18-24,F015,Williams and Sons Retail,Experian,r08,mail,23-Apr-2025,06/17/2025,Closed
D0003990,,FL,35-44,F001,"Rodriguez, Figueroa and Sanchez Collections",transunion,R02,Online,25-Apr-2026,07-Jun-2026,Closed
D0002044,C000217,AZ,65+,F010,Abbott-Munoz Retail,TU,R03,mail,2026-07-03,17-Jul-2026,Closed
D0003945,C000210,NY,35-44,F009,Garcia-James Bank,Experian,R06,MAIL,23-Jun-2026,,Closed
D0005563,C000363,PA,55-64,F001,"Rodriguez, Figueroa and Sanchez Collections",experian,R02,phone,16-Jan-2025,10-Mar-2025,Closed
D0004862,C000166,GA,25-34,F017,James Group Collections,TransUnion,R08,MAIL,2026-08-14,2026-09-03,Closed
D0004382,C000143,CA,45-54,F007,Blake and Sons Credit,Trans Union,R10,call center,04/15/2025,04/23/2025,Closed
D0002827,C000005,WA,18-24,F027,Baker and Sons Retail,experian,R06,Mail,18-Jul-2026,04-Aug-2026,Closed
D0005410,C000583,FL,65+,F003,"Mcclain, Miller and Henderson Bank",experian,R08,Mail,26-Nov-2025,12/03/2025,Closed
D0005843,C000512,FL,35-44,F009,Garcia-James Bank,EQUIFAX,R03,call center,2026-06-05,2026-06-30,Closed
D0004040,C000754,TX,45-54,F003,"Mcclain, Miller and Henderson Bank",Experian,R09,PHONE,06/10/2026,06/27/2026,Closed
D0001734,C000703,NC,55-64,F030,"Snyder, Campos and Callahan Collections",experian,R06,Mail,2025-09-06,24-Sep-2025,Closed
D0004966,C000527,AZ,25-34,F007,Blake and Sons Credit,experian,R04,MAIL,26-Jun-2026,2026-07-19,Closed
D0001065,C000295,MI,35-44,F004,Davis and Sons Bank,Experian,R04,PHONE,2025-07-21,08/14/2025,Closed
D0000284,C000311,AZ,35-44,F020,"Reid, Ferguson and Sanchez Bank",TU,R09,web,2025-04-09,04/28/2025,Closed
D0005396,C000132,WA,55-64,F019,"Adams, Zuniga and Wong Auto",transunion,R02,online,07-Oct-2025,10/23/2025,Closed
D0005043,C000423,TX,45-54,F026,Wilkerson-Day Collections,TransUnion,R04,ONLINE,14-Apr-2026,04/19/2026,Closed
D0004283,C000307,IL,55-64,F002,Doyle Ltd Collections,transunion,R06,web,07/06/2025,07/25/2025,Closed
D0004253,C000324,TX,45-54,F014,"Mcclure, Ward and Lee Bank",TU,R04,PHONE,07/05/2025,07/08/2025,Closed
D0004033,C000395,MI,25-34,F027,Baker and Sons Retail,EXP,R08,PHONE,2026-07-12,08/22/2026,Closed
D0005439,C000572,PA,18-24,F018,"Flowers, Martin and Kelly Bank",Equifax,R09,Mail,29-Mar-2025,04/20/2025,Closed
D0003197,C000111,NC,65+,F018,"Flowers, Martin and Kelly Bank",transunion,R10,Online,18-Mar-2025,2025-03-25,Closed
D0002947,C000270,OH,45-54,F021,Gray-Mayo Collections,Equifax,r05,Mail,01/12/2025,01/15/2025,Closed
D0002634,C000645,WA,18-24,F009,Garcia-James Bank,EQF,R06,Phone,15-Jun-2025,06/25/2025,Closed
D0004801,C000172,CA,18-24,F008,"Henderson, Ramirez and Lewis Auto",Trans Union,R06,Online,01/24/2025,03/09/2025,Closed
D0004409,C000575,GA,65+,F009,Garcia-James Bank,UNK,R06,ONLINE,08-May-2025,06/03/2025,Closed
D0004366,C000223,CA,35-44,F004,Davis and Sons Bank,Experian,R02,PHONE,2025-10-15,10/24/2025,Closed
D0000471,C000356,CA,25-34,F021,Gray-Mayo Collections,EXP,R06,Online,10/22/2025,2025-10-25,Closed
D0005428,C000697,WA,25-34,F002,Doyle Ltd Collections,Equifax,,call center,06/07/2026,,Open
D0000264,C000312,FL,25-34,F019,"Adams, Zuniga and Wong Auto",EQF,R03,ONLINE,2025-05-16,13-Jun-2025,Closed
D0003700,C000084,OH,18-24,F004,Davis and Sons Bank,Trans Union,R05,mail,19-Apr-2025,2025-05-01,Closed
D0004019,C000312,FL,25-34,F007,Blake and Sons Credit,UNK,R04,ONLINE,07/02/2025,,Closed
D0000093,C000208,NC,35-44,F005,"Guzman, Hoffman and Baldwin Collections",EXP,R04,Mail,2026-08-22,,Open
D0003581,C000711,AZ,45-54,F013,Arnold Ltd Bank,experian,R10,MAIL,12/02/2025,27-Nov-2025,Closed
D0004288,C000256,FL,18-24,F021,Gray-Mayo Collections,TransUnion,R09,online,2025-07-03,12-Jul-2025,Closed
D0000337,C000146,FL,25-34,F012,Dudley Group Auto,UNK,R10,online,07/08/2026,07/28/2026,Closed
D0001939,C000336,NC,45-54,F026,Wilkerson-Day Collections,EQF,r01,Mail,08/23/2026,2026-09-26,Closed
D0002610,C000597,PA,25-34,F028,"Hoffman, Baker and Richards Auto",experian,R02,phone,2026-01-03,23-Jan-2026,Closed
D0003455,C000211,TX,18-24,F009,Garcia-James Bank,EXP,R08,web,02/24/2025,2025-03-11,Closed
D0001210,C000477,TX,25-34,F030,"Snyder, Campos and Callahan Collections",EXP,R05,mail,02-Jul-2026,2026-07-17,Closed
D0001088,C000410,FL,18-24,F027,Baker and Sons Retail,Experian,R05,Mail,2025-10-06,2025-11-23,Closed
D0004092,C000491,NY,18-24,F017,James Group Collections,TU,R02,mail,24-Nov-2025,2025-12-20,Closed
D0003365,C000305,WA,25-34,,Gray-Mayo Collections,Experian,R01,web,2025-07-18,08/03/2025,Closed
D0004680,C000705,IL,45-54,F018,"Flowers, Martin and Kelly Bank",EXP,r01,ONLINE,2026-07-20,2026-08-13,Closed
D0004552,C000317,PA,65+,F008,"Henderson, Ramirez and Lewis Auto",TU,r04,MAIL,2026-02-06,01-Apr-2026,Closed
D0003068,C000514,NY,25-34,F015,Williams and Sons Retail,transunion,R06,Mail,23-Apr-2026,2026-05-23,Closed
D0000052,C000713,TX,45-54,F020,"Reid, Ferguson and Sanchez Bank",experian,R08,call center,07/29/2025,08/11/2025,Closed
D0001674,C000503,MI,25-34,F028,"Hoffman, Baker and Richards Auto",Equifax,R06,call center,2026-05-23,06/16/2026,Closed
D0004255,C000591,WA,35-44,F015,Williams and Sons Retail,equifax,R02,online,2025-10-10,10/24/2025,Closed
D0002504,C000439,OH,18-24,F002,Doyle Ltd Collections,EQF,R03,ONLINE,,2025-06-13,Closed
D0002536,C000502,MI,55-64,F026,Wilkerson-Day Collections,Experian,R04,MAIL,2025-02-02,03/28/2025,Closed
D0000184,C000035,CA,65+,F007,Blake and Sons Credit,Experian,R01,phone,17-Apr-2026,05/11/2026,Closed
D0001119,C000406,MI,18-24,F018,"Flowers, Martin and Kelly Bank",EXP,R05,online,2025-01-08,,Closed
D0001591,C000328,NC,25-34,F019,"Adams, Zuniga and Wong Auto",experian,R09,Online,15-Jan-2025,02/08/2025,Closed
D0003760,C000319,WA,65+,F015,Williams and Sons Retail,TransUnion,R04,mail,02/17/2026,25-Mar-2026,Closed
D0002108,C000630,GA,35-44,F023,Perez Inc Credit,transunion,R09,Mail,2026-05-13,2026-05-29,Closed
D0002765,C000352,FL,18-24,F010,Abbott-Munoz Retail,TU,R02,call center,30-May-2025,07/03/2025,Closed
D0000657,C000347,OH,55-64,F003,"Mcclain, Miller and Henderson Bank",EXP,R04,ONLINE,2026-02-27,14-Mar-2026,Closed
D0004142,C000113,WA,35-44,F019,"Adams, Zuniga and Wong Auto",equifax,R07,mail,2026-06-25,2026-07-06,Closed
D0001026,C000208,NC,35-44,F022,"Watts, Robinson and Nguyen Bank",Experian,R07,online,08/26/2026,13-Sep-2026,Closed
D0005035,C000375,CA,45-54,F013,Arnold Ltd Bank,EQF,r05,MAIL,2026-05-08,2026-06-04,Closed
D0001028,C000782,TX,45-54,F013,Arnold Ltd Bank,TransUnion,R02,MAIL,2026-07-19,2026-08-03,Closed
D0000297,C000775,IL,18-24,F008,"Henderson, Ramirez and Lewis Auto",experian,R08,Mail,2025-11-01,16-Dec-2025,Closed
D0000313,C000759,OH,25-34,F022,"Watts, Robinson and Nguyen Bank",experian,R08,Mail,2026-04-19,2026-05-04,Closed
D0002924,C000737,AZ,65+,F002,Doyle Ltd Collections,EQF,R09,online,18-Oct-2025,09-Nov-2025,Closed
D0000274,C000299,PA,55-64,F017,James Group Collections,EXP,R05,PHONE,20-Mar-2025,2025-03-28,Closed
D0001198,C000628,PA,65+,F011,Blair PLC Retail,experian,R03,online,10-May-2025,16-May-2025,Closed
D0000215,C000424,OH,65+,F017,James Group Collections,EQF,R06,PHONE,03-Aug-2025,09-Aug-2025,Closed
D0003880,C000226,WA,45-54,F013,Arnold Ltd Bank,equifax,R07,PHONE,04/30/2025,2025-05-11,Closed
D0001535,C000416,MI,18-24,F011,Blair PLC Retail,Trans Union,R01,mail,07/02/2026,27-Jul-2026,Closed
D0003964,C000380,GA,25-34,F008,"Henderson, Ramirez and Lewis Auto",Trans Union,R09,ONLINE,27-Apr-2026,12-May-2026,Closed
D0004508,C000615,FL,45-54,F013,Arnold Ltd Bank,EXP,R05,Mail,2026-07-03,2026-07-15,Closed
D0005131,C000671,WA,35-44,F007,Blake and Sons Credit,EQUIFAX,R10,mail,2025-03-09,03/25/2025,Closed
D0001358,C000393,CA,25-34,F015,Williams and Sons Retail,TransUnion,R03,MAIL,2026-08-10,14-Aug-2026,Closed
D0005740,C000094,NY,35-44,F028,"Hoffman, Baker and Richards Auto",EXP,R05,PHONE,04/23/2025,06-May-2025,Closed
D0003843,C000459,MI,35-44,F002,Doyle Ltd Collections,experian,R06,mail,2025-04-03,08-Apr-2025,Closed
D0005852,C000624,TX,45-54,F021,Gray-Mayo Collections,equifax,R06,phone,11/08/2025,03-Dec-2025,Closed
D0000348,C000602,NC,35-44,F007,Blake and Sons Credit,equifax,R05,MAIL,2025-04-21,,Open
D0004354,C000589,TX,65+,F020,"Reid, Ferguson and Sanchez Bank",Equifax,XX99,online,09-May-2025,2025-06-03,Closed
D0000142,C000077,PA,55-64,F006,"Gardner, Robinson and Lawrence Credit",TransUnion,r03,MAIL,27-Jun-2025,01-Jul-2025,Closed
D0000140,C000209,AZ,18-24,F025,"Walter, Edwards and Rios Bank",transunion,R09,PHONE,2026-07-09,,Open
D0000202,C000324,TX,45-54,F016,Galloway-Wyatt Collections,TransUnion,XX99,Mail,2026-06-29,,Open
D0002033,C000666,AZ,55-64,F015,Williams and Sons Retail,experian,R06,Mail,2025-08-25,,Closed
D0000016,C000512,FL,35-44,F020,"Reid, Ferguson and Sanchez Bank",Equifax,R04,online,07/03/2026,,Open
D0004679,C000095,NY,55-64,F028,"Hoffman, Baker and Richards Auto",Experian,R05,phone,2026-03-25,,Open
D0005120,C000745,CA,65+,F013,Arnold Ltd Bank,EXP,R08,Mail,04/14/2026,,Open
D0000366,C000683,CA,55-64,F030,"Snyder, Campos and Callahan Collections",Equifax,R09,Mail,03/10/2025,2025-03-19,Closed
D0005425,C000415,MI,18-24,F028,"Hoffman, Baker and Richards Auto",EQF,R09,mail,15-May-2025,,Closed
D0002961,C000146,FL,25-34,F004,Davis and Sons Bank,Experian,XX99,mail,04/14/2026,05/26/2026,Closed
D0002571,C000524,TX,65+,F016,Galloway-Wyatt Collections,Experian,R04,MAIL,06-Oct-2025,10/01/2025,Closed
D0003571,C000468,WA,25-34,F014,"Mcclure, Ward and Lee Bank",TransUnion,R06,mail,16-Jun-2026,,Open
D0003390,C000060,AZ,45-54,F030,"Snyder, Campos and Callahan Collections",EXP,R04,Mail,2025-09-17,11/05/2025,Closed
D0003027,C000399,FL,45-54,F023,Perez Inc Credit,TransUnion,R07,phone,12/18/2025,30-Jan-2026,Closed
D0002224,C000574,OH,55-64,F021,Gray-Mayo Collections,equifax,R10,Mail,01/17/2026,01/20/2026,Closed
D0005566,C000666,AZ,55-64,F002,Doyle Ltd Collections,Equifax,R08,call center,17-Jul-2026,07/29/2026,Closed
D0003833,C000044,WA,65+,F002,Doyle Ltd Collections,Experian,R10,web,11/01/2025,2025-12-01,Closed
D0003106,C000173,MI,45-54,F029,"Ross, Robinson and Bright Collections",transunion,R04,MAIL,2025-11-04,2025-12-14,Closed
D0000457,C000549,CA,65+,F001,"Rodriguez, Figueroa and Sanchez Collections",equifax,R08,ONLINE,15-Jun-2026,15-Jul-2026,Closed
D0005473,C000024,PA,18-24,F019,"Adams, Zuniga and Wong Auto",Experian,R02,Mail,12-Apr-2025,2025-05-03,Closed
D0004391,C000587,TX,25-34,F023,Perez Inc Credit,experian,r04,MAIL,12/08/2025,,Open
D0003605,C000211,TX,18-24,F008,"Henderson, Ramirez and Lewis Auto",TransUnion,R01,mail,2026-05-01,,Open
D0001597,C000698,TX,35-44,F019,"Adams, Zuniga and Wong Auto",EXP,R09,Mail,01/28/2026,13-Feb-2026,Closed
D0004694,C000052,NC,25-34,F020,"Reid, Ferguson and Sanchez Bank",EXP,R06,web,05-Sep-2025,09/17/2025,Closed
D0002073,C000032,MI,35-44,F026,Wilkerson-Day Collections,TU,r07,web,2025-02-03,08-Feb-2025,Closed
D0002676,C000193,IL,45-54,F013,Arnold Ltd Bank,experian,R08,Mail,05/17/2025,30-Jun-2025,Closed
D0004653,C000106,NY,65+,F016,Galloway-Wyatt Collections,transunion,R09,call center,16-Feb-2025,2025-03-09,Closed
D0003922,C000674,GA,18-24,F014,"Mcclure, Ward and Lee Bank",Trans Union,R02,online,02/07/2026,,Open
D0000724,C000141,AZ,65+,F023,Perez Inc Credit,Trans Union,R05,ONLINE,22-Sep-2025,2025-10-31,Closed
D0003192,C000546,CA,18-24,F004,Davis and Sons Bank,Trans Union,R01,call center,2026-05-23,2026-06-05,Closed
D0001934,C000257,AZ,25-34,F008,"Henderson, Ramirez and Lewis Auto",TU,R04,PHONE,04/25/2026,2026-04-28,Closed
D0004869,C000618,WA,45-54,F017,James Group Collections,Equifax,R10,PHONE,17-Jun-2025,20-Jul-2025,Closed
D0001650,C000780,GA,35-44,F016,Galloway-Wyatt Collections,TU,R10,MAIL,2026-03-21,04/18/2026,Closed
D0005351,C000435,IL,45-54,F005,"Guzman, Hoffman and Baldwin Collections",TU,R07,Mail,06/09/2025,07/08/2025,Closed
D0004730,C000771,NY,18-24,F024,Morales-Jones Auto,EQF,R03,mail,10/13/2025,03-Nov-2025,Closed
D0003247,C000544,WA,35-44,F020,"Reid, Ferguson and Sanchez Bank",EXP,R04,phone,07-Apr-2026,2026-05-01,Closed
D0004808,C000600,TX,35-44,F018,"Flowers, Martin and Kelly Bank",experian,R02,PHONE,2025-09-20,08-Oct-2025,Closed
D0005950,C000779,TX,45-54,F006,"Gardner, Robinson and Lawrence Credit",Experian,R03,call center,02/07/2025,03/13/2025,Closed
D0004208,C000229,CA,18-24,F002,Doyle Ltd Collections,Equifax,R06,MAIL,2025-09-10,26-Sep-2025,Closed
D0002066,C000275,WA,45-54,F028,"Hoffman, Baker and Richards Auto",EXP,R05,call center,2026-09-01,,Open
D0001460,C000703,NC,55-64,F018,"Flowers, Martin and Kelly Bank",Experian,R07,online,10/22/2025,11/11/2025,Closed
D0002268,C000269,OH,65+,F004,Davis and Sons Bank,EXP,R02,Phone,04/16/2025,04/22/2025,Closed
D0005478,C000120,CA,55-64,F020,"Reid, Ferguson and Sanchez Bank",equifax,R06,web,03/06/2026,03/13/2026,Closed
D0002070,C000710,AZ,65+,F015,Williams and Sons Retail,UNK,R08,Online,10/09/2025,26-Oct-2025,Closed
D0003725,C000705,IL,45-54,F028,"Hoffman, Baker and Richards Auto",EQF,XX99,web,11/26/2025,01-Dec-2025,Closed
D0002573,C000314,CA,25-34,F025,"Walter, Edwards and Rios Bank",Trans Union,R05,web,2025-09-02,08/30/2025,Closed
D0004693,C000782,TX,45-54,F007,Blake and Sons Credit,Equifax,R09,Phone,2025-04-29,05/05/2025,Closed
D0001575,C000060,AZ,45-54,F005,"Guzman, Hoffman and Baldwin Collections",Trans Union,R03,ONLINE,2025-09-03,,Open
D0002368,C000492,IL,45-54,F001,"Rodriguez, Figueroa and Sanchez Collections",Experian,R06,web,05-Jan-2026,12-Jan-2026,Closed
D0004126,C000512,FL,35-44,F027,Baker and Sons Retail,EXP,R07,mail,2025-11-13,2025-12-03,Closed
D0005452,C000131,NC,25-34,F016,Galloway-Wyatt Collections,TU,R04,Online,03/21/2026,03/29/2026,Closed
D0004417,C000388,CA,65+,F017,James Group Collections,TU,r05,Online,05/29/2026,06/02/2026,Closed
D0003620,,PA,65+,F005,"Guzman, Hoffman and Baldwin Collections",Experian,other,Phone,14-Jun-2026,2026-07-06,Closed
D0001899,C000480,IL,18-24,F029,"Ross, Robinson and Bright Collections",TU,R08,call center,2025-08-31,03-Oct-2025,Closed
D0000776,C000195,CA,45-54,F007,Blake and Sons Credit,EXP,R10,web,2026-04-04,,Open
D0000623,C000433,IL,35-44,F022,"Watts, Robinson and Nguyen Bank",Experian,R07,web,2026-08-08,09/17/2026,Closed
D0001155,C000793,TX,18-24,F024,Morales-Jones Auto,transunion,R04,mail,02-Aug-2025,31-Aug-2025,Closed
D0003608,C000185,AZ,55-64,F012,Dudley Group Auto,Experian,R02,MAIL,08/10/2026,2026-08-25,Closed
D0001773,C000109,NC,55-64,F011,Blair PLC Retail,Experian,r06,phone,09/10/2025,2025-10-01,Closed
D0001789,C000765,NY,55-64,F017,James Group Collections,Experian,R10,call center,06/19/2026,2026-08-08,Closed
D0004794,C000654,MI,65+,F027,Baker and Sons Retail,TU,R04,call center,2025-04-29,04/25/2025,Closed
D0002001,C000669,MI,35-44,F015,Williams and Sons Retail,TU,R03,Online,06/20/2026,2026-08-09,Closed
D0001874,C000624,TX,45-54,F018,"Flowers, Martin and Kelly Bank",Trans Union,r07,PHONE,07/27/2025,01-Aug-2025,Closed
D0004963,C000433,IL,35-44,F016,Galloway-Wyatt Collections,transunion,R03,PHONE,24-Mar-2025,04/18/2025,Closed
D0000299,C000787,GA,65+,F027,Baker and Sons Retail,EQF,r04,mail,05/14/2025,11-Jun-2025,Closed
D0004751,C000090,NC,18-24,F015,Williams and Sons Retail,Experian,R07,Mail,22-May-2026,06/06/2026,Closed
D0004203,C000288,OH,45-54,F010,Abbott-Munoz Retail,EQF,R09,mail,26-Apr-2025,08-Jun-2025,Closed
D0004800,C000497,CA,25-34,F008,"Henderson, Ramirez and Lewis Auto",Equifax,other,Phone,2026-03-08,17-Mar-2026,Closed
D0005446,C000335,NC,45-54,F019,"Adams, Zuniga and Wong Auto",EQF,other,PHONE,04/29/2026,,Open
D0003270,C000037,TX,25-34,F004,Davis and Sons Bank,Experian,R03,Mail,08/12/2026,,Open
D0003910,C000057,TX,25-34,F026,Wilkerson-Day Collections,TU,R09,call center,2025-03-22,04/27/2025,Closed
D0001603,C000026,MI,35-44,F025,"Walter, Edwards and Rios Bank",EXP,R09,phone,16-Feb-2025,02/28/2025,Closed
D0001631,C000121,NC,25-34,F028,"Hoffman, Baker and Richards Auto",Experian,R09,PHONE,04/08/2026,16-May-2026,Closed
D0000427,C000230,TX,65+,F001,"Rodriguez, Figueroa and Sanchez Collections",TransUnion,R02,Mail,08/21/2025,2025-09-13,Closed
D0001698,C000183,CA,55-64,F026,Wilkerson-Day Collections,Experian,R10,mail,10/27/2025,2025-11-06,Closed
D0001785,C000559,OH,35-44,F015,Williams and Sons Retail,Trans Union,R05,Mail,07/06/2026,2026-07-30,Closed
D0002778,C000660,MI,25-34,F010,Abbott-Munoz Retail,EXP,R07,MAIL,2025-07-06,,Open
D0003692,C000407,IL,55-64,F014,"Mcclure, Ward and Lee Bank",experian,R06,web,05/06/2025,24-May-2025,Closed
D0004625,C000376,MI,55-64,F022,"Watts, Robinson and Nguyen Bank",equifax,R03,ONLINE,06/28/2026,08/03/2026,Closed
D0005895,C000127,OH,18-24,F008,"Henderson, Ramirez and Lewis Auto",TransUnion,R07,MAIL,25-Nov-2025,12/02/2025,Closed
D0000683,C000588,TX,45-54,F005,"Guzman, Hoffman and Baldwin Collections",TU,R10,Mail,26-Apr-2026,05/09/2026,Closed
D0001852,C000666,AZ,55-64,F008,"Henderson, Ramirez and Lewis Auto",TransUnion,R10,Online,2025-06-12,31-Jul-2025,Closed
D0002753,C000774,CA,25-34,F012,Dudley Group Auto,EQF,R10,web,08/11/2025,18-Aug-2025,Closed
D0005899,C000330,NY,45-54,F005,"Guzman, Hoffman and Baldwin Collections",EQF,r03,Mail,27-May-2026,04-Jun-2026,Closed
D0000919,C000291,FL,45-54,F016,Galloway-Wyatt Collections,Trans Union,R05,call center,2025-01-08,2025-01-24,Closed
D0001811,C000708,GA,18-24,F029,"Ross, Robinson and Bright Collections",transunion,R07,web,2025-05-17,,Open
D0001818,C000717,AZ,65+,F021,Gray-Mayo Collections,UNK,R03,Online,2025-02-07,,Closed
D0005691,C000371,AZ,45-54,F018,"Flowers, Martin and Kelly Bank",Trans Union,R08,Phone,08/14/2025,07-Sep-2025,Closed
D0001793,C000619,PA,65+,F001,"Rodriguez, Figueroa and Sanchez Collections",EXP,r01,online,08-Sep-2025,,Open
D0002336,C000710,AZ,65+,F022,"Watts, Robinson and Nguyen Bank",experian,R03,PHONE,11-Feb-2025,24-Mar-2025,Closed
D0005560,C000436,FL,45-54,F007,Blake and Sons Credit,Experian,R06,web,01/23/2025,,Closed
D0004420,C000605,MI,55-64,F018,"Flowers, Martin and Kelly Bank",EXP,R08,Mail,05/24/2025,2025-06-19,Closed
D0003432,C000132,WA,55-64,F013,Arnold Ltd Bank,Experian,R01,Online,02/20/2026,03/17/2026,Closed
D0003674,C000018,IL,18-24,F023,Perez Inc Credit,experian,R07,web,12-Nov-2025,2025-11-29,Closed
D0004308,C000065,NC,55-64,F017,James Group Collections,TransUnion,R10,mail,16-Aug-2025,2025-09-13,Closed
D0002866,C000075,PA,55-64,F019,"Adams, Zuniga and Wong Auto",Equifax,R01,MAIL,04/21/2026,04/27/2026,Closed
D0000101,C000207,CA,65+,F026,Wilkerson-Day Collections,transunion,R09,ONLINE,14-May-2025,2025-06-11,Closed
D0005364,C000441,NY,45-54,F015,Williams and Sons Retail,transunion,R01,mail,15-Jun-2026,03-Jul-2026,Closed
D0000628,C000326,WA,55-64,F002,Doyle Ltd Collections,Experian,r04,online,25-Apr-2025,2025-05-15,Closed
D0004428,C000316,TX,45-54,F030,"Snyder, Campos and Callahan Collections",experian,R03,Mail,07/21/2026,2026-08-17,Closed
D0003418,C000587,TX,25-34,F006,"Gardner, Robinson and Lawrence Credit",equifax,R05,online,04/09/2025,30-Apr-2025,Closed
D0005696,C000067,MI,45-54,F002,Doyle Ltd Collections,TransUnion,R05,Phone,11-May-2025,,Open
D0005943,C000288,OH,45-54,F010,Abbott-Munoz Retail,Experian,R01,call center,10-Apr-2026,2026-05-29,Closed
D0000063,C000174,NC,55-64,F022,"Watts, Robinson and Nguyen Bank",Experian,R04,MAIL,01/25/2026,02/05/2026,Closed
D0002682,C000078,GA,55-64,F023,Perez Inc Credit,experian,R01,mail,2026-08-08,09/28/2026,Closed
D0003889,C000585,NC,18-24,F026,Wilkerson-Day Collections,EXP,R10,Online,,01/16/2026,Closed
D0004702,C000287,AZ,45-54,F020,"Reid, Ferguson and Sanchez Bank",Experian,R08,MAIL,06/06/2026,,Open
D0000729,C000422,PA,45-54,F030,"Snyder, Campos and Callahan Collections",TransUnion,R04,Phone,16-Aug-2026,15-Sep-2026,Closed
D0004304,C000629,NY,18-24,F001,"Rodriguez, Figueroa and Sanchez Collections",EQUIFAX,R08,phone,,12-Aug-2025,Closed
D0003726,C000479,OH,25-34,F023,Perez Inc Credit,Experian,r01,mail,08/18/2025,09/03/2025,Closed
D0003438,C000596,NC,25-34,F026,Wilkerson-Day Collections,Experian,R08,call center,2025-06-01,2025-07-01,Closed
D0005458,C000462,PA,65+,F027,Baker and Sons Retail,EQF,R03,MAIL,24-Sep-2025,,Open
D0005210,C000606,AZ,45-54,F007,Blake and Sons Credit,transunion,R10,online,09-Oct-2025,10/28/2025,Closed
D0000814,C000285,WA,35-44,F002,Doyle Ltd Collections,transunion,R05,ONLINE,2025-06-20,16-Jul-2025,Closed
D0005859,C000591,WA,35-44,F007,Blake and Sons Credit,experian,R10,online,02/01/2025,15-Feb-2025,Closed
D0001768,C000104,GA,18-24,F030,"Snyder, Campos and Callahan Collections",experian,R05,PHONE,2025-05-12,2025-06-23,Closed
D0001441,C000102,MI,18-24,F024,Morales-Jones Auto,TransUnion,R10,mail,,2026-08-03,Closed
D0003064,C000104,GA,18-24,F010,Abbott-Munoz Retail,Trans Union,R01,MAIL,09-Apr-2025,05/29/2025,Closed
D0005469,C000347,OH,55-64,F001,"Rodriguez, Figueroa and Sanchez Collections",equifax,R05,Mail,18-May-2026,21-May-2026,Closed
D0001427,C000693,AZ,65+,F020,"Reid, Ferguson and Sanchez Bank",equifax,r05,online,27-May-2025,06/12/2025,Closed
D0000589,C000532,TX,18-24,F005,"Guzman, Hoffman and Baldwin Collections",experian,R01,mail,2025-07-05,2025-08-10,Closed
D0003322,C000307,IL,55-64,F020,"Reid, Ferguson and Sanchez Bank",transunion,R04,online,07/20/2026,2026-08-12,Closed
D0002906,C000793,TX,18-24,F030,"Snyder, Campos and Callahan Collections",transunion,R03,ONLINE,2025-11-02,2025-11-20,Closed
D0005808,C000421,OH,18-24,F006,"Gardner, Robinson and Lawrence Credit",Equifax,R08,Mail,2026-02-21,03/22/2026,Closed
D0004651,C000650,IL,35-44,F009,Garcia-James Bank,Equifax,R02,Online,30-Jan-2025,,Open
D0003671,C000328,NC,25-34,F003,"Mcclain, Miller and Henderson Bank",Experian,R04,online,01/22/2025,2025-03-17,Closed
D0000200,C000483,CA,18-24,F001,"Rodriguez, Figueroa and Sanchez Collections",transunion,R01,phone,2025-12-06,15-Dec-2025,Closed
D0000889,C000766,CA,35-44,F004,Davis and Sons Bank,TransUnion,R04,MAIL,2025-03-09,2025-04-20,Closed
D0001038,C000380,GA,25-34,F025,"Walter, Edwards and Rios Bank",EQUIFAX,R06,Mail,2025-08-29,01-Sep-2025,Closed
D0000822,C000277,NC,65+,F019,"Adams, Zuniga and Wong Auto",TransUnion,R05,call center,01/04/2025,29-Jan-2025,Closed
D0001641,C000482,NY,35-44,F020,"Reid, Ferguson and Sanchez Bank",EXP,R09,call center,02/09/2025,,Open
D0002380,C000034,WA,18-24,F026,Wilkerson-Day Collections,transunion,r09,mail,06/12/2026,2026-06-19,Closed
D0003670,C000259,IL,18-24,F025,"Walter, Edwards and Rios Bank",TransUnion,R07,Phone,2025-01-01,01/12/2025,Closed
D0001212,C000640,FL,65+,F002,Doyle Ltd Collections,EXP,R07,Online,09-Jun-2025,15-Jun-2025,Closed
D0000343,C000131,NC,25-34,F009,Garcia-James Bank,TU,r08,MAIL,07-Aug-2026,09/30/2026,Closed
D0005541,C000303,AZ,25-34,F029,"Ross, Robinson and Bright Collections",EXP,R10,ONLINE,10-May-2026,2026-06-03,Closed
D0005036,C000023,TX,18-24,F021,Gray-Mayo Collections,EXP,R08,Phone,28-Nov-2025,01-Dec-2025,Closed
D0002999,C000585,NC,18-24,F014,"Mcclure, Ward and Lee Bank",EXP,R03,phone,2025-11-09,2025-12-03,Closed
D0001593,,TX,45-54,F007,Blake and Sons Credit,TU,R02,ONLINE,2025-12-15,2026-01-27,Closed
D0003175,C000512,FL,35-44,F023,Perez Inc Credit,Equifax,R09,mail,2026-01-25,05-Feb-2026,Closed
D0001893,C000524,TX,65+,F028,"Hoffman, Baker and Richards Auto",equifax,r10,Mail,23-May-2026,26-May-2026,Closed
D0003186,C000279,WA,65+,F017,James Group Collections,EQUIFAX,other,phone,10/07/2025,,Open
D0000170,C000110,PA,25-34,F004,Davis and Sons Bank,experian,R10,mail,22-Mar-2025,2025-03-17,Closed
D0005369,C000436,FL,45-54,F018,"Flowers, Martin and Kelly Bank",Trans Union,R05,Online,16-Sep-2025,10/01/2025,Closed
D0005602,C000760,NY,55-64,F022,"Watts, Robinson and Nguyen Bank",EXP,r04,Online,24-Mar-2025,21-Apr-2025,Closed
D0001663,C000365,NC,55-64,F029,"Ross, Robinson and Bright Collections",Equifax,R08,Phone,2026-03-24,2026-03-20,Closed
D0001800,C000690,WA,65+,F001,"Rodriguez, Figueroa and Sanchez Collections",EQF,XX99,PHONE,01/05/2026,01/24/2026,Closed
D0001551,C000084,OH,18-24,F004,Davis and Sons Bank,Trans Union,R09,PHONE,2026-08-20,16-Sep-2026,Closed
D0002169,C000020,PA,35-44,F029,"Ross, Robinson and Bright Collections",transunion,r01,call center,2025-03-13,,Closed
D0004245,C000305,WA,25-34,F025,"Walter, Edwards and Rios Bank",transunion,R06,phone,02-Oct-2025,2025-10-14,Closed
D0004871,C000653,NC,45-54,F024,Morales-Jones Auto,Experian,R10,Phone,2026-01-07,2026-02-04,Closed
D0002246,,NC,55-64,F025,"Walter, Edwards and Rios Bank",equifax,R06,phone,07/17/2025,,Open
D0002949,C000651,OH,45-54,F018,"Flowers, Martin and Kelly Bank",EXP,R09,web,2026-07-26,,Open
D0004177,C000014,WA,65+,F004,Davis and Sons Bank,experian,R05,ONLINE,2025-08-19,2025-10-11,Closed
D0002987,C000612,OH,25-34,F025,"Walter, Edwards and Rios Bank",Trans Union,R04,Online,06-Dec-2025,12-Dec-2025,Closed
D0002471,C000105,NC,25-34,F020,"Reid, Ferguson and Sanchez Bank",Experian,R05,PHONE,2026-04-09,2026-05-11,Closed
D0002517,C000605,MI,55-64,F030,"Snyder, Campos and Callahan Collections",Experian,R05,call center,2025-12-04,20-Dec-2025,Closed
D0002127,C000604,WA,35-44,F020,"Reid, Ferguson and Sanchez Bank",EXP,R09,PHONE,22-Mar-2026,2026-04-12,Closed
D0003737,,IL,18-24,F029,"Ross, Robinson and Bright Collections",TU,XX99,call center,01/11/2025,2025-02-07,Closed
D0000836,C000565,NC,18-24,F005,"Guzman, Hoffman and Baldwin Collections",experian,R05,Phone,10-Apr-2025,26-Apr-2025,Closed
D0002109,C000166,GA,25-34,F005,"Guzman, Hoffman and Baldwin Collections",EXP,R04,Phone,07-Mar-2026,2026-03-23,Closed
D0004575,C000034,WA,18-24,F018,"Flowers, Martin and Kelly Bank",TU,R06,mail,2025-10-01,2025-10-26,Closed
D0005849,C000658,MI,65+,F016,Galloway-Wyatt Collections,EQF,r10,mail,09/07/2025,10/15/2025,Closed
D0000111,C000103,TX,65+,F030,"Snyder, Campos and Callahan Collections",experian,r08,Mail,19-Apr-2025,05/01/2025,Closed
D0003635,C000284,AZ,18-24,F023,Perez Inc Credit,TransUnion,R03,PHONE,28-Jun-2025,07/02/2025,Closed
D0001508,C000714,CA,35-44,F029,"Ross, Robinson and Bright Collections",experian,R01,Phone,2025-11-02,13-Dec-2025,Closed
D0002774,C000544,WA,35-44,F018,"Flowers, Martin and Kelly Bank",Trans Union,R02,online,27-Apr-2025,,Open
D0001880,C000458,IL,65+,F019,"Adams, Zuniga and Wong Auto",Experian,r06,mail,07/14/2026,07/20/2026,Closed
D0004063,C000459,MI,35-44,F024,Morales-Jones Auto,TransUnion,R03,mail,2025-02-07,2025-03-08,Closed
D0004166,C000699,OH,65+,F017,James Group Collections,Equifax,R09,Mail,10/20/2025,2025-11-02,Closed
D0003208,C000155,TX,25-34,F001,"Rodriguez, Figueroa and Sanchez Collections",Equifax,R03,MAIL,2026-05-12,22-Jun-2026,Closed
D0000331,C000758,CA,18-24,F016,Galloway-Wyatt Collections,experian,R10,web,03-Jan-2025,02-Feb-2025,Closed
D0002702,C000264,CA,18-24,F008,"Henderson, Ramirez and Lewis Auto",Trans Union,R05,call center,2026-04-03,2026-05-19,Closed
D0002387,C000174,NC,55-64,F006,"Gardner, Robinson and Lawrence Credit",transunion,R10,ONLINE,06/02/2026,,Open
D0005526,C000545,MI,35-44,F020,"Reid, Ferguson and Sanchez Bank",EXP,R03,call center,02/28/2026,22-Mar-2026,Closed
D0003916,C000404,TX,25-34,F005,"Guzman, Hoffman and Baldwin Collections",TU,R03,Mail,24-Sep-2025,,Closed
D0002417,C000729,AZ,45-54,F006,"Gardner, Robinson and Lawrence Credit",equifax,R04,web,04/11/2026,05/14/2026,Closed
D0001837,C000235,NY,18-24,F024,Morales-Jones Auto,TransUnion,R10,MAIL,2026-01-05,22-Jan-2026,Closed
D0004130,C000521,FL,35-44,F015,Williams and Sons Retail,EQF,r10,phone,12/11/2025,12/17/2025,Closed
D0004318,C000489,GA,45-54,F005,"Guzman, Hoffman and Baldwin Collections",TransUnion,R09,call center,01/20/2026,,Open
D0003174,C000093,MI,25-34,F008,"Henderson, Ramirez and Lewis Auto",TransUnion,R04,Phone,,2025-01-29,Closed
D0002730,C000433,IL,35-44,F004,Davis and Sons Bank,EXP,R02,Phone,08/04/2026,31-Aug-2026,Closed
D0001238,C000735,NY,45-54,F007,Blake and Sons Credit,equifax,R02,ONLINE,09/25/2025,11/14/2025,Closed
D0002656,C000348,TX,25-34,F002,Doyle Ltd Collections,TransUnion,R09,PHONE,2025-10-17,11/22/2025,Closed
D0002141,C000524,TX,65+,F008,"Henderson, Ramirez and Lewis Auto",transunion,R04,call center,19-Jan-2025,08-Feb-2025,Closed
D0001391,C000786,NC,35-44,F011,Blair PLC Retail,Experian,R04,phone,2025-10-27,12/03/2025,Closed
D0002942,C000135,PA,25-34,F027,Baker and Sons Retail,TransUnion,R10,PHONE,2026-07-14,08/07/2026,Closed
D0003592,C000580,WA,45-54,F014,"Mcclure, Ward and Lee Bank",experian,R02,Online,2025-05-14,,Closed
D0002931,C000787,GA,65+,F019,"Adams, Zuniga and Wong Auto",EXP,other,MAIL,2026-05-20,06/12/2026,Closed
D0001761,C000171,WA,35-44,F001,"Rodriguez, Figueroa and Sanchez Collections",equifax,R09,Phone,03/18/2026,,Open
D0005508,C000446,NC,18-24,F005,"Guzman, Hoffman and Baldwin Collections",Equifax,R06,phone,2025-06-16,21-Jun-2025,Closed
D0004013,C000354,OH,55-64,F008,"Henderson, Ramirez and Lewis Auto",TransUnion,R02,Mail,06-Jun-2026,2026-07-09,Closed
D0000491,C000053,AZ,35-44,F020,"Reid, Ferguson and Sanchez Bank",equifax,R02,ONLINE,2026-07-08,2026-07-20,Closed
D0001626,C000473,WA,45-54,F016,Galloway-Wyatt Collections,equifax,R08,Mail,08/03/2026,2026-08-12,Closed
D0005625,C000414,IL,65+,F009,Garcia-James Bank,EXP,R08,mail,06/04/2025,06/28/2025,Closed
D0001633,C000134,FL,45-54,F020,"Reid, Ferguson and Sanchez Bank",Experian,R01,phone,02/16/2026,2026-03-10,Closed
D0004452,C000451,FL,65+,F007,Blake and Sons Credit,EQF,R06,Mail,06/28/2025,2025-07-24,Closed
D0003943,C000500,FL,18-24,F007,Blake and Sons Credit,TransUnion,R09,PHONE,12/01/2025,28-Dec-2025,Closed
D0003139,C000655,NY,25-34,F026,Wilkerson-Day Collections,TU,R02,call center,04-Jun-2026,06/17/2026,Closed
D0004839,C000090,NC,18-24,,"Rodriguez, Figueroa and Sanchez Collections",EQUIFAX,R03,PHONE,07/13/2025,23-Jul-2025,Closed
D0004910,C000111,NC,65+,F015,Williams and Sons Retail,EQF,R02,mail,2026-04-08,05/23/2026,Closed
D0003025,C000355,GA,45-54,F024,Morales-Jones Auto,TransUnion,R05,web,05-May-2026,2026-05-11,Closed
D0000476,C000356,CA,25-34,F010,Abbott-Munoz Retail,EXP,R08,mail,2025-04-23,17-May-2025,Closed
D0002832,C000054,CA,25-34,F008,"Henderson, Ramirez and Lewis Auto",UNK,R09,mail,01/19/2025,2025-03-15,Closed
D0000222,C000329,TX,45-54,F007,Blake and Sons Credit,EXP,R02,MAIL,2025-07-17,08/13/2025,Closed
D0001452,C000276,CA,55-64,F022,"Watts, Robinson and Nguyen Bank",experian,see notes,ONLINE,29-Mar-2025,,Open
D0005516,C000545,MI,35-44,F029,"Ross, Robinson and Bright Collections",EXP,XX99,Online,05/14/2026,05/31/2026,Closed
D0005118,C000327,GA,18-24,F007,Blake and Sons Credit,TransUnion,R05,mail,2025-10-06,,Closed
D0005162,C000060,AZ,45-54,F026,Wilkerson-Day Collections,Experian,R10,phone,18-Jul-2026,28-Aug-2026,Closed
D0003662,C000698,TX,35-44,F022,"Watts, Robinson and Nguyen Bank",EXP,R02,PHONE,2025-01-08,,Open
D0004557,C000371,AZ,45-54,F016,Galloway-Wyatt Collections,Equifax,R08,ONLINE,2025-08-27,09/12/2025,Closed
D0001832,C000441,NY,45-54,F002,Doyle Ltd Collections,Equifax,other,Mail,05-Jul-2025,07/14/2025,Closed
D0001114,C000399,FL,45-54,F012,Dudley Group Auto,Experian,R06,MAIL,12/25/2025,01/23/2026,Closed
D0004017,C000501,NC,45-54,F008,"Henderson, Ramirez and Lewis Auto",Equifax,R03,PHONE,05-Jun-2025,2025-06-29,Closed
D0004926,C000133,MI,45-54,F021,Gray-Mayo Collections,experian,R08,mail,05/29/2026,2026-06-17,Closed
D0001427,C000693,AZ,65+,F020,"Reid, Ferguson and Sanchez Bank",equifax,r05,online,27-May-2025,06/12/2025,Closed
D0003840,C000351,NY,65+,F015,Williams and Sons Retail,TU,R09,PHONE,2026-05-07,23-May-2026,Closed
D0003439,C000105,NC,25-34,F025,"Walter, Edwards and Rios Bank",TransUnion,R10,mail,2026-08-18,03-Sep-2026,Closed
D0004074,C000020,PA,35-44,F013,Arnold Ltd Bank,EQUIFAX,R05,Mail,05/30/2026,07/18/2026,Closed
D0002112,C000400,WA,35-44,F021,Gray-Mayo Collections,UNK,R07,PHONE,02/07/2025,2025-02-19,Closed
D0003492,C000779,TX,45-54,F024,Morales-Jones Auto,experian,R04,phone,08-Sep-2025,30-Sep-2025,Closed
D0002540,C000560,AZ,18-24,F011,Blair PLC Retail,Equifax,R07,PHONE,2026-02-10,21-Feb-2026,Closed
D0001911,C000753,IL,25-34,F023,Perez Inc Credit,UNK,R05,call center,25-Apr-2026,,Open
D0000452,C000248,AZ,65+,F018,"Flowers, Martin and Kelly Bank",transunion,R06,mail,2026-02-05,06-Mar-2026,Closed
D0000655,C000467,FL,18-24,F009,Garcia-James Bank,EQUIFAX,R06,MAIL,,07/30/2025,Closed
D0004813,C000117,GA,18-24,F017,James Group Collections,transunion,R10,Phone,27-Feb-2025,03/17/2025,Closed
D0000895,C000151,TX,45-54,F009,Garcia-James Bank,Experian,R09,phone,08/10/2025,08-Sep-2025,Closed
D0005087,C000551,CA,25-34,F026,Wilkerson-Day Collections,Equifax,R06,ONLINE,01/05/2025,01/22/2025,Closed
D0004580,C000718,AZ,35-44,F025,"Walter, Edwards and Rios Bank",Experian,r08,mail,2026-05-20,2026-05-25,Closed
D0003924,C000200,NY,35-44,F001,"Rodriguez, Figueroa and Sanchez Collections",Experian,R08,online,15-Feb-2026,2026-03-05,Closed
D0004609,C000312,FL,25-34,F024,Morales-Jones Auto,equifax,R06,call center,04/01/2025,06-May-2025,Closed
D0005477,C000506,IL,55-64,F024,Morales-Jones Auto,experian,R08,online,05-Feb-2025,02/19/2025,Closed
D0002065,C000633,AZ,18-24,F020,"Reid, Ferguson and Sanchez Bank",Trans Union,R08,MAIL,30-May-2025,20-Jul-2025,Closed
D0002068,C000009,CA,18-24,F015,Williams and Sons Retail,Experian,R08,ONLINE,2025-04-15,05/12/2025,Closed
D0003069,C000108,NY,35-44,F010,Abbott-Munoz Retail,EQF,R07,Mail,09/12/2025,2025-09-22,Closed
D0001191,C000556,AZ,45-54,F020,"Reid, Ferguson and Sanchez Bank",TransUnion,,PHONE,10/10/2025,11/21/2025,Closed
D0003938,C000634,OH,65+,F027,Baker and Sons Retail,Equifax,R07,Mail,01/01/2025,2025-01-09,Closed
D0004613,C000321,PA,25-34,F022,"Watts, Robinson and Nguyen Bank",TU,R02,Mail,23-Apr-2026,2026-05-06,Closed
D0005280,C000770,AZ,18-24,F020,"Reid, Ferguson and Sanchez Bank",Equifax,r01,Online,01/03/2025,15-Feb-2025,Closed
D0001145,C000595,FL,45-54,F011,Blair PLC Retail,EXP,R09,phone,23-Sep-2025,,Open
D0004710,C000075,PA,55-64,F010,Abbott-Munoz Retail,experian,,mail,01/04/2025,01/08/2025,Closed
D0003429,C000094,NY,35-44,,Blake and Sons Credit,EQF,R10,Online,27-Jan-2026,,Open
D0000071,C000117,GA,18-24,F009,Garcia-James Bank,EXP,R05,phone,05/17/2026,06/08/2026,Closed
D0004964,C000185,AZ,55-64,F029,"Ross, Robinson and Bright Collections",EXP,R06,ONLINE,03/31/2026,2026-05-08,Closed
D0000914,C000258,PA,35-44,F019,"Adams, Zuniga and Wong Auto",EXP,R06,mail,16-Mar-2025,07-May-2025,Closed
D0004553,C000341,NC,45-54,F028,"Hoffman, Baker and Richards Auto",Equifax,R04,MAIL,03/24/2026,,Open
D0000275,C000531,IL,25-34,F010,Abbott-Munoz Retail,Equifax,R02,online,01/17/2026,2026-01-25,Closed
D0000039,C000488,MI,35-44,F016,Galloway-Wyatt Collections,TransUnion,R03,online,07/24/2025,2025-08-05,Closed
D0001491,C000293,AZ,65+,F002,Doyle Ltd Collections,EXP,r07,ONLINE,2025-10-19,08-Nov-2025,Closed
D0005448,C000657,MI,45-54,F022,"Watts, Robinson and Nguyen Bank",transunion,R02,mail,06-May-2026,,Open
D0004337,C000274,IL,18-24,F018,"Flowers, Martin and Kelly Bank",transunion,R08,Phone,2026-08-24,,Open
D0001064,C000203,NY,45-54,F026,Wilkerson-Day Collections,Experian,R05,online,02/25/2026,,Open
D0004090,C000310,TX,25-34,F011,Blair PLC Retail,EQF,R07,MAIL,06-Jul-2026,07/09/2026,Closed
D0004587,C000005,WA,18-24,F017,James Group Collections,equifax,R10,Online,2025-04-11,,Open
D0000187,C000367,FL,35-44,F024,Morales-Jones Auto,EQF,R08,Phone,2025-05-18,06/12/2025,Closed
D0001833,C000475,MI,55-64,F015,Williams and Sons Retail,transunion,R09,MAIL,09/03/2025,20-Sep-2025,Closed
D0005674,C000545,MI,35-44,F021,Gray-Mayo Collections,EXP,R08,ONLINE,2025-03-01,2025-03-04,Closed
D0001308,C000779,TX,45-54,F025,"Walter, Edwards and Rios Bank",equifax,R06,phone,,2025-09-23,Closed
D0005006,C000390,OH,25-34,F013,Arnold Ltd Bank,TransUnion,R02,MAIL,01/29/2025,2025-03-07,Closed
D0001016,C000086,NY,45-54,F016,Galloway-Wyatt Collections,Experian,R01,MAIL,02/24/2026,03/09/2026,Closed
D0000232,C000620,AZ,25-34,F001,"Rodriguez, Figueroa and Sanchez Collections",Experian,R06,MAIL,15-Aug-2026,09/09/2026,Closed
D0003387,C000565,NC,18-24,F030,"Snyder, Campos and Callahan Collections",EXP,r05,web,2026-03-24,04/21/2026,Closed
D0000017,C000539,PA,35-44,F018,"Flowers, Martin and Kelly Bank",Experian,R02,phone,04-Jun-2026,2026-06-07,Closed
D0004054,C000036,FL,35-44,F012,Dudley Group Auto,Equifax,R09,call center,,08-May-2025,Closed
D0002107,,CA,35-44,F021,Gray-Mayo Collections,Trans Union,R01,Mail,05/05/2026,2026-05-24,Closed
D0001461,C000019,NY,65+,F021,Gray-Mayo Collections,EXP,R03,Phone,22-Feb-2026,04/07/2026,Closed
D0000529,C000435,IL,45-54,F016,Galloway-Wyatt Collections,experian,R05,PHONE,2025-06-24,01-Jul-2025,Closed
D0002690,C000583,FL,65+,F014,"Mcclure, Ward and Lee Bank",transunion,R06,ONLINE,02/26/2025,2025-03-17,Closed
D0000702,C000732,IL,45-54,F015,Williams and Sons Retail,Equifax,R04,web,2025-10-01,10-Oct-2025,Closed
D0002680,C000400,WA,35-44,F006,"Gardner, Robinson and Lawrence Credit",equifax,R04,phone,11/16/2025,12/12/2025,Closed
D0001786,C000701,FL,25-34,F027,Baker and Sons Retail,TransUnion,R06,MAIL,05-Jan-2025,2025-01-17,Closed
D0003325,C000375,CA,45-54,F009,Garcia-James Bank,equifax,R02,web,03-Aug-2026,08/14/2026,Closed
D0000081,C000433,IL,35-44,F023,Perez Inc Credit,Experian,r03,phone,2025-05-16,21-May-2025,Closed
D0001784,C000688,FL,55-64,F007,Blake and Sons Credit,Experian,R01,MAIL,06-Jun-2025,2025-06-10,Closed
D0002391,C000150,GA,25-34,F002,Doyle Ltd Collections,experian,R06,online,11/16/2025,2026-01-02,Closed
D0003860,C000296,PA,55-64,F021,Gray-Mayo Collections,EXP,R04,Online,11-May-2025,2025-06-12,Closed
D0002302,C000407,IL,55-64,F028,"Hoffman, Baker and Richards Auto",equifax,see notes,online,2026-08-28,22-Sep-2026,Closed
D0003814,C000153,CA,65+,F022,"Watts, Robinson and Nguyen Bank",experian,R04,PHONE,22-Aug-2025,11-Sep-2025,Closed
D0005520,C000095,NY,55-64,F004,Davis and Sons Bank,EQUIFAX,R07,MAIL,08/05/2026,,Open
D0000223,C000176,NC,18-24,F003,"Mcclain, Miller and Henderson Bank",Equifax,R07,call center,11/15/2025,2025-12-02,Closed
D0004675,C000641,AZ,35-44,F024,Morales-Jones Auto,equifax,R07,phone,04/16/2025,2025-06-01,Closed
D0001703,C000425,GA,65+,F005,"Guzman, Hoffman and Baldwin Collections",EXP,R03,MAIL,2025-03-14,2025-04-24,Closed
D0000082,C000767,NY,25-34,F005,"Guzman, Hoffman and Baldwin Collections",TU,R06,ONLINE,2026-02-26,07-Mar-2026,Closed
D0000705,C000053,AZ,35-44,F019,"Adams, Zuniga and Wong Auto",equifax,R09,MAIL,04-Nov-2025,2025-12-03,Closed
D0000207,C000141,AZ,65+,F006,"Gardner, Robinson and Lawrence Credit",transunion,R08,MAIL,07/17/2025,07/20/2025,Closed
D0002226,C000011,FL,55-64,F007,Blake and Sons Credit,EQUIFAX,R05,mail,2025-05-26,06/07/2025,Closed
D0001179,C000171,WA,35-44,F025,"Walter, Edwards and Rios Bank",transunion,R05,Online,01/05/2025,2025-01-27,Closed
D0000107,C000678,WA,35-44,F021,Gray-Mayo Collections,EQUIFAX,r05,call center,05/07/2026,05/15/2026,Closed
D0000401,C000267,CA,18-24,F013,Arnold Ltd Bank,EQF,R04,Phone,2025-06-17,06/28/2025,Closed
D0002796,C000653,NC,45-54,F030,"Snyder, Campos and Callahan Collections",EQUIFAX,r04,call center,2025-05-31,27-Jun-2025,Closed
D0003903,C000232,CA,35-44,F015,Williams and Sons Retail,Experian,R09,mail,2025-09-30,,Open
D0000988,C000004,FL,25-34,F019,"Adams, Zuniga and Wong Auto",experian,R04,MAIL,06/27/2025,07/27/2025,Closed
D0003560,C000190,FL,35-44,F009,Garcia-James Bank,Trans Union,R07,ONLINE,04/20/2026,03-May-2026,Closed
D0001589,C000653,NC,45-54,F018,"Flowers, Martin and Kelly Bank",Equifax,R06,call center,2025-12-23,2026-01-03,Closed
D0001868,C000669,MI,35-44,F007,Blake and Sons Credit,EQUIFAX,R03,mail,2025-01-22,02/07/2025,Closed
D0003243,C000797,MI,65+,F020,"Reid, Ferguson and Sanchez Bank",transunion,R05,call center,2025-01-24,02/21/2025,Closed
D0005775,C000386,PA,35-44,F017,James Group Collections,EQUIFAX,R09,web,13-Sep-2025,2025-10-08,Closed
D0000662,C000025,OH,35-44,F010,Abbott-Munoz Retail,experian,R03,MAIL,13-Jan-2025,2025-01-26,Closed
D0000900,C000331,AZ,55-64,F026,Wilkerson-Day Collections,EQF,R06,phone,01/16/2026,02/15/2026,Closed
D0000767,C000574,OH,55-64,F002,Doyle Ltd Collections,Experian,R03,MAIL,22-Feb-2026,14-Mar-2026,Closed
D0001135,,TX,25-34,F009,Garcia-James Bank,EQUIFAX,r07,ONLINE,2025-03-12,03/30/2025,Closed
D0003838,C000424,OH,65+,F008,"Henderson, Ramirez and Lewis Auto",experian,R06,Online,,2025-10-19,Closed
D0005882,C000378,TX,65+,F006,"Gardner, Robinson and Lawrence Credit",experian,R05,MAIL,27-Feb-2025,11-Mar-2025,Closed
D0003018,C000665,GA,35-44,F001,"Rodriguez, Figueroa and Sanchez Collections",Equifax,R10,call center,09-May-2025,08-Jun-2025,Closed
D0003952,C000062,GA,25-34,F026,Wilkerson-Day Collections,TransUnion,R02,Phone,2026-04-28,20-May-2026,Closed
D0002309,C000708,GA,18-24,F010,Abbott-Munoz Retail,equifax,R02,mail,2025-07-18,2025-07-29,Closed
D0003127,C000190,FL,35-44,F010,Abbott-Munoz Retail,EQUIFAX,R02,PHONE,07/22/2025,,Closed
D0002795,C000389,NC,18-24,F023,Perez Inc Credit,EQF,R02,Online,02/26/2025,03/26/2025,Closed
D0005978,C000718,AZ,35-44,F016,Galloway-Wyatt Collections,transunion,R02,Phone,21-Nov-2025,11-Jan-2026,Closed
D0000092,C000382,PA,35-44,F015,Williams and Sons Retail,Experian,R05,MAIL,03/28/2025,04/20/2025,Closed
D0004672,C000569,PA,55-64,F021,Gray-Mayo Collections,Equifax,R03,call center,2025-01-16,,Open
D0003699,C000413,TX,65+,F003,"Mcclain, Miller and Henderson Bank",TU,r10,phone,2026-05-15,2026-05-29,Closed
D0002802,C000512,FL,35-44,F014,"Mcclure, Ward and Lee Bank",transunion,R07,Mail,2026-02-22,26-Feb-2026,Closed
D0001373,C000335,NC,45-54,F028,"Hoffman, Baker and Richards Auto",Experian,r05,Online,2025-03-28,08-Apr-2025,Closed
D0005719,C000096,NC,18-24,F027,Baker and Sons Retail,equifax,r01,mail,2025-12-08,15-Dec-2025,Closed
D0002535,C000034,WA,18-24,F024,Morales-Jones Auto,transunion,R08,online,05/11/2025,05/20/2025,Closed
D0003444,C000770,AZ,18-24,F001,"Rodriguez, Figueroa and Sanchez Collections",experian,R09,call center,08/17/2026,2026-10-10,Closed
D0002153,C000210,NY,35-44,F016,Galloway-Wyatt Collections,EQF,R06,Phone,2026-01-06,,Open
D0003166,C000235,NY,18-24,F009,Garcia-James Bank,TU,R01,call center,23-Jun-2025,13-Aug-2025,Closed
D0003855,C000418,PA,65+,F028,"Hoffman, Baker and Richards Auto",EQF,R04,web,06/29/2025,2025-07-02,Closed
D0004162,C000526,AZ,55-64,F025,"Walter, Edwards and Rios Bank",Experian,R10,web,04-Oct-2025,25-Oct-2025,Closed
D0004569,C000623,MI,35-44,F017,James Group Collections,TU,R10,MAIL,12/21/2025,2026-01-13,Closed
D0002818,C000002,CA,65+,F016,Galloway-Wyatt Collections,TransUnion,R07,Online,06/28/2025,07/26/2025,Closed
D0005999,C000227,NC,65+,F022,"Watts, Robinson and Nguyen Bank",Equifax,R05,mail,2025-01-24,2025-03-15,Closed
D0003104,C000529,NC,25-34,F007,Blake and Sons Credit,EQUIFAX,R10,MAIL,2025-01-05,2025-01-12,Closed
D0000444,C000485,WA,25-34,F007,Blake and Sons Credit,EQF,R05,Mail,25-Feb-2025,2025-03-24,Closed
D0005704,C000729,AZ,45-54,F019,"Adams, Zuniga and Wong Auto",Equifax,r02,Online,2025-06-20,25-Jul-2025,Closed
D0004733,C000505,GA,45-54,F027,Baker and Sons Retail,transunion,r10,call center,01/22/2025,2025-03-04,Closed
D0000716,C000229,CA,18-24,F015,Williams and Sons Retail,EXP,R04,mail,09/29/2025,2025-10-03,Closed
D0001855,C000275,WA,45-54,F019,"Adams, Zuniga and Wong Auto",equifax,R07,PHONE,02-Apr-2025,18-Apr-2025,Closed
D0005646,C000142,AZ,18-24,F022,"Watts, Robinson and Nguyen Bank",equifax,R10,MAIL,2025-01-31,2025-02-11,Closed
D0003630,C000287,AZ,45-54,F006,"Gardner, Robinson and Lawrence Credit",Equifax,R07,call center,2025-08-26,08/25/2025,Closed
D0005752,C000275,WA,45-54,F028,"Hoffman, Baker and Richards Auto",Equifax,R10,Online,10/02/2025,2025-11-15,Closed
D0003388,C000675,FL,45-54,F021,Gray-Mayo Collections,equifax,R04,ONLINE,2025-08-24,11-Sep-2025,Closed
D0002194,C000294,NY,55-64,F015,Williams and Sons Retail,EQF,R06,Mail,2026-01-26,2026-02-12,Closed
D0003014,C000409,PA,65+,F018,"Flowers, Martin and Kelly Bank",experian,R02,Phone,20-Mar-2025,2025-05-09,Closed
D0005222,C000548,MI,55-64,F018,"Flowers, Martin and Kelly Bank",EQUIFAX,R04,mail,2025-09-01,09/07/2025,Closed
D0003219,C000119,TX,35-44,F019,"Adams, Zuniga and Wong Auto",EQF,r05,mail,07/07/2025,29-Aug-2025,Closed
D0002971,C000468,WA,25-34,F001,"Rodriguez, Figueroa and Sanchez Collections",Experian,R07,PHONE,2025-11-26,2025-12-23,Closed
D0000228,C000143,CA,45-54,F029,"Ross, Robinson and Bright Collections",EXP,R04,Mail,18-Aug-2026,08/21/2026,Closed
D0003632,C000044,WA,65+,F029,"Ross, Robinson and Bright Collections",EXP,R05,phone,28-Dec-2025,2026-01-08,Closed
D0004932,C000492,IL,45-54,F007,Blake and Sons Credit,TU,R07,MAIL,01/06/2025,,Open
D0000100,C000606,AZ,45-54,F001,"Rodriguez, Figueroa and Sanchez Collections",Experian,r02,Phone,,01/17/2026,Closed
D0003348,C000149,NY,35-44,F008,"Henderson, Ramirez and Lewis Auto",equifax,r03,phone,03/08/2026,2026-03-13,Closed
D0005666,C000587,TX,25-34,F022,"Watts, Robinson and Nguyen Bank",EXP,R10,MAIL,11/13/2025,2025-12-07,Closed
D0002022,C000022,FL,35-44,F011,Blair PLC Retail,EQF,R03,phone,2025-12-29,,Open
D0000629,C000037,TX,25-34,F019,"Adams, Zuniga and Wong Auto",TU,R07,Phone,13-Jul-2026,,Open
D0002750,C000552,GA,55-64,F006,"Gardner, Robinson and Lawrence Credit",Experian,R01,MAIL,21-Mar-2025,02-Apr-2025,Closed
D0001583,C000054,CA,25-34,F027,Baker and Sons Retail,EQF,R07,Online,07-Aug-2025,2025-08-25,Closed
D0000193,C000423,TX,45-54,F025,"Walter, Edwards and Rios Bank",Trans Union,r07,ONLINE,17-Mar-2026,03/27/2026,Closed
D0002497,C000058,MI,65+,F030,"Snyder, Campos and Callahan Collections",Experian,R03,mail,04/20/2025,2025-05-04,Closed
D0000096,C000662,AZ,35-44,F015,Williams and Sons Retail,EQUIFAX,R10,call center,05/12/2025,,Open
D0004954,C000520,IL,18-24,F010,Abbott-Munoz Retail,experian,R01,web,03/23/2026,15-Apr-2026,Closed
D0003318,C000552,GA,55-64,F014,"Mcclure, Ward and Lee Bank",experian,R01,web,17-Jun-2026,04-Jul-2026,Closed
D0003914,C000077,PA,55-64,F012,Dudley Group Auto,Equifax,R05,online,05/04/2025,10-May-2025,Closed
D0001660,C000007,NC,18-24,F021,Gray-Mayo Collections,equifax,R03,call center,2026-05-11,2026-07-04,Closed
D0005407,C000475,MI,55-64,F027,Baker and Sons Retail,transunion,R01,PHONE,2025-06-29,08/05/2025,Closed
D0004406,C000357,PA,45-54,F002,Doyle Ltd Collections,EXP,R02,Phone,21-Feb-2025,08-Apr-2025,Closed
D0005961,C000582,AZ,55-64,F022,"Watts, Robinson and Nguyen Bank",EQUIFAX,R10,mail,01/24/2026,28-Feb-2026,Closed
D0001165,C000383,FL,45-54,F022,"Watts, Robinson and Nguyen Bank",Trans Union,R06,online,09-May-2026,2026-06-13,Closed
D0003358,C000444,IL,55-64,F012,Dudley Group Auto,TU,R09,PHONE,02/11/2025,03/29/2025,Closed
D0002946,C000639,MI,18-24,F009,Garcia-James Bank,Trans Union,R05,web,2026-07-23,,Open
D0002254,C000310,TX,25-34,F010,Abbott-Munoz Retail,Experian,R03,call center,2025-08-26,,Open
D0001629,C000518,GA,65+,F025,"Walter, Edwards and Rios Bank",Experian,r05,web,12-Jan-2025,01/16/2025,Closed
D0003798,C000742,AZ,18-24,F010,Abbott-Munoz Retail,TU,R06,Online,27-Mar-2025,04/13/2025,Closed
D0005637,C000458,IL,65+,F008,"Henderson, Ramirez and Lewis Auto",Experian,,ONLINE,,12-Jun-2025,Closed
D0004724,C000165,AZ,65+,F027,Baker and Sons Retail,Experian,R08,mail,2025-02-13,2025-03-08,Closed
D0002076,C000022,FL,35-44,F003,"Mcclain, Miller and Henderson Bank",EXP,R06,Mail,2026-08-05,08/18/2026,Closed
D0000945,C000779,TX,45-54,F028,"Hoffman, Baker and Richards Auto",equifax,R02,online,2025-02-11,,Open
D0002247,C000757,AZ,55-64,F013,Arnold Ltd Bank,transunion,R08,ONLINE,22-Jan-2026,01/26/2026,Closed
D0005026,C000625,TX,55-64,F014,"Mcclure, Ward and Lee Bank",Trans Union,R05,Phone,2026-06-23,07/08/2026,Closed
D0005689,C000593,IL,45-54,F023,Perez Inc Credit,experian,r09,ONLINE,02/11/2026,,Open
D0002081,C000135,PA,25-34,F023,Perez Inc Credit,Equifax,R10,ONLINE,2025-04-05,04-May-2025,Closed
D0004799,C000668,GA,35-44,F024,Morales-Jones Auto,TransUnion,R06,PHONE,02/22/2025,2025-03-24,Closed
D0005287,C000109,NC,55-64,F026,Wilkerson-Day Collections,transunion,R03,Mail,12-Aug-2025,17-Aug-2025,Closed
D0002597,C000781,NC,55-64,F022,"Watts, Robinson and Nguyen Bank",UNK,R09,Mail,2025-05-17,2025-06-09,Closed
D0001570,C000722,FL,45-54,F027,Baker and Sons Retail,Trans Union,R01,phone,2025-07-10,22-Jul-2025,Closed
D0002484,C000742,AZ,18-24,F011,Blair PLC Retail,TU,other,phone,14-Feb-2025,24-Feb-2025,Closed
D0003999,C000043,AZ,35-44,F001,"Rodriguez, Figueroa and Sanchez Collections",equifax,r01,Phone,2025-11-18,04-Dec-2025,Closed
D0000205,C000789,GA,45-54,F005,"Guzman, Hoffman and Baldwin Collections",EQF,R07,Mail,02-Aug-2026,08/22/2026,Closed
D0002791,,CA,55-64,F025,"Walter, Edwards and Rios Bank",EQF,R09,web,06/27/2026,05-Jul-2026,Closed
D0004879,C000768,NC,35-44,F029,"Ross, Robinson and Bright Collections",Experian,R01,Phone,13-Oct-2025,06-Nov-2025,Closed
D0000701,C000460,GA,55-64,F013,Arnold Ltd Bank,Trans Union,R07,online,2025-12-09,12/31/2025,Closed
D0003060,C000225,IL,25-34,F030,"Snyder, Campos and Callahan Collections",EQUIFAX,R03,Phone,11-Jan-2025,,Open
D0001875,C000212,WA,55-64,F025,"Walter, Edwards and Rios Bank",experian,R06,Phone,08-Jul-2026,30-Jul-2026,Closed
D0005718,C000138,OH,45-54,F023,Perez Inc Credit,Trans Union,R06,Phone,23-Oct-2025,10/31/2025,Closed
D0005256,C000552,GA,55-64,F012,Dudley Group Auto,EQF,R03,call center,2026-07-17,08/09/2026,Closed
D0004881,C000367,FL,35-44,,Blake and Sons Credit,experian,R03,online,27-May-2026,06-Jun-2026,Closed
D0005785,C000257,AZ,25-34,F005,"Guzman, Hoffman and Baldwin Collections",experian,R05,mail,13-Jun-2026,2026-06-30,Closed
D0000742,C000581,TX,18-24,F007,Blake and Sons Credit,TransUnion,R05,call center,05-Apr-2026,03-May-2026,Closed
D0002727,C000704,IL,25-34,,Gray-Mayo Collections,equifax,R10,MAIL,22-Jun-2025,12-Jul-2025,Closed
D0000391,C000552,GA,55-64,F028,"Hoffman, Baker and Richards Auto",TransUnion,R05,phone,17-Apr-2026,27-May-2026,Closed
D0002180,C000644,TX,65+,F020,"Reid, Ferguson and Sanchez Bank",experian,R10,MAIL,19-Jan-2025,,Closed
D0003611,C000014,WA,65+,F020,"Reid, Ferguson and Sanchez Bank",Equifax,R02,online,05/27/2026,06/25/2026,Closed
D0000091,C000652,NY,25-34,F027,Baker and Sons Retail,equifax,R01,ONLINE,2025-01-10,03-Feb-2025,Closed
D0002618,C000408,AZ,45-54,F012,Dudley Group Auto,TU,R04,Mail,11/19/2025,,Open
D0000870,C000188,FL,65+,F003,"Mcclain, Miller and Henderson Bank",equifax,R01,MAIL,25-Apr-2026,2026-05-23,Closed
D0004950,C000390,OH,25-34,F004,Davis and Sons Bank,transunion,r01,web,07/12/2025,2025-07-15,Closed
D0002590,C000664,AZ,18-24,F004,Davis and Sons Bank,TU,R09,call center,07-Mar-2025,2025-03-10,Closed
D0005159,C000710,AZ,65+,F030,"Snyder, Campos and Callahan Collections",experian,R10,phone,27-Jul-2026,01-Aug-2026,Closed
D0003758,C000175,NY,18-24,F023,Perez Inc Credit,EQF,R08,Phone,30-Jun-2026,07/28/2026,Closed
D0004119,C000754,TX,45-54,F005,"Guzman, Hoffman and Baldwin Collections",Equifax,R04,Phone,24-Nov-2025,,Open
D0004817,C000452,GA,65+,F019,"Adams, Zuniga and Wong Auto",Equifax,R08,Online,28-Jul-2026,07-Aug-2026,Closed
D0002592,C000541,GA,45-54,F019,"Adams, Zuniga and Wong Auto",equifax,R07,Mail,2026-03-08,28-Mar-2026,Closed
D0003035,C000711,AZ,45-54,F005,"Guzman, Hoffman and Baldwin Collections",Trans Union,R04,Phone,05/18/2025,,Open
D0005169,C000191,PA,25-34,F025,"Walter, Edwards and Rios Bank",transunion,R08,PHONE,2025-04-04,,Closed
D0004770,C000561,NY,35-44,F014,"Mcclure, Ward and Lee Bank",TU,R03,MAIL,08/26/2026,2026-09-19,Closed
D0002090,C000521,FL,35-44,F025,"Walter, Edwards and Rios Bank",experian,R06,ONLINE,01-Jan-2025,01/13/2025,Closed
D0001390,C000070,NY,55-64,F002,Doyle Ltd Collections,EXP,R08,online,03-Oct-2025,10/20/2025,Closed
D0001848,C000684,WA,45-54,F012,Dudley Group Auto,Experian,R06,Mail,08/20/2025,17-Sep-2025,Closed
D0004823,C000753,IL,25-34,F015,Williams and Sons Retail,experian,R08,phone,2025-09-04,10/16/2025,Closed
D0000193,C000423,TX,45-54,F025,"Walter, Edwards and Rios Bank",Trans Union,r07,ONLINE,17-Mar-2026,03/27/2026,Closed
D0001324,C000568,OH,18-24,F013,Arnold Ltd Bank,equifax,R02,MAIL,05-Dec-2025,04-Jan-2026,Closed
D0000293,C000285,WA,35-44,F022,"Watts, Robinson and Nguyen Bank",EQF,R07,phone,18-Jul-2026,2026-09-10,Closed
D0004147,C000671,WA,35-44,F006,"Gardner, Robinson and Lawrence Credit",equifax,R02,Online,10-Jan-2026,2026-02-17,Closed
D0005393,C000481,WA,55-64,F014,"Mcclure, Ward and Lee Bank",equifax,R08,mail,27-Aug-2026,2026-09-07,Closed
D0004943,C000244,NY,25-34,F003,"Mcclain, Miller and Henderson Bank",EQUIFAX,R05,phone,03/25/2026,13-Apr-2026,Closed
D0000283,C000365,NC,55-64,F016,Galloway-Wyatt Collections,Experian,,web,2026-02-19,26-Feb-2026,Closed
D0005817,C000447,NC,25-34,F030,"Snyder, Campos and Callahan Collections",TransUnion,r04,web,30-Jan-2026,23-Feb-2026,Closed
D0001816,C000333,OH,45-54,F024,Morales-Jones Auto,EQUIFAX,R05,online,21-Jul-2025,08/09/2025,Closed
D0001763,C000112,WA,25-34,F030,"Snyder, Campos and Callahan Collections",experian,R03,mail,2025-04-25,05/19/2025,Closed
D0003776,C000444,IL,55-64,F024,Morales-Jones Auto,experian,R08,MAIL,05-May-2025,2025-05-26,Closed
D0004131,C000629,NY,18-24,F030,"Snyder, Campos and Callahan Collections",EQF,R09,Mail,05/21/2026,06/10/2026,Closed
D0001122,C000780,GA,35-44,F026,Wilkerson-Day Collections,TransUnion,R08,mail,06/29/2025,2025-07-08,Closed
D0002640,C000625,TX,55-64,F010,Abbott-Munoz Retail,Experian,,ONLINE,2026-07-07,07/15/2026,Closed
D0005511,C000019,NY,65+,F014,"Mcclure, Ward and Lee Bank",EQUIFAX,R02,Mail,02/18/2025,2025-03-01,Closed
D0004904,C000625,TX,55-64,F005,"Guzman, Hoffman and Baldwin Collections",Trans Union,R05,PHONE,17-Jul-2025,,Open
D0000680,C000073,NY,65+,F005,"Guzman, Hoffman and Baldwin Collections",Trans Union,R06,Mail,05/11/2025,06/07/2025,Closed
D0005466,C000164,WA,55-64,F022,"Watts, Robinson and Nguyen Bank",Equifax,R05,phone,2025-10-19,03-Dec-2025,Closed
D0000085,C000786,NC,35-44,F014,"Mcclure, Ward and Lee Bank",equifax,R03,MAIL,10-Mar-2026,2026-03-30,Closed
D0001342,C000161,PA,35-44,F014,"Mcclure, Ward and Lee Bank",Experian,R07,mail,31-Mar-2026,2026-04-26,Closed
D0002491,C000543,CA,45-54,F007,Blake and Sons Credit,Equifax,R05,mail,17-Apr-2026,07-May-2026,Closed
D0001667,C000477,TX,25-34,F023,Perez Inc Credit,EQF,r08,Phone,02/24/2025,,Open
D0003031,C000783,NC,25-34,F007,Blake and Sons Credit,EXP,R01,MAIL,2025-05-18,17-Jun-2025,Closed
D0002042,C000612,OH,25-34,F022,"Watts, Robinson and Nguyen Bank",Experian,R01,phone,09/06/2025,,Open
D0001301,C000745,CA,65+,F018,"Flowers, Martin and Kelly Bank",Equifax,R06,PHONE,06/30/2025,2025-07-07,Closed
D0002398,C000330,NY,45-54,F021,Gray-Mayo Collections,EQF,R09,MAIL,13-Jan-2026,01/16/2026,Closed
D0005595,C000457,WA,25-34,F009,Garcia-James Bank,experian,r08,mail,07/09/2025,2025-07-13,Closed
D0005673,C000423,TX,45-54,F017,James Group Collections,EQUIFAX,R07,ONLINE,03/23/2025,04/05/2025,Closed
D0004359,C000498,NY,55-64,F016,Galloway-Wyatt Collections,UNK,R04,ONLINE,02-Jun-2025,2025-06-19,Closed
D0003859,C000517,CA,45-54,F023,Perez Inc Credit,EQUIFAX,R01,MAIL,2026-03-31,24-Apr-2026,Closed
D0001024,C000364,WA,65+,F022,"Watts, Robinson and Nguyen Bank",TU,r02,Mail,22-Feb-2025,2025-03-15,Closed
D0001434,C000321,PA,25-34,F019,"Adams, Zuniga and Wong Auto",EQUIFAX,R01,Online,11/14/2025,2025-12-16,Closed
D0002222,C000639,MI,18-24,F010,Abbott-Munoz Retail,EQF,R03,mail,02/24/2025,07-Mar-2025,Closed
D0005636,C000721,TX,65+,F023,Perez Inc Credit,Equifax,R05,online,2026-05-01,2026-05-21,Closed
D0001937,C000253,FL,25-34,F012,Dudley Group Auto,transunion,R04,phone,05/31/2026,2026-06-27,Closed
D0005896,C000331,AZ,55-64,F013,Arnold Ltd Bank,EQF,R06,ONLINE,2025-07-27,05-Sep-2025,Closed
D0001760,C000351,NY,65+,F028,"Hoffman, Baker and Richards Auto",EXP,R09,call center,05/24/2025,06-Jun-2025,Closed
D0002830,C000773,MI,35-44,F015,Williams and Sons Retail,Equifax,R08,Mail,12/02/2025,01/24/2026,Closed
D0003357,C000114,PA,65+,F021,Gray-Mayo Collections,EQUIFAX,R09,call center,04/16/2025,07-Jun-2025,Closed
D0002808,C000019,NY,65+,F015,Williams and Sons Retail,TransUnion,R10,web,2025-06-15,06/22/2025,Closed
D0002716,C000391,AZ,18-24,F006,"Gardner, Robinson and Lawrence Credit",TransUnion,R03,call center,2025-10-02,10/24/2025,Closed
D0002896,C000744,PA,35-44,F016,Galloway-Wyatt Collections,EXP,R05,web,04/16/2025,,Open
D0002013,C000759,OH,25-34,F027,Baker and Sons Retail,Experian,R07,phone,06-Jan-2025,2025-01-12,Closed
D0005306,C000539,PA,35-44,F024,Morales-Jones Auto,EQUIFAX,R08,ONLINE,06/29/2026,2026-07-21,Closed
D0002715,C000145,TX,25-34,F028,"Hoffman, Baker and Richards Auto",EXP,r07,phone,08/03/2025,2025-08-07,Closed
D0005085,,FL,25-34,F018,"Flowers, Martin and Kelly Bank",TransUnion,R04,ONLINE,04/28/2026,2026-05-17,Closed
D0004016,C000126,TX,18-24,F027,Baker and Sons Retail,experian,R08,call center,21-Nov-2025,21-Dec-2025,Closed
D0002060,C000768,NC,35-44,F010,Abbott-Munoz Retail,experian,R03,MAIL,17-Aug-2026,,Open
D0001217,C000452,GA,65+,F017,James Group Collections,EQUIFAX,r06,MAIL,28-Oct-2025,11/08/2025,Closed
D0002184,C000782,TX,45-54,F029,"Ross, Robinson and Bright Collections",EQUIFAX,R05,Mail,11-Jul-2026,08/03/2026,Closed
D0005474,C000472,FL,25-34,F027,Baker and Sons Retail,EQUIFAX,r10,online,01-Jun-2026,,Open
D0004771,C000277,NC,65+,F024,Morales-Jones Auto,EQF,R09,phone,2025-12-18,2026-01-02,Closed
D0002569,C000711,AZ,45-54,,Gray-Mayo Collections,EQUIFAX,R05,web,03/30/2025,2025-03-26,Closed
D0003356,C000577,FL,35-44,F029,"Ross, Robinson and Bright Collections",EXP,other,MAIL,24-Jul-2025,03-Aug-2025,Closed
D0005671,C000189,WA,35-44,F004,Davis and Sons Bank,EXP,R01,phone,07/31/2025,2025-08-27,Closed
D0004383,C000635,NC,45-54,F001,"Rodriguez, Figueroa and Sanchez Collections",Experian,R01,Online,2026-01-25,,Open
D0004981,C000399,FL,45-54,F027,Baker and Sons Retail,EQF,R06,Mail,16-Sep-2025,2025-09-26,Closed
D0002575,C000399,FL,45-54,F020,"Reid, Ferguson and Sanchez Bank",transunion,R04,MAIL,05-May-2026,06/01/2026,Closed
D0005667,C000617,WA,45-54,F029,"Ross, Robinson and Bright Collections",Trans Union,R05,MAIL,2025-02-21,04-Apr-2025,Closed
D0005586,C000709,NY,25-34,F009,Garcia-James Bank,EQUIFAX,R02,PHONE,16-Feb-2026,21-Mar-2026,Closed
D0001709,C000157,GA,45-54,F010,Abbott-Munoz Retail,EXP,R09,Phone,2025-03-19,24-Mar-2025,Closed
D0005384,C000134,FL,45-54,F015,Williams and Sons Retail,equifax,,MAIL,16-Nov-2025,25-Nov-2025,Closed
D0005922,C000091,AZ,35-44,F029,"Ross, Robinson and Bright Collections",Experian,R02,Mail,07/19/2025,08/04/2025,Closed
D0003145,C000403,WA,65+,F028,"Hoffman, Baker and Richards Auto",transunion,r08,phone,02/28/2026,22-Apr-2026,Closed
D0001872,C000365,NC,55-64,F025,"Walter, Edwards and Rios Bank",TU,R07,phone,01-Jul-2025,2025-07-29,Closed
D0005132,C000661,FL,45-54,F024,Morales-Jones Auto,TransUnion,R10,Phone,2025-03-05,03/31/2025,Closed
D0003500,C000598,MI,55-64,F029,"Ross, Robinson and Bright Collections",Experian,R05,mail,26-Aug-2025,08/31/2025,Closed
D0002023,C000621,GA,18-24,F020,"Reid, Ferguson and Sanchez Bank",EQUIFAX,R08,phone,26-Jun-2025,19-Jul-2025,Closed
D0005182,C000736,GA,35-44,F029,"Ross, Robinson and Bright Collections",TransUnion,R04,call center,2025-06-03,2025-06-18,Closed
D0004959,C000041,NY,35-44,F013,Arnold Ltd Bank,EQUIFAX,R06,mail,18-Apr-2025,04/26/2025,Closed
D0000021,C000455,TX,35-44,F012,Dudley Group Auto,Experian,R07,Phone,2026-04-03,,Open
D0002009,C000668,GA,35-44,F001,"Rodriguez, Figueroa and Sanchez Collections",EQF,R01,Phone,06/03/2025,07/20/2025,Closed
D0004528,C000788,CA,18-24,F010,Abbott-Munoz Retail,TU,R10,web,2025-05-20,2025-06-10,Closed
D0000829,C000687,FL,65+,F030,"Snyder, Campos and Callahan Collections",EQUIFAX,r07,Phone,05/04/2026,08-May-2026,Closed
D0002760,C000052,NC,25-34,F018,"Flowers, Martin and Kelly Bank",EQUIFAX,r01,call center,12/01/2025,,Open
D0001313,C000730,TX,25-34,F011,Blair PLC Retail,equifax,R08,Mail,,2025-07-06,Closed
D0001988,C000711,AZ,45-54,F004,Davis and Sons Bank,EQUIFAX,R02,mail,07/14/2025,2025-07-27,Closed
D0004055,C000043,AZ,35-44,F030,"Snyder, Campos and Callahan Collections",equifax,R10,Online,20-Feb-2025,2025-03-15,Closed
D0004804,C000045,AZ,18-24,F012,Dudley Group Auto,equifax,R08,Mail,2026-03-22,,Closed
D0003497,C000290,NC,25-34,F003,"Mcclain, Miller and Henderson Bank",EQUIFAX,R02,mail,2026-08-01,,Open
D0003359,C000464,OH,65+,F022,"Watts, Robinson and Nguyen Bank",Experian,r09,mail,2026-07-26,2026-08-01,Closed
D0005246,C000291,FL,45-54,F004,Davis and Sons Bank,equifax,R05,Phone,02/27/2026,15-Mar-2026,Closed
D0002876,C000401,OH,25-34,F005,"Guzman, Hoffman and Baldwin Collections",transunion,R07,Online,04/19/2026,2026-05-31,Closed
D0003917,C000275,WA,45-54,F025,"Walter, Edwards and Rios Bank",EXP,R03,mail,31-Jan-2026,02/20/2026,Closed
D0002602,C000047,NY,55-64,F006,"Gardner, Robinson and Lawrence Credit",experian,R05,MAIL,23-Aug-2025,2025-09-27,Closed
D0001214,C000792,WA,45-54,F030,"Snyder, Campos and Callahan Collections",EQUIFAX,R09,MAIL,09/09/2025,04-Oct-2025,Closed
D0000944,C000741,NY,45-54,F010,Abbott-Munoz Retail,Experian,R09,Online,2025-07-04,,Open
D0001232,C000531,IL,25-34,F012,Dudley Group Auto,EQUIFAX,R01,Online,11/04/2025,05-Dec-2025,Closed
D0005471,C000519,MI,45-54,F028,"Hoffman, Baker and Richards Auto",Trans Union,R08,Mail,2025-01-21,2025-02-22,Closed
D0005363,C000097,MI,35-44,F020,"Reid, Ferguson and Sanchez Bank",EQF,R06,Phone,2026-03-08,03/28/2026,Closed
D0002335,C000760,NY,55-64,,"Ross, Robinson and Bright Collections",Equifax,R05,phone,11/14/2025,11/30/2025,Closed
D0005846,C000523,WA,45-54,F016,Galloway-Wyatt Collections,Experian,R08,MAIL,28-Feb-2025,18-Mar-2025,Closed
D0001710,C000012,MI,18-24,F007,Blake and Sons Credit,equifax,R07,online,05/12/2025,,Closed
D0001142,C000659,FL,45-54,F012,Dudley Group Auto,Trans Union,R01,Online,16-Jul-2026,2026-07-27,Closed
D0002416,C000551,CA,25-34,F025,"Walter, Edwards and Rios Bank",transunion,R08,online,01-Jan-2026,2026-01-22,Closed
D0005923,C000315,GA,55-64,F021,Gray-Mayo Collections,EXP,R06,MAIL,2025-09-15,11-Oct-2025,Closed
D0002155,C000046,MI,65+,F029,"Ross, Robinson and Bright Collections",TU,R09,Online,09-Nov-2025,11/21/2025,Closed
D0000363,C000072,CA,18-24,F015,Williams and Sons Retail,EQUIFAX,R02,Online,02/28/2025,13-Mar-2025,Closed
D0002436,C000005,WA,18-24,F014,"Mcclure, Ward and Lee Bank",TransUnion,R07,mail,01/19/2026,2026-02-24,Closed
D0000850,C000069,OH,25-34,F027,Baker and Sons Retail,EXP,R09,phone,12-Mar-2026,23-Mar-2026,Closed
D0001891,C000774,CA,25-34,F006,"Gardner, Robinson and Lawrence Credit",EXP,R08,Mail,14-May-2026,2026-05-21,Closed
D0001801,C000239,FL,65+,F026,Wilkerson-Day Collections,TransUnion,R07,mail,24-May-2026,06/15/2026,Closed
D0002468,C000687,FL,65+,F004,Davis and Sons Bank,TU,R04,PHONE,15-May-2025,23-Jun-2025,Closed
D0000474,C000611,PA,45-54,F016,Galloway-Wyatt Collections,TU,R04,call center,26-Apr-2025,05/19/2025,Closed
D0001440,C000607,NY,45-54,F018,"Flowers, Martin and Kelly Bank",TU,R04,ONLINE,04/04/2026,,Open
D0003464,C000562,PA,65+,F024,Morales-Jones Auto,TransUnion,R08,MAIL,02/03/2026,02/18/2026,Closed
D0003346,C000155,TX,25-34,,"Mcclure, Ward and Lee Bank",UNK,r07,ONLINE,22-Aug-2026,,Open
D0003171,C000150,GA,25-34,F005,"Guzman, Hoffman and Baldwin Collections",Trans Union,R02,phone,01/24/2026,02/08/2026,Closed
D0001074,C000224,NY,65+,F017,James Group Collections,equifax,R10,call center,2025-12-04,01/05/2026,Closed
D0001678,C000627,WA,25-34,F007,Blake and Sons Credit,Experian,R10,ONLINE,2025-03-05,2025-04-18,Closed
D0001268,C000208,NC,35-44,F021,Gray-Mayo Collections,transunion,R10,online,11/03/2025,15-Dec-2025,Closed
D0004430,C000253,FL,25-34,F004,Davis and Sons Bank,TU,R09,Phone,03-Jul-2026,08/18/2026,Closed
D0003339,C000117,GA,18-24,F005,"Guzman, Hoffman and Baldwin Collections",experian,r08,phone,2026-03-07,2026-04-29,Closed
D0004073,C000290,NC,25-34,F027,Baker and Sons Retail,Experian,R01,MAIL,05/30/2026,06/25/2026,Closed
D0002054,C000480,IL,18-24,F030,"Snyder, Campos and Callahan Collections",experian,XX99,Mail,02/26/2025,2025-03-24,Closed
D0001581,C000228,PA,55-64,F027,Baker and Sons Retail,EQF,R03,Online,14-Aug-2026,09/02/2026,Closed
D0003445,C000326,WA,55-64,F009,Garcia-James Bank,Experian,R08,PHONE,13-Sep-2025,2025-11-04,Closed
D0001102,C000755,TX,65+,F026,Wilkerson-Day Collections,EXP,r07,Mail,,17-May-2025,Closed
D0000251,C000309,MI,35-44,F012,Dudley Group Auto,TU,R09,MAIL,03/05/2026,,Open
D0000796,C000006,AZ,65+,F011,Blair PLC Retail,EQF,R09,MAIL,15-Dec-2025,01/07/2026,Closed
D0005224,C000638,NC,18-24,F008,"Henderson, Ramirez and Lewis Auto",TransUnion,r06,ONLINE,2025-06-28,16-Jul-2025,Closed
D0003507,C000102,MI,18-24,F001,"Rodriguez, Figueroa and Sanchez Collections",TU,R08,mail,,2025-05-16,Closed
D0002674,C000673,FL,45-54,F019,"Adams, Zuniga and Wong Auto",Experian,R06,mail,17-Jan-2025,,Open
D0002201,C000544,WA,35-44,F017,James Group Collections,Equifax,R09,MAIL,14-Mar-2025,,Open
D0005318,C000572,PA,18-24,F015,Williams and Sons Retail,Equifax,R02,mail,2025-09-30,17-Oct-2025,Closed
D0003796,C000459,MI,35-44,F018,"Flowers, Martin and Kelly Bank",TU,R05,MAIL,11-Jul-2026,07/20/2026,Closed
D0003046,C000339,IL,25-34,F008,"Henderson, Ramirez and Lewis Auto",EQUIFAX,r02,phone,2026-06-08,04-Jul-2026,Closed
D0003287,C000336,NC,45-54,F026,Wilkerson-Day Collections,Experian,R01,online,2025-04-16,19-Apr-2025,Closed
D0003333,C000646,GA,25-34,F009,Garcia-James Bank,EQUIFAX,R10,ONLINE,2025-08-06,2025-08-24,Closed
D0001675,C000326,WA,55-64,F020,"Reid, Ferguson and Sanchez Bank",Equifax,R06,call center,06-Jan-2026,30-Jan-2026,Closed
D0004438,C000166,GA,25-34,F010,Abbott-Munoz Retail,Experian,R10,MAIL,2026-02-19,2026-02-25,Closed
D0005956,C000402,MI,55-64,F030,"Snyder, Campos and Callahan Collections",TransUnion,R08,web,03/16/2025,,Open
D0004633,C000566,GA,18-24,F029,"Ross, Robinson and Bright Collections",Trans Union,R01,Phone,01/17/2026,01/31/2026,Closed
D0001544,C000541,GA,45-54,F021,Gray-Mayo Collections,Trans Union,R06,PHONE,2025-09-15,2025-10-11,Closed
D0005898,C000178,MI,18-24,,Morales-Jones Auto,EXP,R09,MAIL,12/08/2025,2026-01-09,Closed
D0005110,C000329,TX,45-54,F015,Williams and Sons Retail,transunion,R04,phone,03/02/2025,25-Apr-2025,Closed
D0004835,C000746,OH,25-34,,"Henderson, Ramirez and Lewis Auto",Experian,R10,Mail,,27-Jan-2026,Closed
D0002820,C000136,TX,18-24,F022,"Watts, Robinson and Nguyen Bank",Trans Union,R05,mail,01/23/2026,2026-03-03,Closed
D0002173,C000001,AZ,18-24,F016,Galloway-Wyatt Collections,Trans Union,R04,web,13-Nov-2025,,Open
D0002000,C000288,OH,45-54,F025,"Walter, Edwards and Rios Bank",EQUIFAX,R01,Phone,07/22/2025,25-Jul-2025,Closed
D0002447,C000602,NC,35-44,F005,"Guzman, Hoffman and Baldwin Collections",EQF,R02,MAIL,11/22/2025,,Open
D0000715,C000749,TX,65+,F026,Wilkerson-Day Collections,experian,R02,Mail,10-Feb-2025,03/02/2025,Closed
D0003795,C000608,NC,45-54,F007,Blake and Sons Credit,EQUIFAX,R10,web,07/17/2026,09/06/2026,Closed
D0003005,C000437,MI,55-64,F004,Davis and Sons Bank,TU,r09,MAIL,06/13/2025,2025-07-05,Closed
D0005927,C000633,AZ,18-24,F029,"Ross, Robinson and Bright Collections",Trans Union,R05,MAIL,24-Jan-2025,07-Feb-2025,Closed
D0000943,C000293,AZ,65+,F004,Davis and Sons Bank,EXP,R04,MAIL,2025-03-15,2025-05-09,Closed
D0003102,C000756,FL,65+,F030,"Snyder, Campos and Callahan Collections",Trans Union,R02,PHONE,09-Mar-2026,03/17/2026,Closed
D0000355,C000482,NY,35-44,F026,Wilkerson-Day Collections,EQF,R08,Mail,03/08/2025,31-Mar-2025,Closed
D0003491,C000753,IL,25-34,F029,"Ross, Robinson and Bright Collections",EQF,R07,Online,2025-04-05,23-May-2025,Closed
D0005278,C000631,OH,55-64,F024,Morales-Jones Auto,equifax,R06,Mail,2026-02-17,02/25/2026,Closed
D0003768,C000675,FL,45-54,F010,Abbott-Munoz Retail,transunion,R08,ONLINE,20-Jan-2026,2026-02-07,Closed
D0005540,C000693,AZ,65+,,Wilkerson-Day Collections,EQF,R03,PHONE,08/18/2025,16-Sep-2025,Closed
D0005423,C000681,CA,55-64,F009,Garcia-James Bank,Experian,R02,mail,01/18/2025,2025-02-05,Closed
D0001519,C000212,WA,55-64,F015,Williams and Sons Retail,experian,R06,MAIL,14-Oct-2025,29-Oct-2025,Closed
D0004663,C000013,NC,25-34,F011,Blair PLC Retail,Experian,R08,Mail,2025-07-26,08/14/2025,Closed
D0005853,C000424,OH,65+,F006,"Gardner, Robinson and Lawrence Credit",equifax,R10,PHONE,10/08/2025,10/13/2025,Closed
D0001781,C000370,OH,65+,F030,"Snyder, Campos and Callahan Collections",EQUIFAX,R03,MAIL,08/17/2026,2026-08-20,Closed
D0001134,C000177,NY,18-24,F009,Garcia-James Bank,Experian,R01,Mail,04/27/2026,2026-05-01,Closed
D0005331,C000068,MI,45-54,F015,Williams and Sons Retail,EXP,r05,online,11-Feb-2025,2025-03-05,Closed
D0000897,C000683,CA,55-64,F002,Doyle Ltd Collections,TransUnion,R06,call center,01/09/2026,01/20/2026,Closed
D0002006,C000008,MI,45-54,F028,"Hoffman, Baker and Richards Auto",Experian,R07,Online,2026-03-22,06-Apr-2026,Closed
D0004439,C000799,WA,35-44,F005,"Guzman, Hoffman and Baldwin Collections",EQF,R02,web,2026-08-18,,Open
D0001444,C000478,IL,25-34,F021,Gray-Mayo Collections,Equifax,R09,online,2025-09-08,09/22/2025,Closed
D0005708,C000737,AZ,65+,F004,Davis and Sons Bank,Experian,R09,Online,21-Mar-2026,04/14/2026,Closed
D0001442,C000768,NC,35-44,F002,Doyle Ltd Collections,EXP,r09,Online,,12-Apr-2025,Closed
D0004542,C000653,NC,45-54,F003,"Mcclain, Miller and Henderson Bank",EQF,R02,phone,2026-07-27,05-Sep-2026,Closed
D0001748,C000369,CA,45-54,F018,"Flowers, Martin and Kelly Bank",Experian,R05,call center,19-Nov-2025,16-Dec-2025,Closed
D0005645,C000664,AZ,18-24,F030,"Snyder, Campos and Callahan Collections",transunion,R09,web,05/27/2025,06/06/2025,Closed
D0000682,C000796,NY,35-44,F005,"Guzman, Hoffman and Baldwin Collections",TU,R08,MAIL,10-Feb-2025,27-Feb-2025,Closed
D0002972,C000420,NC,65+,F018,"Flowers, Martin and Kelly Bank",experian,r01,online,,20-Mar-2025,Closed
D0001788,C000198,NC,25-34,F025,"Walter, Edwards and Rios Bank",EXP,r09,MAIL,04-Sep-2025,09/20/2025,Closed
D0001188,C000648,CA,18-24,F010,Abbott-Munoz Retail,EXP,R07,mail,2025-11-21,2025-12-16,Closed
D0004772,C000261,AZ,55-64,F002,Doyle Ltd Collections,Equifax,see notes,phone,04/15/2026,06/03/2026,Closed
D0001710,C000012,MI,18-24,F007,Blake and Sons Credit,equifax,R07,online,05/12/2025,,Closed
D0004437,C000169,MI,65+,F015,Williams and Sons Retail,transunion,r04,MAIL,2025-12-11,,Open
D0004996,C000208,NC,35-44,F020,"Reid, Ferguson and Sanchez Bank",Experian,R01,MAIL,,01-May-2025,Closed
D0005565,C000561,NY,35-44,F028,"Hoffman, Baker and Richards Auto",Equifax,R05,Phone,02/18/2025,2025-03-17,Closed
D0003397,C000303,AZ,25-34,F019,"Adams, Zuniga and Wong Auto",Experian,r10,MAIL,2026-01-14,04-Feb-2026,Closed
D0001022,C000435,IL,45-54,F001,"Rodriguez, Figueroa and Sanchez Collections",Equifax,R04,MAIL,03-Sep-2025,2025-09-29,Closed
D0000496,C000300,MI,65+,F005,"Guzman, Hoffman and Baldwin Collections",TU,R04,Mail,02/12/2026,2026-02-17,Closed
D0000062,C000090,NC,18-24,F006,"Gardner, Robinson and Lawrence Credit",TU,R01,mail,18-Mar-2026,2026-04-03,Closed
D0000161,C000760,NY,55-64,F030,"Snyder, Campos and Callahan Collections",Equifax,R09,online,2026-08-13,,Open
D0003574,C000588,TX,45-54,F022,"Watts, Robinson and Nguyen Bank",EXP,r05,call center,04/15/2026,03-Jun-2026,Closed
D0000260,C000053,AZ,35-44,F004,Davis and Sons Bank,transunion,R06,web,28-Jan-2026,11-Feb-2026,Closed
D0004578,C000673,FL,45-54,F015,Williams and Sons Retail,EQUIFAX,R05,Mail,12/26/2025,2026-02-12,Closed
D0002088,C000726,AZ,18-24,F018,"Flowers, Martin and Kelly Bank",TU,R10,PHONE,2026-05-24,06/14/2026,Closed
D0003673,C000410,FL,18-24,F006,"Gardner, Robinson and Lawrence Credit",TU,r10,Phone,24-May-2025,2025-06-25,Closed
D0002710,C000435,IL,45-54,F013,Arnold Ltd Bank,Trans Union,R10,online,2025-03-14,04/13/2025,Closed
D0002564,C000372,WA,25-34,F008,"Henderson, Ramirez and Lewis Auto",Equifax,R05,call center,03/09/2025,2025-04-10,Closed
D0005521,C000187,OH,35-44,F028,"Hoffman, Baker and Richards Auto",Experian,R02,MAIL,2025-01-01,2025-01-26,Closed
D0002689,C000266,MI,35-44,F021,Gray-Mayo Collections,EXP,R02,Online,11-Mar-2025,2025-03-29,Closed
D0004844,C000711,AZ,45-54,F003,"Mcclain, Miller and Henderson Bank",EQF,r02,mail,12-May-2025,,Open
D0000059,C000079,IL,55-64,F010,Abbott-Munoz Retail,TransUnion,r06,mail,06/16/2025,16-Jul-2025,Closed
D0002166,C000268,MI,45-54,F006,"Gardner, Robinson and Lawrence Credit",EXP,R04,web,01-May-2025,05/05/2025,Closed
D0002287,C000201,TX,25-34,F016,Galloway-Wyatt Collections,Experian,R08,MAIL,02/11/2025,2025-04-03,Closed
D0000621,C000311,AZ,35-44,F013,Arnold Ltd Bank,TU,R01,web,2025-07-12,2025-08-10,Closed
D0005575,C000029,TX,45-54,F002,Doyle Ltd Collections,Experian,R01,mail,06/11/2026,24-Jul-2026,Closed
D0001728,C000673,FL,45-54,F010,Abbott-Munoz Retail,EXP,R06,online,02/02/2025,02/11/2025,Closed
D0004099,C000322,NY,65+,F007,Blake and Sons Credit,EXP,r09,phone,05/20/2025,2025-06-19,Closed
D0001193,C000670,AZ,45-54,F030,"Snyder, Campos and Callahan Collections",experian,r05,call center,2025-10-09,,Open
D0004984,C000455,TX,35-44,F008,"Henderson, Ramirez and Lewis Auto",equifax,R06,Phone,07/19/2025,2025-07-22,Closed
D0005148,C000281,PA,18-24,F017,James Group Collections,experian,R03,phone,2026-03-18,2026-03-28,Closed
D0002579,C000494,PA,45-54,F003,"Mcclain, Miller and Henderson Bank",EXP,R04,mail,06/30/2026,08/01/2026,Closed
D0001398,C000052,NC,25-34,F021,Gray-Mayo Collections,equifax,R03,Phone,02/01/2025,2025-02-04,Closed
D0002787,C000006,AZ,65+,F002,Doyle Ltd Collections,Experian,R04,PHONE,14-May-2025,06/18/2025,Closed
D0005773,C000697,WA,25-34,F003,"Mcclain, Miller and Henderson Bank",Experian,R04,Phone,18-Apr-2025,04/27/2025,Closed
D0005883,C000491,NY,18-24,F014,"Mcclure, Ward and Lee Bank",Experian,R08,mail,19-Jul-2026,04-Aug-2026,Closed
D0005113,C000778,TX,65+,F016,Galloway-Wyatt Collections,Experian,r08,MAIL,2026-04-17,20-Apr-2026,Closed
D0001408,C000350,PA,65+,F013,Arnold Ltd Bank,Experian,R09,web,2025-11-09,,Open
D0003304,C000323,WA,18-24,F002,Doyle Ltd Collections,EXP,R07,mail,03/26/2026,06-Apr-2026,Closed
D0001727,C000753,IL,25-34,F005,"Guzman, Hoffman and Baldwin Collections",Experian,R03,PHONE,2026-02-28,11-Mar-2026,Closed
D0000674,C000421,OH,18-24,F004,Davis and Sons Bank,TU,R07,phone,2025-01-11,02/04/2025,Closed
D0002600,C000465,GA,35-44,F020,"Reid, Ferguson and Sanchez Bank",Equifax,R05,ONLINE,10/08/2025,2025-10-14,Closed
D0003740,C000437,MI,55-64,F019,"Adams, Zuniga and Wong Auto",experian,r06,mail,17-Nov-2025,2025-12-27,Closed
D0005012,C000321,PA,25-34,F009,Garcia-James Bank,experian,R09,Mail,2025-08-20,09/19/2025,Closed
D0003323,C000719,MI,45-54,F029,"Ross, Robinson and Bright Collections",EQUIFAX,R02,phone,02/18/2025,,Closed
D0004022,C000397,GA,65+,F012,Dudley Group Auto,TU,R04,web,01/13/2026,02/09/2026,Closed
D0000923,C000313,NY,18-24,F020,"Reid, Ferguson and Sanchez Bank",experian,R10,Mail,,23-Jun-2025,Closed
D0001362,C000526,AZ,55-64,F006,"Gardner, Robinson and Lawrence Credit",Experian,R09,call center,17-Dec-2025,2026-01-30,Closed
D0004436,C000545,MI,35-44,F020,"Reid, Ferguson and Sanchez Bank",Experian,R09,web,28-Aug-2025,21-Sep-2025,Closed
D0001864,C000777,PA,55-64,F023,Perez Inc Credit,TransUnion,R05,ONLINE,08/26/2025,07-Sep-2025,Closed
D0002773,C000008,MI,45-54,F016,Galloway-Wyatt Collections,transunion,,MAIL,2026-07-26,2026-09-17,Closed
D0002522,C000425,GA,65+,F010,Abbott-Munoz Retail,experian,R02,call center,2025-12-02,01/12/2026,Closed
D0004793,C000278,WA,65+,F021,Gray-Mayo Collections,EQUIFAX,R08,web,27-Feb-2026,03/07/2026,Closed
D0000731,C000148,NY,45-54,F005,"Guzman, Hoffman and Baldwin Collections",transunion,R06,Phone,05/07/2025,05/23/2025,Closed
D0000227,C000242,MI,65+,F006,"Gardner, Robinson and Lawrence Credit",Trans Union,r07,web,21-Mar-2025,2025-04-19,Closed
D0000957,C000401,OH,25-34,F013,Arnold Ltd Bank,transunion,R04,Phone,2026-01-13,02-Mar-2026,Closed
D0004592,C000683,CA,55-64,F027,Baker and Sons Retail,EQF,R01,Online,2025-04-16,2025-05-08,Closed
D0004454,C000085,IL,45-54,F014,"Mcclure, Ward and Lee Bank",EQUIFAX,R04,Mail,07/20/2025,07/26/2025,Closed
D0002267,C000181,MI,25-34,F021,Gray-Mayo Collections,Equifax,R06,mail,11-May-2025,05/23/2025,Closed
D0004544,C000770,AZ,18-24,F013,Arnold Ltd Bank,Experian,R05,online,2026-05-12,2026-06-01,Closed
D0005642,C000665,GA,35-44,F005,"Guzman, Hoffman and Baldwin Collections",equifax,R03,online,03-Aug-2025,2025-08-15,Closed
D0004072,C000635,NC,45-54,F017,James Group Collections,TransUnion,r06,MAIL,,2025-10-04,Closed
D0002299,C000681,CA,55-64,F008,"Henderson, Ramirez and Lewis Auto",TU,R10,Mail,08/13/2025,2025-09-25,Closed
D0000408,C000389,NC,18-24,F006,"Gardner, Robinson and Lawrence Credit",EQUIFAX,r04,call center,01/18/2026,11-Feb-2026,Closed
D0004635,C000303,AZ,25-34,F024,Morales-Jones Auto,transunion,r07,phone,09-Feb-2026,2026-02-21,Closed
D0002608,C000358,MI,65+,F027,Baker and Sons Retail,Equifax,R05,Mail,07/03/2025,,Open
D0003042,C000145,TX,25-34,,"Hoffman, Baker and Richards Auto",Trans Union,R05,Mail,26-Aug-2025,14-Sep-2025,Closed
D0001015,C000148,NY,45-54,F015,Williams and Sons Retail,Equifax,R04,Mail,03/06/2026,15-Apr-2026,Closed
D0005677,C000583,FL,65+,F002,Doyle Ltd Collections,TransUnion,R07,online,2025-08-07,04-Sep-2025,Closed
D0003462,C000635,NC,45-54,F017,James Group Collections,experian,,PHONE,06/18/2026,2026-07-14,Closed
D0004947,C000031,IL,65+,F005,"Guzman, Hoffman and Baldwin Collections",Experian,R06,web,02/16/2026,2026-03-10,Closed
D0001297,C000198,NC,25-34,F015,Williams and Sons Retail,transunion,R02,online,02/09/2025,16-Mar-2025,Closed
D0001059,C000402,MI,55-64,F006,"Gardner, Robinson and Lawrence Credit",Trans Union,R05,call center,07/23/2026,22-Jul-2026,Closed
D0003372,C000624,TX,45-54,F013,Arnold Ltd Bank,transunion,R10,call center,04-Dec-2025,,Open
D0004887,C000285,WA,35-44,F021,Gray-Mayo Collections,TU,r09,phone,06/19/2025,14-Jul-2025,Closed
D0002178,C000655,NY,25-34,F016,Galloway-Wyatt Collections,TransUnion,R04,PHONE,06/18/2025,,Open
D0002515,C000099,TX,35-44,F028,"Hoffman, Baker and Richards Auto",transunion,R10,Mail,06-Feb-2025,2025-03-11,Closed
D0000981,C000125,CA,25-34,F019,"Adams, Zuniga and Wong Auto",EXP,R06,call center,2025-09-04,09/14/2025,Closed
D0005260,C000565,NC,18-24,F029,"Ross, Robinson and Bright Collections",TransUnion,R02,online,11/09/2025,17-Dec-2025,Closed
D0000102,C000331,AZ,55-64,F005,"Guzman, Hoffman and Baldwin Collections",TU,R10,Mail,06/11/2025,04-Jul-2025,Closed
D0001433,,FL,35-44,F009,Garcia-James Bank,Experian,R08,online,2026-06-14,,Open
D0002174,C000371,AZ,45-54,F016,Galloway-Wyatt Collections,EQF,R03,Mail,12-Oct-2025,02-Nov-2025,Closed
D0005754,C000389,NC,18-24,F017,James Group Collections,Trans Union,R08,online,10/09/2025,19-Oct-2025,Closed
D0002605,C000536,GA,18-24,F030,"Snyder, Campos and Callahan Collections",EXP,R08,mail,2025-10-07,10/30/2025,Closed
D0001932,C000019,NY,65+,F005,"Guzman, Hoffman and Baldwin Collections",EXP,R04,Online,2026-01-31,2026-02-11,Closed
D0002449,C000252,CA,45-54,F025,"Walter, Edwards and Rios Bank",EQF,R01,mail,2026-07-26,2026-08-21,Closed
D0004266,C000193,IL,45-54,F013,Arnold Ltd Bank,EXP,R03,phone,03/26/2025,2025-04-10,Closed
D0000219,C000153,CA,65+,F009,Garcia-James Bank,TU,R06,Mail,2025-02-01,02/21/2025,Closed
D0002433,C000111,NC,65+,F016,Galloway-Wyatt Collections,EQF,R09,ONLINE,2026-02-25,04/19/2026,Closed
D0004521,C000036,FL,35-44,F021,Gray-Mayo Collections,Trans Union,r02,call center,05/22/2026,25-May-2026,Closed
D0001841,C000044,WA,65+,F022,"Watts, Robinson and Nguyen Bank",equifax,R02,Mail,2025-09-12,,Open
D0005670,C000058,MI,65+,F030,"Snyder, Campos and Callahan Collections",Equifax,R02,Mail,11-Feb-2025,2025-02-27,Closed
D0002450,C000790,PA,65+,F026,Wilkerson-Day Collections,TU,R02,call center,18-Sep-2025,2025-10-16,Closed
D0000518,C000270,OH,45-54,F020,"Reid, Ferguson and Sanchez Bank",experian,R08,MAIL,01/25/2026,2026-02-08,Closed
D0004783,C000604,WA,35-44,F015,Williams and Sons Retail,experian,R05,mail,06/14/2025,22-Jun-2025,Closed
D0004554,C000775,IL,18-24,F018,"Flowers, Martin and Kelly Bank",EQUIFAX,see notes,MAIL,2025-05-16,21-May-2025,Closed
D0004670,C000440,GA,35-44,F014,"Mcclure, Ward and Lee Bank",EQUIFAX,R05,online,08/18/2026,2026-08-26,Closed
D0000733,C000705,IL,45-54,F028,"Hoffman, Baker and Richards Auto",EQUIFAX,R09,online,10/10/2025,18-Nov-2025,Closed
D0003716,C000222,IL,18-24,F014,"Mcclure, Ward and Lee Bank",EXP,R10,mail,09/14/2025,10/09/2025,Closed
D0000374,C000337,NY,65+,F005,"Guzman, Hoffman and Baldwin Collections",Experian,R06,online,12-Oct-2025,16-Oct-2025,Closed
D0000867,C000475,MI,55-64,F029,"Ross, Robinson and Bright Collections",Trans Union,R10,online,04/22/2025,05-May-2025,Closed
D0001740,C000570,CA,65+,F015,Williams and Sons Retail,equifax,R08,online,16-Aug-2025,,Open
D0001336,C000101,CA,25-34,F026,Wilkerson-Day Collections,Experian,r10,phone,2025-07-18,29-Jul-2025,Closed
D0006000,C000152,NC,18-24,F025,"Walter, Edwards and Rios Bank",Trans Union,R02,web,2026-02-02,13-Feb-2026,Closed
D0005295,C000705,IL,45-54,F003,"Mcclain, Miller and Henderson Bank",transunion,R02,PHONE,2025-12-14,,Open
D0005706,C000673,FL,45-54,F014,"Mcclure, Ward and Lee Bank",TransUnion,R03,MAIL,2025-06-24,07/14/2025,Closed
D0002783,C000295,MI,35-44,F019,"Adams, Zuniga and Wong Auto",TU,R08,Mail,04-Jun-2025,,Open
D0005002,C000703,NC,55-64,F026,Wilkerson-Day Collections,experian,R03,PHONE,28-May-2025,07/04/2025,Closed
D0000489,C000542,TX,55-64,F026,Wilkerson-Day Collections,equifax,R06,phone,16-Jul-2025,,Open
D0001582,C000719,MI,45-54,F004,Davis and Sons Bank,equifax,R06,online,03/09/2026,,Open
D0004139,C000635,NC,45-54,F007,Blake and Sons Credit,TU,R04,online,10-Jan-2025,03/05/2025,Closed
D0003347,C000577,FL,35-44,F003,"Mcclain, Miller and Henderson Bank",EXP,R10,online,26-Jul-2025,12-Aug-2025,Closed
D0004204,C000276,CA,55-64,F027,Baker and Sons Retail,Experian,R05,Online,2026-08-18,17-Aug-2026,Closed
D0000849,C000034,WA,18-24,F013,Arnold Ltd Bank,Equifax,,phone,08/24/2025,22-Sep-2025,Closed
D0001070,C000536,GA,18-24,F009,Garcia-James Bank,TU,R05,mail,10/10/2025,11/05/2025,Closed
D0001382,C000449,WA,45-54,F025,"Walter, Edwards and Rios Bank",equifax,R03,Phone,2025-09-02,22-Sep-2025,Closed
D0004766,C000299,PA,55-64,F027,Baker and Sons Retail,Trans Union,R02,online,07/13/2025,2025-08-04,Closed
D0004928,C000195,CA,45-54,F028,"Hoffman, Baker and Richards Auto",EQF,R07,web,02/10/2026,08-Mar-2026,Closed
D0000257,C000588,TX,45-54,F029,"Ross, Robinson and Bright Collections",EXP,R08,online,01/06/2025,2025-01-24,Closed
D0002752,C000797,MI,65+,F016,Galloway-Wyatt Collections,Experian,r02,MAIL,09-Jul-2026,12-Jul-2026,Closed
D0005888,C000197,TX,18-24,F030,"Snyder, Campos and Callahan Collections",experian,R06,MAIL,01-Jul-2026,2026-07-12,Closed
D0004851,C000238,FL,65+,F026,Wilkerson-Day Collections,experian,R04,Mail,08-Jan-2026,2026-02-09,Closed
D0002757,C000051,AZ,65+,,Morales-Jones Auto,Experian,R03,Phone,06/10/2025,17-Jun-2025,Closed
D0004281,C000597,PA,25-34,F021,Gray-Mayo Collections,transunion,R10,call center,19-Aug-2026,2026-09-30,Closed
D0005128,C000139,PA,45-54,F022,"Watts, Robinson and Nguyen Bank",TransUnion,R10,web,09-Aug-2026,,Open
D0003900,C000013,NC,25-34,F005,"Guzman, Hoffman and Baldwin Collections",Equifax,R05,mail,,05-Aug-2025,Closed
D0003420,C000536,GA,18-24,F022,"Watts, Robinson and Nguyen Bank",experian,R02,Phone,02/13/2025,02/28/2025,Closed
D0002785,C000107,GA,55-64,F018,"Flowers, Martin and Kelly Bank",TU,R06,Mail,14-Jul-2026,08/20/2026,Closed
D0002102,C000612,OH,25-34,F005,"Guzman, Hoffman and Baldwin Collections",Equifax,R09,phone,06/10/2025,07/02/2025,Closed
D0001021,C000019,NY,65+,F012,Dudley Group Auto,EQF,R03,online,2025-04-11,17-May-2025,Closed
D0002281,C000131,NC,25-34,F025,"Walter, Edwards and Rios Bank",EXP,other,mail,2025-08-05,30-Aug-2025,Closed
D0001082,C000412,AZ,25-34,F005,"Guzman, Hoffman and Baldwin Collections",experian,R01,web,26-Jun-2026,08/13/2026,Closed
D0005335,C000106,NY,65+,F020,"Reid, Ferguson and Sanchez Bank",EXP,R06,phone,07/20/2026,09/02/2026,Closed
D0001996,C000594,GA,45-54,F026,Wilkerson-Day Collections,transunion,R07,Mail,2025-03-28,,Open
D0002930,C000301,OH,45-54,F010,Abbott-Munoz Retail,TransUnion,R07,MAIL,03/09/2025,2025-04-06,Closed
D0005119,C000726,AZ,18-24,F023,Perez Inc Credit,EQUIFAX,XX99,mail,16-Apr-2025,,Open
D0000105,C000592,NC,65+,F021,Gray-Mayo Collections,equifax,R03,phone,19-Aug-2025,18-Sep-2025,Closed
D0000339,C000771,NY,18-24,F023,Perez Inc Credit,equifax,R01,online,04/09/2026,22-Apr-2026,Closed
D0003234,C000568,OH,18-24,F026,Wilkerson-Day Collections,Experian,R07,Online,2026-05-21,07/12/2026,Closed
D0001507,C000424,OH,65+,F021,Gray-Mayo Collections,Equifax,R01,web,2025-06-15,07/15/2025,Closed
D0001715,C000110,PA,25-34,F012,Dudley Group Auto,transunion,r03,Mail,2026-05-12,06/03/2026,Closed
D0000194,C000228,PA,55-64,F007,Blake and Sons Credit,EXP,R10,web,2025-11-19,,Open
D0000595,C000233,MI,55-64,F015,Williams and Sons Retail,equifax,R09,Phone,2025-04-24,05/01/2025,Closed
D0003267,C000479,OH,25-34,F022,"Watts, Robinson and Nguyen Bank",EXP,R10,PHONE,2025-12-14,2026-01-10,Closed
D0003771,C000324,TX,45-54,F004,Davis and Sons Bank,equifax,r08,PHONE,05/31/2025,07/24/2025,Closed
D0003096,C000680,PA,35-44,F030,"Snyder, Campos and Callahan Collections",Trans Union,R06,web,20-Jun-2026,2026-07-03,Closed
D0003168,C000359,CA,55-64,F024,Morales-Jones Auto,TransUnion,r04,call center,01/15/2025,01/26/2025,Closed
D0003477,C000797,MI,65+,F030,"Snyder, Campos and Callahan Collections",Experian,R04,ONLINE,02/04/2026,03/29/2026,Closed
D0003881,C000709,NY,25-34,F007,Blake and Sons Credit,Trans Union,R09,call center,29-Jan-2025,2025-02-09,Closed
D0004595,C000344,TX,65+,F017,James Group Collections,transunion,R02,Online,2026-02-25,03/01/2026,Closed
D0004756,C000181,MI,25-34,F007,Blake and Sons Credit,EQF,R09,call center,2025-03-05,,Open
D0003277,C000404,TX,25-34,F022,"Watts, Robinson and Nguyen Bank",equifax,R07,Online,2025-01-19,13-Mar-2025,Closed
D0001762,C000283,MI,35-44,F002,Doyle Ltd Collections,Equifax,R01,Phone,2025-03-05,2025-03-17,Closed
D0003261,C000437,MI,55-64,F027,Baker and Sons Retail,Experian,R05,PHONE,29-Jan-2025,04-Feb-2025,Closed
D0005959,C000077,PA,55-64,F028,"Hoffman, Baker and Richards Auto",Equifax,r03,PHONE,03-Jan-2025,20-Jan-2025,Closed
D0001138,C000569,PA,55-64,F009,Garcia-James Bank,experian,R08,phone,04/23/2025,2025-05-04,Closed
D0000646,C000462,PA,65+,F012,Dudley Group Auto,TU,R08,Mail,05/07/2026,2026-05-25,Closed
D0002904,C000656,NY,18-24,F026,Wilkerson-Day Collections,TU,R10,MAIL,10/08/2025,2025-11-22,Closed
D0000480,C000786,NC,35-44,F014,"Mcclure, Ward and Lee Bank",TU,R07,phone,01-Apr-2025,2025-04-13,Closed
D0005657,C000781,NC,55-64,F024,Morales-Jones Auto,transunion,R03,ONLINE,2025-12-05,05-Jan-2026,Closed
D0001658,,NY,25-34,F023,Perez Inc Credit,TransUnion,r08,mail,2025-02-18,02/27/2025,Closed
D0004394,C000390,OH,25-34,F011,Blair PLC Retail,EQUIFAX,r08,Mail,2025-04-15,2025-05-05,Closed
D0005623,C000350,PA,65+,F017,James Group Collections,EXP,R10,online,06-Jan-2026,02/05/2026,Closed
D0000813,C000368,PA,45-54,F018,"Flowers, Martin and Kelly Bank",equifax,see notes,web,01-Dec-2025,2025-12-28,Closed
D0002148,C000481,WA,55-64,F002,Doyle Ltd Collections,Trans Union,R10,MAIL,07/25/2026,2026-08-13,Closed
D0001574,C000454,GA,18-24,F018,"Flowers, Martin and Kelly Bank",experian,R10,PHONE,07-Nov-2025,2025-11-28,Closed
D0004809,,AZ,18-24,F013,Arnold Ltd Bank,Equifax,R05,call center,,29-Jul-2025,Closed
D0005151,C000137,AZ,45-54,F019,"Adams, Zuniga and Wong Auto",Trans Union,R10,Phone,2026-08-12,2026-09-11,Closed
D0003263,C000622,NY,55-64,F017,James Group Collections,EQUIFAX,R09,phone,2025-01-21,01/31/2025,Closed
D0001170,C000328,NC,25-34,F024,Morales-Jones Auto,transunion,R03,ONLINE,26-Aug-2026,25-Sep-2026,Closed
D0001239,C000728,WA,35-44,F017,James Group Collections,EQUIFAX,R07,Online,28-Feb-2026,12-Mar-2026,Closed
D0005206,C000635,NC,45-54,F002,Doyle Ltd Collections,Trans Union,R08,phone,2025-02-16,16-Mar-2025,Closed
D0000349,C000046,MI,65+,F002,Doyle Ltd Collections,EQF,R05,Online,11-May-2025,03-Jun-2025,Closed
D0005020,C000560,AZ,18-24,F029,"Ross, Robinson and Bright Collections",TU,R10,MAIL,07/23/2025,08/09/2025,Closed
D0005960,C000569,PA,55-64,F014,"Mcclure, Ward and Lee Bank",equifax,R06,web,26-May-2025,,Open
D0004373,C000092,AZ,55-64,F012,Dudley Group Auto,TransUnion,R09,call center,2026-06-20,,Open
D0001759,C000451,FL,65+,F021,Gray-Mayo Collections,EXP,R07,Mail,02/15/2026,11-Mar-2026,Closed
D0000278,C000205,IL,55-64,F006,"Gardner, Robinson and Lawrence Credit",experian,R09,Phone,2025-12-26,,Open
D0005480,C000521,FL,35-44,F017,James Group Collections,Experian,R04,Mail,03-Jul-2025,01-Aug-2025,Closed
D0004192,C000399,FL,45-54,F018,"Flowers, Martin and Kelly Bank",EQF,R07,mail,2025-11-13,09-Dec-2025,Closed
D0005263,C000350,PA,65+,F013,Arnold Ltd Bank,equifax,R10,PHONE,15-Apr-2025,05/05/2025,Closed
D0000074,C000580,WA,45-54,F024,Morales-Jones Auto,TransUnion,R08,mail,23-May-2026,05/29/2026,Closed
D0004173,C000314,CA,25-34,F013,Arnold Ltd Bank,EXP,R07,phone,2025-03-22,11-Apr-2025,Closed
D0005799,C000315,GA,55-64,F011,Blair PLC Retail,EXP,R06,Phone,06/26/2025,07-Jul-2025,Closed
D0004667,C000234,NY,45-54,F018,"Flowers, Martin and Kelly Bank",TU,R10,Phone,06/15/2025,,Open
D0004674,C000300,MI,65+,F024,Morales-Jones Auto,TU,R06,MAIL,11-Mar-2025,16-Mar-2025,Closed
D0002110,C000683,CA,55-64,F025,"Walter, Edwards and Rios Bank",experian,r02,Mail,06/22/2026,2026-07-15,Closed
D0002024,C000404,TX,25-34,F017,James Group Collections,EQF,R09,Online,2025-07-26,,Open
D0005319,C000517,CA,45-54,F016,Galloway-Wyatt Collections,TU,r08,PHONE,2026-07-25,2026-08-14,Closed
D0002538,C000163,PA,65+,F024,Morales-Jones Auto,Experian,other,call center,11-May-2026,05/22/2026,Closed
D0000123,C000693,AZ,65+,F001,"Rodriguez, Figueroa and Sanchez Collections",Equifax,R05,PHONE,12-Sep-2025,10/22/2025,Closed
D0002265,C000118,FL,25-34,F014,"Mcclure, Ward and Lee Bank",EQF,r08,PHONE,,,Closed
D0004541,C000439,OH,18-24,F006,"Gardner, Robinson and Lawrence Credit",experian,R07,web,01/13/2026,31-Jan-2026,Closed
D0003023,C000016,PA,25-34,F003,"Mcclain, Miller and Henderson Bank",experian,R07,web,06/11/2025,07/18/2025,Closed
D0000833,C000220,CA,18-24,F027,Baker and Sons Retail,transunion,R02,MAIL,2025-04-26,2025-05-22,Closed
D0000704,C000562,PA,65+,F029,"Ross, Robinson and Bright Collections",transunion,R01,Mail,12/05/2025,12-Dec-2025,Closed
D0001305,C000347,OH,55-64,F003,"Mcclain, Miller and Henderson Bank",EXP,R04,ONLINE,10-Jul-2026,13-Jul-2026,Closed
D0002019,C000776,NY,65+,F022,"Watts, Robinson and Nguyen Bank",TU,r07,Phone,01/13/2025,12-Feb-2025,Closed
D0005501,C000702,NC,35-44,F025,"Walter, Edwards and Rios Bank",experian,R04,call center,2026-02-26,05-Mar-2026,Closed
D0001457,C000178,MI,18-24,F007,Blake and Sons Credit,EQF,other,Online,18-Feb-2025,,Open
D0001340,C000306,AZ,18-24,F022,"Watts, Robinson and Nguyen Bank",Experian,R05,PHONE,03/09/2026,2026-03-27,Closed
D0003422,C000750,OH,55-64,F017,James Group Collections,TransUnion,R03,Online,26-Aug-2025,09/18/2025,Closed
D0000295,C000282,AZ,35-44,F015,Williams and Sons Retail,transunion,R03,PHONE,2026-02-23,13-Mar-2026,Closed
D0002581,C000419,OH,18-24,F025,"Walter, Edwards and Rios Bank",experian,R03,mail,02/07/2026,,Open
D0000125,C000670,AZ,45-54,F027,Baker and Sons Retail,EQUIFAX,R04,phone,21-Jan-2025,,Open
D0000616,C000194,OH,18-24,F021,Gray-Mayo Collections,experian,R03,mail,26-May-2026,2026-06-09,Closed
D0003982,C000495,TX,55-64,F007,Blake and Sons Credit,Equifax,R05,call center,10/10/2025,2025-10-24,Closed
D0005880,C000064,FL,65+,F008,"Henderson, Ramirez and Lewis Auto",EXP,R09,web,01/28/2026,01-Feb-2026,Closed
D0005380,C000421,OH,18-24,F002,Doyle Ltd Collections,equifax,R01,MAIL,01-Apr-2025,2025-04-10,Closed
D0004860,C000630,GA,35-44,F009,Garcia-James Bank,Experian,R06,Online,2026-06-26,,Closed
D0001536,C000383,FL,45-54,F018,"Flowers, Martin and Kelly Bank",TransUnion,R05,Online,12-Dec-2025,2026-01-11,Closed
D0001475,C000785,WA,65+,F002,Doyle Ltd Collections,equifax,R06,MAIL,07/11/2025,2025-07-18,Closed
D0002975,C000671,WA,35-44,F029,"Ross, Robinson and Bright Collections",equifax,R02,online,06/30/2025,2025-07-22,Closed
D0000136,C000048,WA,25-34,F030,"Snyder, Campos and Callahan Collections",UNK,R09,call center,2026-08-26,2026-10-10,Closed
D0000321,C000619,PA,65+,F022,"Watts, Robinson and Nguyen Bank",Equifax,R01,online,04/17/2025,06/01/2025,Closed
D0003156,C000337,NY,65+,F015,Williams and Sons Retail,EQUIFAX,R05,MAIL,30-May-2026,25-Jun-2026,Closed
D0001590,C000643,TX,45-54,F018,"Flowers, Martin and Kelly Bank",EQF,R09,mail,10/22/2025,11/13/2025,Closed
D0004392,C000184,TX,45-54,F008,"Henderson, Ramirez and Lewis Auto",EXP,R02,call center,2025-07-04,06-Aug-2025,Closed
D0003954,C000121,NC,25-34,F016,Galloway-Wyatt Collections,EXP,R07,phone,02/03/2026,,Open
D0002662,C000407,IL,55-64,F018,"Flowers, Martin and Kelly Bank",TransUnion,R10,Phone,21-Aug-2026,13-Sep-2026,Closed
D0003960,C000216,OH,25-34,F028,"Hoffman, Baker and Richards Auto",Trans Union,R09,Phone,16-Aug-2026,09/16/2026,Closed
D0002761,C000113,WA,35-44,F004,Davis and Sons Bank,EQUIFAX,R03,phone,2026-03-29,,Open
D0004221,C000128,NC,25-34,F018,"Flowers, Martin and Kelly Bank",Trans Union,R07,Phone,30-Oct-2025,2025-11-16,Closed
D0000385,C000004,FL,25-34,F015,Williams and Sons Retail,transunion,R10,MAIL,2026-02-16,,Closed
D0004426,C000172,CA,18-24,F020,"Reid, Ferguson and Sanchez Bank",TU,R07,Online,07/31/2025,2025-08-28,Closed
D0001405,C000203,NY,45-54,F008,"Henderson, Ramirez and Lewis Auto",experian,r04,web,2026-06-08,,Open
D0001462,C000562,PA,65+,F007,Blake and Sons Credit,TU,R07,MAIL,2026-04-12,2026-04-22,Closed
D0005349,C000493,TX,18-24,F023,Perez Inc Credit,experian,R04,Mail,2026-08-09,2026-08-13,Closed
D0005782,C000778,TX,65+,F026,Wilkerson-Day Collections,EXP,R05,MAIL,2025-02-13,28-Feb-2025,Closed
D0004112,C000638,NC,18-24,F013,Arnold Ltd Bank,TU,R01,PHONE,2025-09-25,,Open
D0003242,C000369,CA,45-54,F017,James Group Collections,equifax,R04,Mail,09/17/2025,23-Oct-2025,Closed
D0001252,C000014,WA,65+,F003,"Mcclain, Miller and Henderson Bank",EXP,R03,web,2026-06-04,2026-06-22,Closed
D0001546,C000425,GA,65+,F030,"Snyder, Campos and Callahan Collections",transunion,R02,Phone,2025-03-10,21-Mar-2025,Closed
D0001580,C000095,NY,55-64,F030,"Snyder, Campos and Callahan Collections",Trans Union,r06,Mail,2026-01-19,11-Feb-2026,Closed
D0004891,C000716,GA,35-44,F019,"Adams, Zuniga and Wong Auto",equifax,R09,Mail,06/17/2026,05-Jul-2026,Closed
D0004291,C000668,GA,35-44,F012,Dudley Group Auto,equifax,R03,Phone,21-Oct-2025,11/27/2025,Closed
D0000012,C000186,MI,55-64,F027,Baker and Sons Retail,experian,R04,mail,19-Jun-2025,07/03/2025,Closed
D0005828,C000008,MI,45-54,F022,"Watts, Robinson and Nguyen Bank",transunion,R06,Mail,2025-12-10,29-Dec-2025,Closed
D0004957,C000212,WA,55-64,F008,"Henderson, Ramirez and Lewis Auto",EQUIFAX,R07,call center,12-Nov-2025,12/06/2025,Closed
D0003070,C000707,OH,18-24,F002,Doyle Ltd Collections,TransUnion,R06,phone,2026-08-05,14-Aug-2026,Closed
D0002527,C000081,WA,18-24,F012,Dudley Group Auto,EQF,R02,call center,06/26/2026,,Open
D0005050,C000057,TX,25-34,F003,"Mcclain, Miller and Henderson Bank",TransUnion,R05,Online,05/31/2026,2026-06-12,Closed
D0002125,C000223,CA,35-44,F025,"Walter, Edwards and Rios Bank",TransUnion,R03,Online,2026-04-21,09-May-2026,Closed
D0005264,C000079,IL,55-64,F021,Gray-Mayo Collections,EQF,R06,online,05/26/2026,06/12/2026,Closed
D0000328,C000597,PA,25-34,F007,Blake and Sons Credit,EQUIFAX,R09,call center,05-Jan-2026,01/21/2026,Closed
D0000835,C000581,TX,18-24,F014,"Mcclure, Ward and Lee Bank",TU,R10,phone,16-Feb-2026,,Closed
D0001275,C000125,CA,25-34,F024,Morales-Jones Auto,Trans Union,R07,MAIL,25-Feb-2026,04/04/2026,Closed
D0003294,C000544,WA,35-44,F004,Davis and Sons Bank,Equifax,R02,online,11-May-2025,21-May-2025,Closed
D0001141,C000704,IL,25-34,F017,James Group Collections,Trans Union,R05,mail,2025-06-12,07/09/2025,Closed
D0005125,C000282,AZ,35-44,F022,"Watts, Robinson and Nguyen Bank",Trans Union,R08,Online,06/23/2026,2026-07-11,Closed
D0003000,C000074,NY,65+,F017,James Group Collections,EQF,R01,call center,17-Feb-2026,03/04/2026,Closed
D0002838,C000230,TX,65+,F001,"Rodriguez, Figueroa and Sanchez Collections",EQF,R03,Phone,2025-05-15,2025-06-12,Closed
D0001563,C000771,NY,18-24,F030,"Snyder, Campos and Callahan Collections",TU,R06,Phone,04/27/2025,21-May-2025,Closed
D0004803,C000742,AZ,18-24,F013,Arnold Ltd Bank,TU,R05,phone,05/19/2026,06/10/2026,Closed
D0000604,C000423,TX,45-54,F026,Wilkerson-Day Collections,Equifax,R05,Online,30-Jan-2025,10-Mar-2025,Closed
D0002377,C000184,TX,45-54,F026,Wilkerson-Day Collections,TransUnion,R05,mail,12/19/2025,31-Dec-2025,Closed
D0002470,C000469,OH,18-24,F008,"Henderson, Ramirez and Lewis Auto",TransUnion,R01,ONLINE,03/06/2025,03/28/2025,Closed
D0003404,C000729,AZ,45-54,F024,Morales-Jones Auto,EQUIFAX,R07,call center,2026-08-19,10-Sep-2026,Closed
D0004561,C000096,NC,18-24,F008,"Henderson, Ramirez and Lewis Auto",EQF,R01,MAIL,2025-09-04,2025-09-30,Closed
D0005875,C000755,TX,65+,F025,"Walter, Edwards and Rios Bank",equifax,r08,online,12/31/2025,2026-01-19,Closed
D0001799,C000613,WA,25-34,F001,"Rodriguez, Figueroa and Sanchez Collections",Experian,R01,mail,07/03/2025,2025-07-22,Closed
D0005835,C000125,CA,25-34,F004,Davis and Sons Bank,EQF,R09,phone,2025-07-16,11-Aug-2025,Closed
D0003849,C000643,TX,45-54,F017,James Group Collections,equifax,R09,phone,21-Jan-2026,02/04/2026,Closed
D0005129,C000572,PA,18-24,F016,Galloway-Wyatt Collections,EQF,R01,online,07-Feb-2026,03/30/2026,Closed
D0000498,C000666,AZ,55-64,F025,"Walter, Edwards and Rios Bank",EQUIFAX,R07,Online,2026-04-10,09-May-2026,Closed
D0002397,C000695,GA,18-24,F010,Abbott-Munoz Retail,TransUnion,R02,call center,28-Feb-2026,2026-03-06,Closed
D0004197,C000504,NC,45-54,F004,Davis and Sons Bank,Trans Union,r04,Online,29-Mar-2025,04/24/2025,Closed
D0001900,C000041,NY,35-44,F019,"Adams, Zuniga and Wong Auto",experian,r07,Online,03/04/2026,,Closed
D0003428,C000297,CA,35-44,F010,Abbott-Munoz Retail,EQUIFAX,R10,Online,07/17/2025,08-Aug-2025,Closed
D0004787,C000682,AZ,65+,F027,Baker and Sons Retail,Equifax,R04,web,10-Jan-2026,01/15/2026,Closed
D0004779,C000491,NY,18-24,F013,Arnold Ltd Bank,Experian,XX99,MAIL,03/01/2026,2026-03-11,Closed
D0004250,C000169,MI,65+,F017,James Group Collections,transunion,R05,web,06/05/2025,06/23/2025,Closed
D0003779,C000488,MI,35-44,F022,"Watts, Robinson and Nguyen Bank",Experian,R02,web,04/23/2026,05-May-2026,Closed
D0000088,C000369,CA,45-54,F002,Doyle Ltd Collections,TransUnion,R01,Mail,2026-05-27,2026-06-04,Closed
D0002746,C000156,NY,45-54,F022,"Watts, Robinson and Nguyen Bank",Trans Union,R02,Phone,07-Sep-2025,2025-10-12,Closed
D0003561,C000406,MI,18-24,F001,"Rodriguez, Figueroa and Sanchez Collections",TU,R08,ONLINE,28-Jul-2025,17-Aug-2025,Closed
D0004096,C000210,NY,35-44,F021,Gray-Mayo Collections,transunion,R01,call center,13-Mar-2025,2025-03-18,Closed
D0005997,C000012,MI,18-24,F013,Arnold Ltd Bank,EXP,r09,call center,11-Jan-2026,01/24/2026,Closed
D0001135,,TX,25-34,F009,Garcia-James Bank,EQUIFAX,r07,ONLINE,2025-03-12,03/30/2025,Closed
D0004810,C000751,AZ,35-44,F015,Williams and Sons Retail,EXP,R04,ONLINE,2026-07-13,13-Aug-2026,Closed
D0000402,C000619,PA,65+,F008,"Henderson, Ramirez and Lewis Auto",experian,R04,web,2025-03-21,2025-04-14,Closed
D0004676,C000368,PA,45-54,F021,Gray-Mayo Collections,EQF,R01,online,09-Nov-2025,11/15/2025,Closed
D0001010,C000415,MI,18-24,F014,"Mcclure, Ward and Lee Bank",Equifax,R03,Phone,29-Mar-2026,04/02/2026,Closed
D0004140,C000242,MI,65+,F015,Williams and Sons Retail,UNK,R04,web,14-Feb-2025,06-Mar-2025,Closed
D0002427,C000090,NC,18-24,F018,"Flowers, Martin and Kelly Bank",EXP,R06,web,27-Sep-2025,11-Oct-2025,Closed
D0004610,C000668,GA,35-44,F021,Gray-Mayo Collections,EQF,r04,PHONE,04/10/2026,28-Apr-2026,Closed
D0000750,C000402,MI,55-64,F009,Garcia-James Bank,Trans Union,R04,MAIL,26-Jun-2026,07/15/2026,Closed
D0003489,C000133,MI,45-54,F008,"Henderson, Ramirez and Lewis Auto",TransUnion,R09,Online,04-Jun-2025,30-Jun-2025,Closed
D0003704,C000478,IL,25-34,F027,Baker and Sons Retail,EQF,see notes,ONLINE,07-Jul-2026,08/09/2026,Closed
D0002057,C000413,TX,65+,F001,"Rodriguez, Figueroa and Sanchez Collections",experian,R03,PHONE,08/29/2025,09/20/2025,Closed
D0005502,C000727,AZ,45-54,F029,"Ross, Robinson and Bright Collections",TransUnion,R03,phone,16-Feb-2025,2025-03-11,Closed
D0002414,C000320,PA,45-54,F016,Galloway-Wyatt Collections,EXP,R06,online,01/25/2026,,Open
D0000416,C000484,NC,35-44,F009,Garcia-James Bank,equifax,R06,PHONE,04/14/2025,05/02/2025,Closed
D0004961,C000066,IL,65+,F024,Morales-Jones Auto,Equifax,R07,mail,01/05/2025,01/22/2025,Closed
D0001820,C000038,TX,45-54,F028,"Hoffman, Baker and Richards Auto",transunion,,phone,04/19/2026,2026-05-11,Closed
D0003750,C000199,NC,35-44,F004,Davis and Sons Bank,TU,R08,PHONE,03/24/2026,2026-04-19,Closed
D0005493,C000540,NC,55-64,F030,"Snyder, Campos and Callahan Collections",UNK,R08,Phone,21-Jun-2025,,Open
D0000112,C000340,AZ,35-44,F023,Perez Inc Credit,experian,R08,phone,2025-09-01,,Open
D0003402,C000112,WA,25-34,F017,James Group Collections,EQF,R06,web,2026-05-05,11-May-2026,Closed
D0004460,C000764,FL,35-44,F024,Morales-Jones Auto,Trans Union,R07,Mail,2025-08-13,,Open
D0001691,C000450,GA,55-64,F021,Gray-Mayo Collections,transunion,R10,phone,2025-04-12,02-May-2025,Closed
D0004462,C000462,PA,65+,F018,"Flowers, Martin and Kelly Bank",TU,R04,MAIL,2026-03-13,2026-04-02,Closed
D0002772,C000730,TX,25-34,F018,"Flowers, Martin and Kelly Bank",transunion,R08,Online,07/20/2025,03-Aug-2025,Closed
D0000706,C000639,MI,18-24,F016,Galloway-Wyatt Collections,experian,R02,Mail,03/09/2025,04/10/2025,Closed
D0003567,C000107,GA,55-64,F030,"Snyder, Campos and Callahan Collections",experian,R05,web,2026-01-04,08-Jan-2026,Closed
D0003724,C000360,PA,45-54,F003,"Mcclain, Miller and Henderson Bank",transunion,R03,online,26-Apr-2025,2025-05-12,Closed
D0004916,C000263,NC,35-44,F023,Perez Inc Credit,EQUIFAX,R09,Phone,03/04/2026,2026-04-18,Closed
D0001355,C000514,NY,25-34,F004,Davis and Sons Bank,equifax,R05,mail,02/23/2026,14-Mar-2026,Closed
D0005527,C000333,OH,45-54,F007,Blake and Sons Credit,TransUnion,R04,Mail,15-May-2025,2025-06-30,Closed
D0003687,C000736,GA,35-44,F019,"Adams, Zuniga and Wong Auto",EXP,XX99,ONLINE,02-Dec-2025,2025-12-05,Closed
D0000509,C000124,WA,65+,F014,"Mcclure, Ward and Lee Bank",Experian,R03,call center,09/27/2025,15-Oct-2025,Closed
D0002225,C000312,FL,25-34,F025,"Walter, Edwards and Rios Bank",experian,R09,mail,08-Feb-2026,26-Feb-2026,Closed
D0001091,C000616,CA,35-44,F022,"Watts, Robinson and Nguyen Bank",Trans Union,R08,MAIL,06/08/2025,,Closed
D0000933,C000356,CA,25-34,F025,"Walter, Edwards and Rios Bank",EQF,R03,ONLINE,2025-11-19,27-Nov-2025,Closed
D0001341,C000652,NY,25-34,F007,Blake and Sons Credit,EQUIFAX,R08,online,03/25/2025,04/08/2025,Closed
D0002475,C000426,NY,45-54,F020,"Reid, Ferguson and Sanchez Bank",equifax,r02,Online,2025-04-24,2025-05-18,Closed
D0002768,C000334,MI,65+,F003,"Mcclain, Miller and Henderson Bank",equifax,R10,Phone,,06-May-2026,Closed
D0003425,C000320,PA,45-54,F030,"Snyder, Campos and Callahan Collections",TransUnion,R05,PHONE,2026-01-02,2026-01-20,Closed
D0000261,C000763,MI,25-34,F025,"Walter, Edwards and Rios Bank",EXP,R02,PHONE,08/19/2025,05-Oct-2025,Closed
D0002428,C000364,WA,65+,F020,"Reid, Ferguson and Sanchez Bank",experian,R03,Mail,18-Aug-2026,,Open
D0004356,C000568,OH,18-24,F028,"Hoffman, Baker and Richards Auto",EXP,R01,Mail,03/12/2026,2026-03-15,Closed
D0002542,C000205,IL,55-64,F023,Perez Inc Credit,TU,R05,online,,03/15/2025,Closed
D0003689,C000438,AZ,45-54,F012,Dudley Group Auto,TransUnion,R04,PHONE,2026-06-29,07/02/2026,Closed
D0001158,C000782,TX,45-54,F010,Abbott-Munoz Retail,Trans Union,R03,Phone,10/08/2025,2025-10-12,Closed
D0005171,C000405,IL,18-24,F020,"Reid, Ferguson and Sanchez Bank",Experian,R03,Phone,04-Apr-2025,05/26/2025,Closed
D0004087,,OH,35-44,F026,Wilkerson-Day Collections,experian,R03,web,,23-Oct-2025,Closed
D0003989,C000067,MI,45-54,F007,Blake and Sons Credit,experian,R09,mail,2025-09-18,,Open
D0005073,C000485,WA,25-34,F021,Gray-Mayo Collections,experian,R05,MAIL,08-Aug-2026,06-Sep-2026,Closed
D0003255,C000377,AZ,18-24,F026,Wilkerson-Day Collections,experian,R01,PHONE,2025-08-14,2025-09-08,Closed
D0003949,C000429,IL,55-64,F024,Morales-Jones Auto,experian,r05,phone,02/24/2026,17-Mar-2026,Closed
D0005184,C000115,AZ,35-44,F012,Dudley Group Auto,EQF,R01,MAIL,24-May-2026,,Open
D0000046,C000662,AZ,35-44,F014,"Mcclure, Ward and Lee Bank",transunion,R06,call center,19-Jan-2026,2026-02-18,Closed
D0000810,C000761,FL,18-24,F030,"Snyder, Campos and Callahan Collections",experian,R04,Phone,26-Jun-2026,02-Aug-2026,Closed
D0003217,C000130,GA,25-34,F002,Doyle Ltd Collections,Experian,R03,PHONE,19-Nov-2025,,Closed
D0003472,C000261,AZ,55-64,F029,"Ross, Robinson and Bright Collections",Equifax,R05,web,05/04/2025,05-Jun-2025,Closed
D0001395,C000478,IL,25-34,F011,Blair PLC Retail,equifax,R06,Phone,2026-04-16,26-May-2026,Closed
D0000155,C000500,FL,18-24,F008,"Henderson, Ramirez and Lewis Auto",Experian,XX99,ONLINE,03/06/2025,30-Mar-2025,Closed
D0005011,C000630,GA,35-44,F024,Morales-Jones Auto,EQUIFAX,R10,Online,02-Jan-2026,02/20/2026,Closed
D0000673,C000702,NC,35-44,F016,Galloway-Wyatt Collections,Equifax,R06,mail,28-Jan-2025,03/24/2025,Closed
D0002529,C000660,MI,25-34,F019,"Adams, Zuniga and Wong Auto",Trans Union,R03,MAIL,2025-09-29,06-Oct-2025,Closed
D0004567,C000232,CA,35-44,F003,"Mcclain, Miller and Henderson Bank",experian,R01,Online,19-Mar-2026,08-Apr-2026,Closed
D0001365,C000019,NY,65+,F022,"Watts, Robinson and Nguyen Bank",EQUIFAX,R02,Mail,12/13/2025,2026-01-11,Closed
D0000797,C000707,OH,18-24,F030,"Snyder, Campos and Callahan Collections",UNK,R09,Phone,08/16/2025,2025-09-30,Closed
D0005936,C000490,GA,35-44,F003,"Mcclain, Miller and Henderson Bank",experian,R04,MAIL,08/12/2026,09/11/2026,Closed
D0004152,C000044,WA,65+,F023,Perez Inc Credit,EQF,R02,Phone,2025-03-10,04/02/2025,Closed
D0002510,C000252,CA,45-54,F013,Arnold Ltd Bank,EQUIFAX,R10,PHONE,2025-03-20,03/25/2025,Closed
D0004949,C000731,CA,18-24,F001,"Rodriguez, Figueroa and Sanchez Collections",EQUIFAX,R04,Mail,10/07/2025,2025-10-30,Closed
D0000775,C000558,OH,45-54,F030,"Snyder, Campos and Callahan Collections",experian,R09,mail,23-Mar-2025,03/31/2025,Closed
D0004178,C000170,NC,18-24,F010,Abbott-Munoz Retail,transunion,R10,mail,06/11/2026,2026-06-20,Closed
D0001897,C000429,IL,55-64,F018,"Flowers, Martin and Kelly Bank",experian,R05,phone,2025-10-24,11/30/2025,Closed
D0003823,C000637,WA,45-54,F015,Williams and Sons Retail,Equifax,r05,Phone,02/28/2026,2026-03-19,Closed
D0003679,C000523,WA,45-54,F010,Abbott-Munoz Retail,Experian,R04,mail,2025-12-11,2025-12-20,Closed
D0000865,C000351,NY,65+,F014,"Mcclure, Ward and Lee Bank",EQF,r05,web,09-Oct-2025,18-Oct-2025,Closed
D0001216,C000189,WA,35-44,F014,"Mcclure, Ward and Lee Bank",experian,R04,MAIL,04/01/2026,05/13/2026,Closed
D0004110,C000739,PA,55-64,F012,Dudley Group Auto,TU,R03,MAIL,22-Dec-2025,12-Jan-2026,Closed
D0001288,C000700,PA,25-34,F023,Perez Inc Credit,Equifax,r04,PHONE,2025-06-25,,Open
D0001160,C000426,NY,45-54,F014,"Mcclure, Ward and Lee Bank",equifax,R04,phone,2026-03-22,04/04/2026,Closed
D0005049,C000561,NY,35-44,F017,James Group Collections,EXP,R05,Mail,11/19/2025,29-Nov-2025,Closed
D0005921,C000363,PA,55-64,F016,Galloway-Wyatt Collections,EQUIFAX,R09,mail,24-Aug-2025,03-Sep-2025,Closed
D0001614,C000161,PA,35-44,F025,"Walter, Edwards and Rios Bank",experian,R05,phone,18-Mar-2025,21-Mar-2025,Closed
D0002458,C000278,WA,65+,F002,Doyle Ltd Collections,Experian,R03,call center,11-Jan-2026,,Open
D0001672,C000151,TX,45-54,F021,Gray-Mayo Collections,TransUnion,R07,online,,2025-08-04,Closed
D0002443,C000270,OH,45-54,F018,"Flowers, Martin and Kelly Bank",EXP,R08,PHONE,2026-02-27,18-Apr-2026,Closed
D0002461,C000186,MI,55-64,F006,"Gardner, Robinson and Lawrence Credit",transunion,R03,mail,2025-12-24,,Open
D0002694,C000245,PA,18-24,F005,"Guzman, Hoffman and Baldwin Collections",TransUnion,R02,phone,06-Jan-2025,03-Feb-2025,Closed
D0005176,C000706,IL,65+,F024,Morales-Jones Auto,equifax,R03,Mail,06/02/2025,,Open
D0005763,C000800,PA,55-64,F018,"Flowers, Martin and Kelly Bank",EQF,R10,Phone,01-Apr-2026,04/30/2026,Closed
D0004151,C000214,IL,55-64,F027,Baker and Sons Retail,experian,R04,online,13-Feb-2025,15-Mar-2025,Closed
D0002609,C000531,IL,25-34,F009,Garcia-James Bank,UNK,R06,ONLINE,2025-01-08,01/19/2025,Closed
D0004477,C000216,OH,25-34,F021,Gray-Mayo Collections,TU,r04,online,2025-09-23,,Open
D0003251,C000568,OH,18-24,F011,Blair PLC Retail,EQF,R07,MAIL,2025-04-13,02-May-2025,Closed
D0000798,C000178,MI,18-24,F023,Perez Inc Credit,Equifax,r10,MAIL,,2026-07-18,Closed
D0001993,C000665,GA,35-44,F014,"Mcclure, Ward and Lee Bank",transunion,R08,ONLINE,2026-03-26,03-Apr-2026,Closed
D0001938,C000730,TX,25-34,F022,"Watts, Robinson and Nguyen Bank",EQUIFAX,R07,Online,05/01/2026,05/27/2026,Closed
D0000534,C000513,AZ,18-24,F025,"Walter, Edwards and Rios Bank",TransUnion,R04,PHONE,05/01/2025,05/28/2025,Closed
D0000033,C000628,PA,65+,F011,Blair PLC Retail,TU,R01,phone,16-Jun-2025,15-Jul-2025,Closed
D0003852,C000132,WA,55-64,F009,Garcia-James Bank,Experian,R01,PHONE,10-Nov-2025,12/07/2025,Closed
D0002873,C000083,IL,65+,F002,Doyle Ltd Collections,Trans Union,R03,ONLINE,03/03/2025,03/16/2025,Closed
D0005180,C000224,NY,65+,F005,"Guzman, Hoffman and Baldwin Collections",EXP,R07,PHONE,21-Dec-2025,02/04/2026,Closed
D0004780,C000644,TX,65+,F030,"Snyder, Campos and Callahan Collections",EQUIFAX,R05,Mail,20-Mar-2026,04/06/2026,Closed
D0000080,C000170,NC,18-24,F002,Doyle Ltd Collections,Equifax,R04,mail,,2026-03-09,Closed
D0001695,C000098,GA,18-24,F004,Davis and Sons Bank,equifax,R04,PHONE,2025-07-15,,Open
D0000004,C000783,NC,25-34,F009,Garcia-James Bank,EQF,R01,mail,24-Oct-2025,11/19/2025,Closed
D0004310,C000114,PA,65+,F029,"Ross, Robinson and Bright Collections",experian,R04,web,10/26/2025,2025-11-19,Closed
D0005557,C000438,AZ,45-54,F025,"Walter, Edwards and Rios Bank",TU,R05,mail,2025-12-05,12/08/2025,Closed
D0000538,C000322,NY,65+,F004,Davis and Sons Bank,Experian,R10,MAIL,,09/01/2026,Closed
D0000394,C000056,PA,35-44,F028,"Hoffman, Baker and Richards Auto",equifax,R01,phone,2025-11-08,11/15/2025,Closed
D0004122,C000377,AZ,18-24,F021,Gray-Mayo Collections,EXP,R09,Phone,29-May-2026,2026-06-25,Closed
D0004240,,PA,55-64,F019,"Adams, Zuniga and Wong Auto",Experian,R03,ONLINE,06/16/2026,15-Jun-2026,Closed
D0003524,C000146,FL,25-34,,Arnold Ltd Bank,EQF,R06,call center,,03-Sep-2026,Closed
D0000698,C000306,AZ,18-24,F004,Davis and Sons Bank,Experian,R10,Phone,02/27/2026,2026-03-02,Closed
D0004792,C000410,FL,18-24,F020,"Reid, Ferguson and Sanchez Bank",Experian,r10,PHONE,2025-09-19,2025-09-27,Closed
D0000930,C000583,FL,65+,F028,"Hoffman, Baker and Richards Auto",Trans Union,R02,online,10/15/2025,2025-10-19,Closed
D0000976,C000754,TX,45-54,F017,James Group Collections,experian,R08,PHONE,2026-06-14,13-Jul-2026,Closed
D0005546,C000492,IL,45-54,,"Rodriguez, Figueroa and Sanchez Collections",EQF,R02,Mail,30-Oct-2025,11/03/2025,Closed
D0005019,C000088,WA,35-44,F006,"Gardner, Robinson and Lawrence Credit",transunion,R07,online,23-Mar-2025,2025-05-02,Closed
D0000449,C000676,MI,35-44,F023,Perez Inc Credit,EQUIFAX,R10,web,2026-03-24,04/23/2026,Closed
D0004163,C000703,NC,55-64,F003,"Mcclain, Miller and Henderson Bank",transunion,R07,Mail,06/22/2026,20-Jul-2026,Closed
D0002995,C000021,IL,25-34,F004,Davis and Sons Bank,transunion,R05,ONLINE,2025-06-12,,Open
D0002894,C000257,AZ,25-34,F024,Morales-Jones Auto,experian,r03,web,12/22/2025,2026-01-04,Closed
D0002039,C000025,OH,35-44,F011,Blair PLC Retail,EXP,R10,phone,08/13/2025,27-Sep-2025,Closed
D0003948,C000750,OH,55-64,F012,Dudley Group Auto,EQF,R01,ONLINE,12-May-2025,2025-06-11,Closed
D0001921,C000692,AZ,18-24,F026,Wilkerson-Day Collections,Equifax,r08,PHONE,25-Sep-2025,29-Sep-2025,Closed
D0002566,C000745,CA,65+,F010,Abbott-Munoz Retail,EXP,R02,web,2025-05-25,06/02/2025,Closed
D0001681,C000344,TX,65+,F029,"Ross, Robinson and Bright Collections",TU,R08,MAIL,09-Jan-2025,01/20/2025,Closed
D0001199,C000395,MI,25-34,F008,"Henderson, Ramirez and Lewis Auto",Experian,R02,call center,2025-12-19,02/08/2026,Closed
D0005406,C000785,WA,65+,F008,"Henderson, Ramirez and Lewis Auto",EXP,R06,mail,18-Aug-2026,,Closed
D0001231,C000796,NY,35-44,F007,Blake and Sons Credit,EXP,R04,ONLINE,07-Jan-2025,01/16/2025,Closed
D0003600,C000523,WA,45-54,F001,"Rodriguez, Figueroa and Sanchez Collections",EXP,R07,mail,03/16/2025,03/23/2025,Closed
D0003378,C000604,WA,35-44,F022,"Watts, Robinson and Nguyen Bank",equifax,r02,Mail,30-Aug-2025,06-Sep-2025,Closed
D0002925,C000593,IL,45-54,F006,"Gardner, Robinson and Lawrence Credit",EXP,R04,online,2025-06-18,10-Jul-2025,Closed
D0005028,C000096,NC,18-24,F013,Arnold Ltd Bank,experian,R08,MAIL,11-Feb-2026,,Open
D0002444,C000270,OH,45-54,F006,"Gardner, Robinson and Lawrence Credit",Experian,R06,ONLINE,,2025-04-13,Closed
D0004716,C000457,WA,25-34,F020,"Reid, Ferguson and Sanchez Bank",EQUIFAX,R08,phone,09/23/2025,04-Oct-2025,Closed
D0005144,C000051,AZ,65+,F026,Wilkerson-Day Collections,experian,R05,Phone,02/19/2025,2025-03-25,Closed
D0003125,C000294,NY,55-64,F009,Garcia-James Bank,TransUnion,R05,MAIL,2025-05-05,2025-05-10,Closed
D0004914,C000273,MI,25-34,F019,"Adams, Zuniga and Wong Auto",Equifax,R08,Online,,09/07/2025,Closed
D0003660,C000569,PA,55-64,F010,Abbott-Munoz Retail,experian,R08,Online,07/08/2025,19-Jul-2025,Closed
D0002261,C000205,IL,55-64,F009,Garcia-James Bank,EXP,R04,ONLINE,08/05/2026,08/21/2026,Closed
D0003521,C000384,OH,35-44,F025,"Walter, Edwards and Rios Bank",EQUIFAX,R05,phone,05/12/2026,2026-05-30,Closed
D0004494,C000548,MI,55-64,F022,"Watts, Robinson and Nguyen Bank",experian,R05,Phone,15-Nov-2025,,Closed
D0002709,C000521,FL,35-44,F016,Galloway-Wyatt Collections,equifax,R01,ONLINE,2025-01-06,07-Feb-2025,Closed
D0005615,C000485,WA,25-34,F012,Dudley Group Auto,TU,r09,Online,2026-04-06,27-Apr-2026,Closed
D0004327,C000361,CA,35-44,F027,Baker and Sons Retail,Experian,R02,MAIL,26-Mar-2025,05-Apr-2025,Closed
D0003159,C000744,PA,35-44,F022,"Watts, Robinson and Nguyen Bank",experian,R01,web,05/16/2025,2025-07-02,Closed
D0003928,C000007,NC,18-24,F001,"Rodriguez, Figueroa and Sanchez Collections",EQUIFAX,R09,Phone,11/12/2025,2025-11-20,Closed
D0005702,C000698,TX,35-44,F016,Galloway-Wyatt Collections,equifax,R01,Phone,08/24/2025,2025-09-16,Closed
D0005121,C000300,MI,65+,F008,"Henderson, Ramirez and Lewis Auto",Experian,R02,online,06/01/2026,08-Jun-2026,Closed
D0005583,C000282,AZ,35-44,F023,Perez Inc Credit,Equifax,see notes,call center,05/06/2025,11-May-2025,Closed
D0003508,C000591,WA,35-44,F016,Galloway-Wyatt Collections,Experian,r06,Mail,07/16/2025,2025-08-06,Closed
D0000820,C000161,PA,35-44,F027,Baker and Sons Retail,equifax,r08,ONLINE,03/27/2026,05/09/2026,Closed
D0001541,C000092,AZ,55-64,F009,Garcia-James Bank,experian,r07,online,2025-01-28,03/21/2025,Closed
D0004390,C000734,FL,55-64,F001,"Rodriguez, Figueroa and Sanchez Collections",EXP,r03,PHONE,11-Jun-2026,07-Jul-2026,Closed
D0000501,C000303,AZ,25-34,F011,Blair PLC Retail,TU,R06,web,08/08/2026,,Closed
D0001693,C000032,MI,35-44,F004,Davis and Sons Bank,EXP,R09,MAIL,2026-04-07,2026-04-11,Closed
D0001902,C000033,MI,25-34,F016,Galloway-Wyatt Collections,EQUIFAX,R10,Mail,2025-06-15,2025-08-01,Closed
D0001196,C000620,AZ,25-34,F026,Wilkerson-Day Collections,EQF,R08,Online,2025-04-29,06/02/2025,Closed
D0003511,C000315,GA,55-64,F028,"Hoffman, Baker and Richards Auto",EQF,R01,call center,05-Apr-2025,2025-04-28,Closed
D0004967,C000077,PA,55-64,F010,Abbott-Munoz Retail,transunion,R08,phone,2025-10-27,11/01/2025,Closed
D0002067,C000019,NY,65+,F015,Williams and Sons Retail,EXP,R06,online,01/24/2026,,Closed
D0005461,C000361,CA,35-44,F003,"Mcclain, Miller and Henderson Bank",EQUIFAX,R08,MAIL,19-Mar-2026,31-Mar-2026,Closed
D0000699,C000233,MI,55-64,F029,"Ross, Robinson and Bright Collections",Experian,R02,ONLINE,03/26/2026,04/20/2026,Closed
D0000656,C000335,NC,45-54,F020,"Reid, Ferguson and Sanchez Bank",Trans Union,R02,Online,2025-02-05,03/04/2025,Closed
D0000992,C000473,WA,45-54,F005,"Guzman, Hoffman and Baldwin Collections",transunion,R06,online,01/08/2025,01/11/2025,Closed
D0000301,C000792,WA,45-54,F030,"Snyder, Campos and Callahan Collections",experian,R07,Phone,04/10/2026,2026-04-20,Closed
D0003074,C000219,GA,35-44,F001,"Rodriguez, Figueroa and Sanchez Collections",EQF,R04,phone,03/10/2026,2026-03-19,Closed
D0000939,C000177,NY,18-24,F006,"Gardner, Robinson and Lawrence Credit",EQF,R02,MAIL,05/26/2025,19-Jul-2025,Closed
D0002457,C000757,AZ,55-64,F006,"Gardner, Robinson and Lawrence Credit",TU,R05,PHONE,2025-01-28,,Open
D0000763,C000568,OH,18-24,F001,"Rodriguez, Figueroa and Sanchez Collections",transunion,R04,MAIL,2026-06-25,07/08/2026,Closed
D0004299,C000710,AZ,65+,F023,Perez Inc Credit,EQF,R06,online,2025-05-13,07/05/2025,Closed
D0004215,C000574,OH,55-64,F025,"Walter, Edwards and Rios Bank",Equifax,R08,mail,28-Jun-2025,19-Jul-2025,Closed
D0000881,C000643,TX,45-54,F006,"Gardner, Robinson and Lawrence Credit",Equifax,R07,ONLINE,10-Aug-2026,07-Sep-2026,Closed
D0005892,C000378,TX,65+,F001,"Rodriguez, Figueroa and Sanchez Collections",TU,R08,MAIL,2026-02-20,27-Mar-2026,Closed
D0000999,C000186,MI,55-64,F007,Blake and Sons Credit,experian,R08,MAIL,,09/20/2026,Closed
D0005100,C000558,OH,45-54,F008,"Henderson, Ramirez and Lewis Auto",transunion,R01,Online,2025-04-17,04/24/2025,Closed
D0004103,C000103,TX,65+,F023,Perez Inc Credit,EXP,,ONLINE,06/26/2025,07/04/2025,Closed
D0003504,C000620,AZ,25-34,F018,"Flowers, Martin and Kelly Bank",EQUIFAX,R06,web,2025-11-07,,Closed
D0004003,C000542,TX,55-64,F017,James Group Collections,experian,R09,call center,21-May-2025,2025-06-07,Closed
D0002243,C000214,IL,55-64,F019,"Adams, Zuniga and Wong Auto",EQF,R05,mail,2025-01-22,11-Mar-2025,Closed
D0004830,C000377,AZ,18-24,F014,"Mcclure, Ward and Lee Bank",transunion,r09,web,01/29/2025,17-Mar-2025,Closed
D0001123,C000059,OH,25-34,F030,"Snyder, Campos and Callahan Collections",EQUIFAX,R04,Online,03/30/2026,21-Apr-2026,Closed
D0003146,C000723,CA,55-64,F002,Doyle Ltd Collections,Experian,R02,call center,05/11/2025,09-Jun-2025,Closed
D0004007,C000047,NY,55-64,F010,Abbott-Munoz Retail,EQF,R09,MAIL,04/05/2026,04/23/2026,Closed
D0000572,C000650,IL,35-44,F003,"Mcclain, Miller and Henderson Bank",Experian,R02,MAIL,21-Jul-2025,08/08/2025,Closed
D0005096,C000341,NC,45-54,F014,"Mcclure, Ward and Lee Bank",experian,R09,ONLINE,09-Jul-2026,07/13/2026,Closed
D0004467,C000053,AZ,35-44,F020,"Reid, Ferguson and Sanchez Bank",experian,r01,online,2026-05-25,2026-07-19,Closed
D0004410,C000377,AZ,18-24,F011,Blair PLC Retail,EXP,r10,MAIL,07/03/2025,2025-07-18,Closed
D0005543,C000372,WA,25-34,F006,"Gardner, Robinson and Lawrence Credit",EXP,R05,Phone,22-May-2026,06/16/2026,Closed
D0003248,C000016,PA,25-34,F025,"Walter, Edwards and Rios Bank",EXP,R05,call center,08/15/2026,2026-08-31,Closed
D0000050,C000485,WA,25-34,F008,"Henderson, Ramirez and Lewis Auto",Experian,R05,phone,08/19/2025,16-Sep-2025,Closed
D0000676,C000045,AZ,18-24,F010,Abbott-Munoz Retail,TransUnion,R03,phone,07/07/2025,08/25/2025,Closed
D0005795,C000718,AZ,35-44,F001,"Rodriguez, Figueroa and Sanchez Collections",TU,R06,online,04-Oct-2025,22-Oct-2025,Closed
D0005451,C000624,TX,45-54,F007,Blake and Sons Credit,Experian,R01,MAIL,2026-02-01,2026-02-05,Closed
D0002011,C000536,GA,18-24,F020,"Reid, Ferguson and Sanchez Bank",experian,r02,mail,2026-06-21,06-Jul-2026,Closed
D0004398,C000091,AZ,35-44,F007,Blake and Sons Credit,EQUIFAX,R05,web,21-Aug-2026,02-Sep-2026,Closed
D0003816,C000287,AZ,45-54,F004,Davis and Sons Bank,Experian,R01,PHONE,12/30/2025,02/03/2026,Closed
D0005929,C000155,TX,25-34,F001,"Rodriguez, Figueroa and Sanchez Collections",EXP,R02,online,2026-06-08,2026-07-07,Closed
D0002940,C000609,OH,35-44,F004,Davis and Sons Bank,transunion,R01,mail,19-Sep-2025,2025-09-23,Closed
D0003132,C000186,MI,55-64,F003,"Mcclain, Miller and Henderson Bank",equifax,R03,Phone,22-Oct-2025,2025-11-13,Closed
D0001352,C000787,GA,65+,F020,"Reid, Ferguson and Sanchez Bank",experian,R01,online,25-Feb-2025,04/19/2025,Closed
D0000367,C000075,PA,55-64,F021,Gray-Mayo Collections,TU,R08,online,2026-04-18,05/18/2026,Closed
D0004021,C000022,FL,35-44,F009,Garcia-James Bank,equifax,R06,MAIL,2026-06-30,07/10/2026,Closed
D0003449,C000213,NY,35-44,F005,"Guzman, Hoffman and Baldwin Collections",Trans Union,R02,call center,25-Mar-2025,2025-04-23,Closed
D0000049,C000308,AZ,65+,F009,Garcia-James Bank,experian,R07,MAIL,2025-03-04,2025-03-30,Closed
D0000280,C000435,IL,45-54,F007,Blake and Sons Credit,EXP,R02,web,11-Jun-2026,24-Jun-2026,Closed
D0003873,C000769,NY,18-24,F022,"Watts, Robinson and Nguyen Bank",TransUnion,R03,Online,09/02/2025,09/17/2025,Closed
D0000327,C000049,NY,45-54,F025,"Walter, Edwards and Rios Bank",transunion,R05,Phone,08-May-2025,2025-05-11,Closed
D0004630,,IL,25-34,F019,"Adams, Zuniga and Wong Auto",Equifax,R03,call center,2026-04-19,08-May-2026,Closed
D0000014,C000448,TX,25-34,F003,"Mcclain, Miller and Henderson Bank",experian,R06,PHONE,2025-08-16,09/16/2025,Closed
D0001256,C000222,IL,18-24,F014,"Mcclure, Ward and Lee Bank",experian,XX99,Online,06-Feb-2026,16-Feb-2026,Closed
D0002369,C000236,IL,35-44,F014,"Mcclure, Ward and Lee Bank",EXP,R01,Online,05/28/2026,27-Jun-2026,Closed
D0000310,C000292,AZ,45-54,F021,Gray-Mayo Collections,TransUnion,R09,Mail,07-Jun-2025,2025-06-23,Closed
D0005722,C000530,AZ,25-34,F028,"Hoffman, Baker and Richards Auto",equifax,R05,call center,2026-05-06,2026-05-11,Closed
D0001278,C000118,FL,25-34,F020,"Reid, Ferguson and Sanchez Bank",Trans Union,R07,Mail,10-Jul-2025,07/20/2025,Closed
D0005022,C000347,OH,55-64,F019,"Adams, Zuniga and Wong Auto",EQUIFAX,R04,Phone,04-Dec-2025,12/31/2025,Closed
D0003642,C000530,AZ,25-34,F008,"Henderson, Ramirez and Lewis Auto",TransUnion,R08,Online,28-Dec-2025,01-Feb-2026,Closed
D0001676,C000361,CA,35-44,F002,Doyle Ltd Collections,Experian,R02,phone,02/19/2025,03/08/2025,Closed
D0003896,C000656,NY,18-24,F021,Gray-Mayo Collections,Experian,R06,Mail,03/30/2026,16-May-2026,Closed
D0003009,C000707,OH,18-24,F005,"Guzman, Hoffman and Baldwin Collections",EQUIFAX,R09,PHONE,2025-07-26,2025-09-06,Closed
D0001851,C000343,IL,45-54,F007,Blake and Sons Credit,transunion,R07,web,07-Mar-2025,2025-03-15,Closed
D0000197,C000403,WA,65+,F015,Williams and Sons Retail,Experian,r05,call center,2026-08-13,08/25/2026,Closed
D0000711,C000460,GA,55-64,F005,"Guzman, Hoffman and Baldwin Collections",EXP,R09,MAIL,06/02/2025,06/15/2025,Closed
D0000830,C000230,TX,65+,F011,Blair PLC Retail,TU,R10,PHONE,01/22/2026,2026-02-08,Closed
D0000550,C000109,NC,55-64,,Williams and Sons Retail,EXP,r08,call center,2025-03-26,04/18/2025,Closed
D0004251,C000638,NC,18-24,F011,Blair PLC Retail,EQUIFAX,R09,web,07/23/2026,08/07/2026,Closed
D0005789,C000254,GA,35-44,F013,Arnold Ltd Bank,EQF,R05,Phone,2026-01-01,01/29/2026,Closed
D0005195,C000337,NY,65+,F004,Davis and Sons Bank,Experian,R07,Online,26-Apr-2025,,Open
D0002708,C000321,PA,25-34,F019,"Adams, Zuniga and Wong Auto",EXP,R04,Online,2025-01-03,2025-01-09,Closed
D0000748,C000003,IL,25-34,F022,"Watts, Robinson and Nguyen Bank",Trans Union,R04,MAIL,09/25/2025,2025-10-18,Closed
D0005553,C000612,OH,25-34,F012,Dudley Group Auto,Trans Union,R07,Mail,26-Feb-2025,2025-04-13,Closed
D0003655,C000395,MI,25-34,,"Snyder, Campos and Callahan Collections",Experian,R03,Online,21-Sep-2025,2025-10-14,Closed
D0003582,C000495,TX,55-64,F021,Gray-Mayo Collections,Equifax,r08,Online,10-Aug-2025,08/24/2025,Closed
D0000755,C000539,PA,35-44,F009,Garcia-James Bank,EQUIFAX,R02,Phone,2026-08-25,2026-09-09,Closed
D0005965,C000269,OH,65+,F020,"Reid, Ferguson and Sanchez Bank",Trans Union,R03,ONLINE,26-Dec-2025,05-Jan-2026,Closed
D0000458,C000447,NC,25-34,F017,James Group Collections,EXP,R04,Mail,02/14/2026,02/23/2026,Closed
D0002086,C000021,IL,25-34,F013,Arnold Ltd Bank,EXP,R08,Phone,10/02/2025,,Open
D0002570,C000011,FL,55-64,F008,"Henderson, Ramirez and Lewis Auto",experian,R02,call center,13-Jul-2026,07/17/2026,Closed
D0002624,C000662,AZ,35-44,F002,Doyle Ltd Collections,TransUnion,R06,Online,01-Oct-2025,2025-11-13,Closed
D0001511,C000767,NY,25-34,F016,Galloway-Wyatt Collections,EQUIFAX,R04,call center,2026-07-13,08/02/2026,Closed
D0002509,C000109,NC,55-64,F001,"Rodriguez, Figueroa and Sanchez Collections",Experian,R09,Mail,2025-01-09,2025-01-31,Closed
D0001881,C000641,AZ,35-44,F007,Blake and Sons Credit,equifax,R09,PHONE,02-Nov-2025,2025-11-26,Closed
D0004867,C000695,GA,18-24,F007,Blake and Sons Credit,Experian,R08,mail,04/19/2025,12-May-2025,Closed
D0002182,C000014,WA,65+,F006,"Gardner, Robinson and Lawrence Credit",equifax,r09,PHONE,2025-06-27,07/06/2025,Closed
D0005607,C000419,OH,18-24,F008,"Henderson, Ramirez and Lewis Auto",experian,R02,mail,07/20/2026,23-Jul-2026,Closed
D0002594,C000100,IL,25-34,F005,"Guzman, Hoffman and Baldwin Collections",EQF,XX99,phone,08/15/2025,30-Aug-2025,Closed
D0005925,C000758,CA,18-24,F016,Galloway-Wyatt Collections,TransUnion,R08,MAIL,02/14/2025,19-Feb-2025,Closed
D0004097,C000288,OH,45-54,F030,"Snyder, Campos and Callahan Collections",transunion,R05,PHONE,14-Mar-2025,09-Apr-2025,Closed
D0000805,C000153,CA,65+,F001,"Rodriguez, Figueroa and Sanchez Collections",Equifax,R09,call center,11-Apr-2025,05/07/2025,Closed
D0003966,C000287,AZ,45-54,F022,"Watts, Robinson and Nguyen Bank",Experian,R04,Online,2026-03-26,2026-04-11,Closed
D0003496,C000756,FL,65+,F016,Galloway-Wyatt Collections,Equifax,R08,web,2026-08-02,08/19/2026,Closed
D0002063,C000223,CA,35-44,F019,"Adams, Zuniga and Wong Auto",TU,R09,mail,10/25/2025,03-Nov-2025,Closed
D0000890,C000510,WA,18-24,F012,Dudley Group Auto,EQUIFAX,R01,mail,,2025-05-25,Closed
D0001209,C000758,CA,18-24,F012,Dudley Group Auto,EQF,R06,Online,2025-12-29,24-Jan-2026,Closed
D0000382,C000072,CA,18-24,F025,"Walter, Edwards and Rios Bank",equifax,R02,Online,04-Mar-2026,2026-03-30,Closed
D0004796,C000264,CA,18-24,F002,Doyle Ltd Collections,Trans Union,R06,PHONE,01/16/2026,01/26/2026,Closed
D0002779,C000776,NY,65+,F002,Doyle Ltd Collections,TransUnion,R03,Mail,30-Apr-2026,05/10/2026,Closed
D0004484,C000586,NC,45-54,F011,Blair PLC Retail,TransUnion,R02,call center,01/30/2025,19-Feb-2025,Closed
D0004522,C000086,NY,45-54,F009,Garcia-James Bank,EXP,R03,phone,11/25/2025,05-Dec-2025,Closed
D0002389,C000359,CA,55-64,F024,Morales-Jones Auto,experian,R06,Mail,04/17/2026,2026-05-13,Closed
D0000535,C000257,AZ,25-34,F022,"Watts, Robinson and Nguyen Bank",Trans Union,R09,web,04-May-2025,2025-05-18,Closed
D0004468,C000797,MI,65+,F027,Baker and Sons Retail,EQUIFAX,R02,PHONE,06-Jul-2026,08/04/2026,Closed
D0004491,C000660,MI,25-34,F013,Arnold Ltd Bank,experian,R04,Phone,29-Apr-2026,2026-06-11,Closed
D0005549,C000370,OH,65+,F010,Abbott-Munoz Retail,EXP,R09,MAIL,2026-05-31,06/21/2026,Closed
D0005600,C000638,NC,18-24,F019,"Adams, Zuniga and Wong Auto",equifax,R10,web,21-Apr-2025,04/25/2025,Closed
D0005289,C000219,GA,35-44,F017,James Group Collections,transunion,R07,MAIL,2025-04-28,,Open
D0004514,C000414,IL,65+,F021,Gray-Mayo Collections,EQUIFAX,r07,Online,12/19/2025,09-Jan-2026,Closed
D0005739,C000399,FL,45-54,F027,Baker and Sons Retail,Trans Union,R04,Phone,19-Nov-2025,2025-12-08,Closed
D0004649,C000118,FL,25-34,F009,Garcia-James Bank,experian,R08,web,2026-08-05,12-Aug-2026,Closed
D0003280,C000134,FL,45-54,F018,"Flowers, Martin and Kelly Bank",Experian,r08,Mail,2026-06-16,07/08/2026,Closed
D0002408,C000035,CA,65+,F026,Wilkerson-Day Collections,TransUnion,R07,online,2025-06-24,,Open
D0002982,C000486,AZ,45-54,F026,Wilkerson-Day Collections,EQF,R09,web,2026-02-13,02/17/2026,Closed
D0000780,,CA,55-64,F008,"Henderson, Ramirez and Lewis Auto",equifax,R06,online,19-Feb-2026,03/22/2026,Closed
D0004324,C000707,OH,18-24,F009,Garcia-James Bank,equifax,R04,call center,27-Mar-2026,2026-04-01,Closed
D0002406,C000286,NC,35-44,F017,James Group Collections,equifax,R10,Phone,2026-04-18,2026-05-05,Closed
D0001018,C000112,WA,25-34,F026,Wilkerson-Day Collections,experian,R07,MAIL,2026-06-07,06/19/2026,Closed
D0005916,C000002,CA,65+,F027,Baker and Sons Retail,transunion,R04,MAIL,12/14/2025,01/02/2026,Closed
D0000991,C000358,MI,65+,F007,Blake and Sons Credit,Experian,R02,Online,09-Jun-2026,10-Jul-2026,Closed
D0001246,C000776,NY,65+,F024,Morales-Jones Auto,Experian,R09,web,04/17/2025,05-May-2025,Closed
D0005608,C000600,TX,35-44,F003,"Mcclain, Miller and Henderson Bank",equifax,R09,online,03/15/2026,2026-04-14,Closed
D0004983,C000533,NY,35-44,F027,Baker and Sons Retail,TU,R02,PHONE,11/08/2025,2025-12-15,Closed
D0000031,C000293,AZ,65+,F018,"Flowers, Martin and Kelly Bank",EXP,R09,MAIL,09-Jan-2025,20-Jan-2025,Closed
D0000041,C000749,TX,65+,F015,Williams and Sons Retail,EQUIFAX,R09,MAIL,2025-09-21,2025-10-04,Closed
D0004682,C000626,GA,18-24,F014,"Mcclure, Ward and Lee Bank",TU,r05,web,15-Mar-2025,,Open
D0002967,C000117,GA,18-24,F023,Perez Inc Credit,equifax,see notes,phone,07/20/2025,08-Aug-2025,Closed
D0004057,,TX,65+,F027,Baker and Sons Retail,TU,R04,Phone,06/01/2026,12-Jun-2026,Closed
D0005253,C000094,NY,35-44,F008,"Henderson, Ramirez and Lewis Auto",Equifax,R05,phone,26-Feb-2025,03/27/2025,Closed
D0004533,C000239,FL,65+,F013,Arnold Ltd Bank,TransUnion,R07,call center,2025-06-12,28-Jun-2025,Closed
D0002270,C000584,NY,35-44,F030,"Snyder, Campos and Callahan Collections",equifax,R01,mail,09/16/2025,,Open
D0000963,C000218,IL,55-64,F002,Doyle Ltd Collections,Experian,R06,ONLINE,2025-12-20,04-Jan-2026,Closed
D0001055,C000244,NY,25-34,F022,"Watts, Robinson and Nguyen Bank",EQF,R03,Phone,02/20/2025,13-Mar-2025,Closed
D0002146,C000067,MI,45-54,F011,Blair PLC Retail,Equifax,R03,phone,,04/22/2025,Closed
D0000667,C000558,OH,45-54,F006,"Gardner, Robinson and Lawrence Credit",experian,R06,web,01/18/2026,02/07/2026,Closed
D0002393,C000632,WA,45-54,F005,"Guzman, Hoffman and Baldwin Collections",experian,R08,call center,05/17/2025,17-Jun-2025,Closed
D0004249,C000240,TX,35-44,F019,"Adams, Zuniga and Wong Auto",Trans Union,R03,online,01/16/2026,2026-03-07,Closed
D0002422,C000747,GA,45-54,F024,Morales-Jones Auto,equifax,r09,PHONE,2025-09-10,10-Oct-2025,Closed
D0001822,C000772,OH,25-34,F029,"Ross, Robinson and Bright Collections",EXP,R09,web,2026-05-17,25-May-2026,Closed
D0001720,C000419,OH,18-24,F016,Galloway-Wyatt Collections,experian,R05,Mail,2025-03-25,05-Apr-2025,Closed
D0003716,C000222,IL,18-24,F014,"Mcclure, Ward and Lee Bank",EXP,R10,mail,09/14/2025,10/09/2025,Closed
D0001602,C000610,NC,55-64,F026,Wilkerson-Day Collections,equifax,R10,web,05/06/2026,,Open
D0003815,C000315,GA,55-64,F015,Williams and Sons Retail,Experian,R04,online,2026-01-19,01/17/2026,Closed
D0004211,C000418,PA,65+,F011,Blair PLC Retail,TransUnion,R08,call center,06/07/2025,29-Jun-2025,Closed
D0000335,C000334,MI,65+,F006,"Gardner, Robinson and Lawrence Credit",Experian,R04,Phone,28-Jan-2025,2025-02-03,Closed
D0000124,C000502,MI,55-64,F012,Dudley Group Auto,equifax,R01,PHONE,12-Jul-2025,2025-08-24,Closed
D0005276,C000020,PA,35-44,F017,James Group Collections,Equifax,R02,Mail,,2025-02-20,Closed
D0003956,C000090,NC,18-24,F006,"Gardner, Robinson and Lawrence Credit",EQF,R03,Mail,2026-07-21,,Open
D0004247,C000073,NY,65+,F016,Galloway-Wyatt Collections,TransUnion,R02,phone,06/01/2025,06/22/2025,Closed
D0001284,C000090,NC,18-24,F018,"Flowers, Martin and Kelly Bank",TU,R08,call center,2025-04-27,2025-05-12,Closed
D0001552,C000300,MI,65+,F018,"Flowers, Martin and Kelly Bank",Equifax,R09,Phone,05/23/2026,12-Jun-2026,Closed
D0004463,C000327,GA,18-24,F011,Blair PLC Retail,Trans Union,R01,online,05/23/2026,14-Jul-2026,Closed
D0004673,C000680,PA,35-44,F025,"Walter, Edwards and Rios Bank",Experian,R10,mail,05/12/2025,2025-05-18,Closed
D0005378,C000195,CA,45-54,F025,"Walter, Edwards and Rios Bank",Experian,r09,Mail,18-Jul-2025,11-Sep-2025,Closed
D0001730,C000252,CA,45-54,F002,Doyle Ltd Collections,Trans Union,R07,call center,11/10/2025,12/12/2025,Closed
D0005033,C000220,CA,18-24,F025,"Walter, Edwards and Rios Bank",EQF,R02,web,01-Nov-2025,05-Nov-2025,Closed
D0002603,C000165,AZ,65+,F018,"Flowers, Martin and Kelly Bank",EQF,r04,ONLINE,2026-06-14,2026-06-27,Closed
D0004797,C000534,MI,65+,F017,James Group Collections,experian,R10,Mail,06/05/2025,28-Jun-2025,Closed
D0000263,C000136,TX,18-24,F016,Galloway-Wyatt Collections,EQF,R06,Mail,22-Dec-2025,25-Dec-2025,Closed
D0004753,C000414,IL,65+,F014,"Mcclure, Ward and Lee Bank",EXP,R07,ONLINE,,09/30/2025,Closed
D0001827,C000763,MI,25-34,F018,"Flowers, Martin and Kelly Bank",Experian,R10,ONLINE,10/25/2025,2025-11-24,Closed
D0005781,C000504,NC,45-54,F025,"Walter, Edwards and Rios Bank",TransUnion,R05,ONLINE,2026-08-15,28-Aug-2026,Closed
D0002557,C000282,AZ,35-44,F002,Doyle Ltd Collections,EXP,R01,phone,09/09/2025,09/17/2025,Closed
D0001052,,GA,55-64,F016,Galloway-Wyatt Collections,EXP,R08,Online,04/16/2026,2026-04-24,Closed
D0001735,C000112,WA,25-34,F016,Galloway-Wyatt Collections,EQF,R03,web,2025-10-22,2025-11-26,Closed
D0004838,C000175,NY,18-24,F014,"Mcclure, Ward and Lee Bank",Experian,R07,phone,2025-12-14,2025-12-29,Closed
D0003212,C000251,TX,45-54,F006,"Gardner, Robinson and Lawrence Credit",TU,R09,mail,07/19/2025,2025-08-15,Closed
D0000959,C000004,FL,25-34,F018,"Flowers, Martin and Kelly Bank",Experian,R04,PHONE,04/14/2026,04/25/2026,Closed
D0001920,C000343,IL,45-54,F017,James Group Collections,Experian,r07,web,2025-01-21,2025-02-08,Closed
D0001778,C000769,NY,18-24,F012,Dudley Group Auto,equifax,R03,call center,08/12/2025,,Open
D0000918,C000193,IL,45-54,F001,"Rodriguez, Figueroa and Sanchez Collections",Equifax,R01,Mail,06/09/2026,07/02/2026,Closed
D0003256,C000422,PA,45-54,F025,"Walter, Edwards and Rios Bank",transunion,R09,ONLINE,12/10/2025,01/26/2026,Closed
D0003683,C000541,GA,45-54,F028,"Hoffman, Baker and Richards Auto",Equifax,R03,online,03/31/2026,05/15/2026,Closed
D0000139,C000684,WA,45-54,F023,Perez Inc Credit,Trans Union,R01,ONLINE,2026-03-04,21-Apr-2026,Closed
D0001489,C000592,NC,65+,F027,Baker and Sons Retail,EXP,R06,mail,2026-01-12,02-Feb-2026,Closed
D0004661,C000205,IL,55-64,F012,Dudley Group Auto,EQUIFAX,R02,Phone,2025-06-14,07/02/2025,Closed
D0004657,C000275,WA,45-54,F006,"Gardner, Robinson and Lawrence Credit",equifax,see notes,ONLINE,04-Jan-2026,,Open
D0000938,C000686,MI,35-44,F030,"Snyder, Campos and Callahan Collections",EQF,R10,PHONE,03/17/2025,2025-04-15,Closed
D0001729,C000521,FL,35-44,F003,"Mcclain, Miller and Henderson Bank",experian,R08,Mail,08/23/2026,10/07/2026,Closed
D0003126,C000490,GA,35-44,F001,"Rodriguez, Figueroa and Sanchez Collections",EQUIFAX,r04,phone,2025-06-27,2025-07-26,Closed
D0004183,C000584,NY,35-44,F001,"Rodriguez, Figueroa and Sanchez Collections",EXP,R02,Mail,2026-05-06,,Open
D0004046,C000320,PA,45-54,F026,Wilkerson-Day Collections,TransUnion,R09,mail,05/06/2025,2025-05-09,Closed
D0005030,C000220,CA,18-24,F028,"Hoffman, Baker and Richards Auto",Equifax,R06,Mail,06/21/2025,22-Jul-2025,Closed
D0005031,C000761,FL,18-24,F020,"Reid, Ferguson and Sanchez Bank",equifax,R01,ONLINE,02/08/2025,,Open
D0000632,C000730,TX,25-34,F007,Blake and Sons Credit,experian,R03,call center,06-Aug-2026,2026-09-27,Closed
D0001558,C000229,CA,18-24,F008,"Henderson, Ramirez and Lewis Auto",Experian,R04,MAIL,11-Jan-2025,01/15/2025,Closed
D0001470,C000583,FL,65+,F001,"Rodriguez, Figueroa and Sanchez Collections",TU,R06,PHONE,01/05/2025,2025-01-17,Closed
D0004431,C000091,AZ,35-44,F010,Abbott-Munoz Retail,EQF,R02,mail,2025-12-25,01/16/2026,Closed
D0001560,C000265,IL,25-34,F005,"Guzman, Hoffman and Baldwin Collections",Experian,R03,Phone,2025-06-03,18-Jun-2025,Closed
D0001241,C000147,NC,45-54,F016,Galloway-Wyatt Collections,EQUIFAX,R04,Phone,2025-04-28,2025-05-24,Closed
D0002286,C000272,TX,45-54,F011,Blair PLC Retail,Trans Union,,PHONE,09/13/2025,10/02/2025,Closed
D0002959,C000520,IL,18-24,F019,"Adams, Zuniga and Wong Auto",EXP,R07,Phone,13-Apr-2026,05/05/2026,Closed
D0002047,C000708,GA,18-24,F029,"Ross, Robinson and Bright Collections",EQUIFAX,R09,Mail,08/23/2025,02-Sep-2025,Closed
D0001114,C000399,FL,45-54,F012,Dudley Group Auto,Experian,R06,MAIL,12/25/2025,01/23/2026,Closed
D0000099,C000786,NC,35-44,F019,"Adams, Zuniga and Wong Auto",transunion,R07,Online,08/27/2025,20-Sep-2025,Closed
D0002523,C000596,NC,25-34,F007,Blake and Sons Credit,experian,R05,PHONE,06/28/2025,08/22/2025,Closed
D0005857,C000594,GA,45-54,F002,Doyle Ltd Collections,EQUIFAX,R10,PHONE,2025-03-14,,Open
D0001670,C000604,WA,35-44,F003,"Mcclain, Miller and Henderson Bank",experian,XX99,PHONE,01/23/2026,02-Feb-2026,Closed
D0003350,C000318,MI,25-34,F011,Blair PLC Retail,transunion,R04,Phone,2025-07-25,,Open
D0000347,C000573,FL,55-64,F002,Doyle Ltd Collections,Trans Union,R07,phone,29-Oct-2025,11/20/2025,Closed
D0004805,C000417,OH,55-64,F021,Gray-Mayo Collections,EQF,R03,Phone,06-Jan-2025,,Open
D0004455,C000670,AZ,45-54,F004,Davis and Sons Bank,experian,R10,phone,2026-08-05,2026-08-09,Closed
D0000722,C000763,MI,25-34,F008,"Henderson, Ramirez and Lewis Auto",EXP,R06,MAIL,05/22/2026,2026-06-04,Closed
D0002932,C000491,NY,18-24,F014,"Mcclure, Ward and Lee Bank",TransUnion,R07,Mail,2026-07-25,2026-08-28,Closed
D0003585,C000256,FL,18-24,F029,"Ross, Robinson and Bright Collections",Trans Union,see notes,call center,09/07/2025,26-Sep-2025,Closed
D0004042,C000672,GA,35-44,F008,"Henderson, Ramirez and Lewis Auto",experian,see notes,mail,2026-06-15,,Open
D0001755,C000720,AZ,35-44,F015,Williams and Sons Retail,EQF,R09,Online,24-Mar-2026,04/07/2026,Closed
D0000533,C000755,TX,65+,F028,"Hoffman, Baker and Richards Auto",EQUIFAX,r06,Online,04/30/2026,05/10/2026,Closed
D0002098,C000389,NC,18-24,F014,"Mcclure, Ward and Lee Bank",EXP,R07,web,06/12/2026,06/30/2026,Closed
D0002421,C000484,NC,35-44,F010,Abbott-Munoz Retail,EXP,R05,Mail,04/06/2026,2026-04-27,Closed
D0004418,C000674,GA,18-24,F030,"Snyder, Campos and Callahan Collections",TransUnion,R05,ONLINE,,04/03/2026,Closed
D0001803,C000198,NC,25-34,F009,Garcia-James Bank,equifax,R07,web,01/29/2025,02/13/2025,Closed
D0004157,C000487,TX,18-24,F016,Galloway-Wyatt Collections,EXP,R09,web,06/06/2026,07/11/2026,Closed
D0000866,C000464,OH,65+,F008,"Henderson, Ramirez and Lewis Auto",UNK,R06,phone,03-Apr-2025,2025-04-18,Closed
D0005257,C000583,FL,65+,F030,"Snyder, Campos and Callahan Collections",Experian,r09,MAIL,13-Jun-2026,2026-07-04,Closed
D0000158,C000525,FL,35-44,F002,Doyle Ltd Collections,TU,R04,Mail,08/10/2026,18-Aug-2026,Closed
D0003677,C000119,TX,35-44,F028,"Hoffman, Baker and Richards Auto",EXP,other,ONLINE,31-Jul-2026,,Open
D0000751,C000159,CA,25-34,F022,"Watts, Robinson and Nguyen Bank",TU,r03,MAIL,09-Mar-2025,02-Apr-2025,Closed
D0004020,C000280,FL,35-44,F012,Dudley Group Auto,transunion,R08,ONLINE,2025-08-10,09/08/2025,Closed
D0001045,C000631,OH,55-64,F024,Morales-Jones Auto,EQUIFAX,R02,phone,2026-07-18,2026-07-28,Closed
D0000153,C000144,WA,35-44,F029,"Ross, Robinson and Bright Collections",Trans Union,R04,PHONE,06-Jul-2026,2026-07-29,Closed
D0005525,C000261,AZ,55-64,F012,Dudley Group Auto,equifax,R10,mail,07-Jul-2025,2025-07-23,Closed
D0002667,C000379,PA,25-34,F015,Williams and Sons Retail,transunion,R07,phone,26-May-2025,22-Jun-2025,Closed
D0002290,C000218,IL,55-64,F023,Perez Inc Credit,EXP,R01,online,06/02/2026,2026-06-28,Closed
D0002487,C000757,AZ,55-64,F011,Blair PLC Retail,Experian,R10,ONLINE,2025-06-13,02-Jul-2025,Closed
D0001079,C000622,NY,55-64,F017,James Group Collections,equifax,R02,phone,16-Jun-2025,2025-07-06,Closed
D0003520,C000438,AZ,45-54,F021,Gray-Mayo Collections,transunion,r04,online,2025-09-22,11/05/2025,Closed
D0000281,C000455,TX,35-44,F008,"Henderson, Ramirez and Lewis Auto",experian,R08,Mail,22-Jul-2026,2026-09-04,Closed
D0004807,C000761,FL,18-24,F027,Baker and Sons Retail,TU,R01,Online,02/03/2025,2025-03-15,Closed
D0004556,C000513,AZ,18-24,F026,Wilkerson-Day Collections,transunion,R08,ONLINE,03/04/2026,2026-03-20,Closed
D0004380,C000123,CA,18-24,F013,Arnold Ltd Bank,EQF,R03,ONLINE,01/06/2026,,Open
D0004238,C000386,PA,35-44,F013,Arnold Ltd Bank,equifax,R06,Mail,2025-01-02,2025-01-08,Closed
D0003767,C000398,TX,55-64,F009,Garcia-James Bank,transunion,R09,MAIL,2025-08-07,09/04/2025,Closed
D0004395,C000653,NC,45-54,F015,Williams and Sons Retail,equifax,,phone,2026-04-14,2026-04-28,Closed
D0005935,C000476,MI,35-44,F005,"Guzman, Hoffman and Baldwin Collections",TU,R03,PHONE,2026-01-13,12-Feb-2026,Closed
D0003008,C000496,AZ,65+,F001,"Rodriguez, Figueroa and Sanchez Collections",equifax,R01,online,04/27/2025,05/04/2025,Closed
D0000799,C000502,MI,55-64,F006,"Gardner, Robinson and Lawrence Credit",Trans Union,R03,Mail,28-Jul-2025,31-Jul-2025,Closed
D0004440,C000671,WA,35-44,F014,"Mcclure, Ward and Lee Bank",Equifax,R09,online,2026-02-05,,Open
D0002123,C000734,FL,55-64,F028,"Hoffman, Baker and Richards Auto",TU,R05,MAIL,24-Apr-2026,04/27/2026,Closed
D0005716,C000766,CA,35-44,F023,Perez Inc Credit,Trans Union,R02,MAIL,03/29/2026,05/15/2026,Closed
D0003220,C000328,NC,25-34,F022,"Watts, Robinson and Nguyen Bank",EQF,R10,mail,04-Mar-2025,,Open
D0005054,C000101,CA,25-34,F026,Wilkerson-Day Collections,TransUnion,R08,mail,09/15/2025,19-Sep-2025,Closed
D0004788,C000543,CA,45-54,F028,"Hoffman, Baker and Richards Auto",TU,R07,MAIL,,15-Sep-2026,Closed
D0004488,C000035,CA,65+,F025,"Walter, Edwards and Rios Bank",Experian,R04,web,18-Apr-2025,26-Apr-2025,Closed
D0004094,C000486,AZ,45-54,F009,Garcia-James Bank,EQUIFAX,R05,mail,2025-12-30,,Open
D0004469,C000298,IL,25-34,F025,"Walter, Edwards and Rios Bank",equifax,R08,MAIL,2026-07-13,07/26/2026,Closed
D0000856,C000419,OH,18-24,F028,"Hoffman, Baker and Richards Auto",EQUIFAX,R01,Mail,26-Aug-2026,2026-09-01,Closed
D0002762,C000590,NY,45-54,F014,"Mcclure, Ward and Lee Bank",Trans Union,R02,Phone,03-Jun-2026,14-Jun-2026,Closed
D0003098,C000600,TX,35-44,F018,"Flowers, Martin and Kelly Bank",EQUIFAX,R09,MAIL,15-Dec-2025,,Open
D0005816,C000674,GA,18-24,F029,"Ross, Robinson and Bright Collections",equifax,R01,Phone,,2026-02-21,Closed
D0001694,C000615,FL,45-54,F004,Davis and Sons Bank,experian,R10,mail,11-Sep-2025,05-Oct-2025,Closed
D0000553,C000652,NY,25-34,F002,Doyle Ltd Collections,EQUIFAX,R05,MAIL,25-Apr-2025,21-May-2025,Closed
D0001430,C000220,CA,18-24,F028,"Hoffman, Baker and Richards Auto",transunion,R04,PHONE,06-Apr-2026,04/27/2026,Closed
D0000067,C000088,WA,35-44,F004,Davis and Sons Bank,TU,R07,ONLINE,12-Sep-2025,05-Oct-2025,Closed
D0000827,C000463,NC,35-44,F029,"Ross, Robinson and Bright Collections",EXP,R01,web,12/31/2025,2026-01-10,Closed
D0000177,C000762,NC,25-34,F023,Perez Inc Credit,Equifax,R10,call center,2025-03-23,03/29/2025,Closed
D0002547,C000566,GA,18-24,F022,"Watts, Robinson and Nguyen Bank",TransUnion,R10,web,2025-06-09,,Open
D0001424,C000427,NY,65+,F003,"Mcclain, Miller and Henderson Bank",Experian,other,MAIL,12/01/2025,12/14/2025,Closed
D0005354,C000517,CA,45-54,F026,Wilkerson-Day Collections,experian,R08,PHONE,2026-08-24,03-Sep-2026,Closed
D0003759,C000668,GA,35-44,F013,Arnold Ltd Bank,Trans Union,R02,Mail,30-Sep-2025,2025-10-19,Closed
D0001692,C000116,GA,55-64,F010,Abbott-Munoz Retail,EXP,R02,web,2025-04-23,2025-05-02,Closed
D0000709,C000628,PA,65+,F010,Abbott-Munoz Retail,TransUnion,R04,web,22-May-2025,,Open
D0001501,,WA,35-44,F016,Galloway-Wyatt Collections,Equifax,R09,call center,2025-09-19,10/06/2025,Closed
D0002426,C000739,PA,55-64,F001,"Rodriguez, Figueroa and Sanchez Collections",EXP,R02,online,2025-12-16,2025-12-23,Closed
D0003747,C000183,CA,55-64,F005,"Guzman, Hoffman and Baldwin Collections",EXP,R09,Online,08-Jul-2025,12-Jul-2025,Closed
D0005143,C000226,WA,45-54,F009,Garcia-James Bank,experian,,online,18-Feb-2026,04-Mar-2026,Closed
D0000877,C000312,FL,25-34,F025,"Walter, Edwards and Rios Bank",EQF,R09,phone,13-Jan-2025,10-Jan-2025,Closed
D0001310,C000397,GA,65+,F011,Blair PLC Retail,EQF,R10,Phone,01-Mar-2026,2026-04-24,Closed
D0000175,C000666,AZ,55-64,F021,Gray-Mayo Collections,experian,R08,Online,07/06/2026,20-Jul-2026,Closed
D0004181,C000010,TX,25-34,F024,Morales-Jones Auto,EQF,R03,call center,2026-05-06,06/07/2026,Closed
D0002080,C000469,OH,18-24,F012,Dudley Group Auto,EQF,R07,call center,04/24/2025,04/20/2025,Closed
D0004376,C000615,FL,45-54,F027,Baker and Sons Retail,TransUnion,R06,Mail,06/10/2026,24-Jun-2026,Closed
D0004309,C000721,TX,65+,F029,"Ross, Robinson and Bright Collections",Experian,R05,mail,09-Jul-2026,,Closed
D0001128,C000636,OH,65+,F029,"Ross, Robinson and Bright Collections",experian,R03,ONLINE,2025-11-19,2025-12-01,Closed
D0000479,C000581,TX,18-24,F030,"Snyder, Campos and Callahan Collections",EXP,R08,Mail,04/18/2026,,Closed
D0004921,C000126,TX,18-24,F002,Doyle Ltd Collections,Trans Union,R02,web,06-Dec-2025,2025-12-29,Closed
D0001865,C000112,WA,25-34,F007,Blake and Sons Credit,Equifax,R10,ONLINE,14-Jan-2025,,Closed
D0005871,C000148,NY,45-54,F027,Baker and Sons Retail,experian,R04,Mail,2026-06-21,07/04/2026,Closed
D0004335,C000407,IL,55-64,F010,Abbott-Munoz Retail,transunion,R03,Mail,07/19/2026,07-Aug-2026,Closed
D0001200,C000015,WA,55-64,F011,Blair PLC Retail,EQF,R01,call center,2025-12-06,01/21/2026,Closed
D0002010,C000084,OH,18-24,F022,"Watts, Robinson and Nguyen Bank",EXP,R08,PHONE,2025-11-05,11/10/2025,Closed
D0004408,C000435,IL,45-54,F008,"Henderson, Ramirez and Lewis Auto",EXP,R07,mail,14-Oct-2025,10/25/2025,Closed
D0001439,C000474,IL,65+,F020,"Reid, Ferguson and Sanchez Bank",EXP,R09,Mail,05/09/2025,,Open
D0002456,C000219,GA,35-44,F030,"Snyder, Campos and Callahan Collections",transunion,R10,Phone,17-Jun-2026,06/30/2026,Closed
D0001677,C000289,WA,35-44,F016,Galloway-Wyatt Collections,transunion,R06,call center,2026-04-07,2026-04-29,Closed
D0002496,C000784,MI,18-24,F006,"Gardner, Robinson and Lawrence Credit",TU,R09,web,15-Oct-2025,10/23/2025,Closed
D0000607,C000613,WA,25-34,F030,"Snyder, Campos and Callahan Collections",EQF,R02,web,2026-02-19,04-Mar-2026,Closed
D0001371,C000121,NC,25-34,F011,Blair PLC Retail,TU,R07,Online,10-Sep-2025,,Open
D0004190,C000529,NC,25-34,F029,"Ross, Robinson and Bright Collections",EQUIFAX,R09,Phone,2026-03-05,2026-04-26,Closed
D0003384,C000154,NC,18-24,F014,"Mcclure, Ward and Lee Bank",Experian,R10,mail,20-May-2026,,Open
D0004475,C000705,IL,45-54,F023,Perez Inc Credit,Experian,R04,MAIL,06/02/2026,2026-06-23,Closed
D0004329,C000572,PA,18-24,F007,Blake and Sons Credit,equifax,R09,Mail,2025-02-23,27-Feb-2025,Closed
D0003784,C000443,IL,35-44,F001,"Rodriguez, Figueroa and Sanchez Collections",transunion,R06,MAIL,2025-09-10,07-Oct-2025,Closed
D0000598,C000069,OH,25-34,F002,Doyle Ltd Collections,equifax,R07,ONLINE,02/25/2026,03/05/2026,Closed
D0004368,C000304,NC,45-54,F009,Garcia-James Bank,EQUIFAX,R05,call center,05/04/2025,05/14/2025,Closed
D0005492,C000303,AZ,25-34,F010,Abbott-Munoz Retail,EXP,R05,mail,2026-04-13,2026-05-13,Closed
D0002582,C000151,TX,45-54,F026,Wilkerson-Day Collections,transunion,R06,online,11-Feb-2026,02/15/2026,Closed
D0003848,C000573,FL,55-64,F006,"Gardner, Robinson and Lawrence Credit",TransUnion,R02,ONLINE,2026-03-28,12-May-2026,Closed
D0004079,C000558,OH,45-54,F027,Baker and Sons Retail,EXP,R06,mail,04/28/2026,13-May-2026,Closed
D0004412,C000678,WA,35-44,F017,James Group Collections,experian,R04,Online,09/22/2025,15-Oct-2025,Closed
D0003366,C000045,AZ,18-24,F008,"Henderson, Ramirez and Lewis Auto",EXP,R01,Phone,03-Apr-2025,20-Apr-2025,Closed
D0000448,C000515,NY,55-64,F027,Baker and Sons Retail,experian,R03,mail,2025-05-08,05/25/2025,Closed
D0001404,C000373,GA,25-34,F026,Wilkerson-Day Collections,TU,R10,PHONE,10/02/2025,2025-10-11,Closed
D0000199,C000359,CA,55-64,F020,"Reid, Ferguson and Sanchez Bank",TransUnion,R04,ONLINE,,2026-04-27,Closed
D0003998,C000064,FL,65+,F015,Williams and Sons Retail,transunion,R06,Mail,03/22/2026,29-Mar-2026,Closed
D0003931,C000716,GA,35-44,F018,"Flowers, Martin and Kelly Bank",Experian,R05,Online,15-Apr-2025,,Open
D0004818,C000143,CA,45-54,F024,Morales-Jones Auto,EQF,R02,mail,10-Jan-2025,31-Jan-2025,Closed
D0000688,C000640,FL,65+,F024,Morales-Jones Auto,transunion,R09,Online,10/11/2025,21-Oct-2025,Closed
D0005255,C000348,TX,25-34,,Galloway-Wyatt Collections,experian,R09,ONLINE,04-Aug-2025,05-Sep-2025,Closed
D0004827,C000330,NY,45-54,F012,Dudley Group Auto,EXP,R09,web,06/19/2025,2025-07-10,Closed
D0000723,C000099,TX,35-44,F020,"Reid, Ferguson and Sanchez Bank",Experian,R06,call center,2026-06-18,06/25/2026,Closed
D0004083,C000508,MI,55-64,F024,Morales-Jones Auto,TransUnion,R02,call center,08/15/2025,2025-08-23,Closed
D0000346,C000243,NY,25-34,F003,"Mcclain, Miller and Henderson Bank",EXP,r03,mail,26-Mar-2026,2026-04-16,Closed
D0005045,C000759,OH,25-34,F020,"Reid, Ferguson and Sanchez Bank",Trans Union,R04,MAIL,2025-08-31,10/21/2025,Closed
D0001153,C000551,CA,25-34,F002,Doyle Ltd Collections,experian,r05,web,05/26/2025,2025-07-20,Closed
D0003629,C000717,AZ,65+,F012,Dudley Group Auto,equifax,R09,ONLINE,06-Apr-2025,27-Apr-2025,Closed
D0001276,C000189,WA,35-44,F002,Doyle Ltd Collections,TransUnion,R01,mail,02/13/2025,,Open
D0002784,C000049,NY,45-54,F007,Blake and Sons Credit,Equifax,R06,MAIL,2025-05-16,06/05/2025,Closed
D0003381,C000223,CA,35-44,F001,"Rodriguez, Figueroa and Sanchez Collections",EXP,R09,Phone,2025-01-07,02/03/2025,Closed
D0005613,C000267,CA,18-24,F018,"Flowers, Martin and Kelly Bank",Equifax,R08,PHONE,03/31/2026,04/04/2026,Closed
D0000760,C000749,TX,65+,F010,Abbott-Munoz Retail,experian,R01,online,05/14/2025,2025-06-09,Closed
D0000441,C000525,FL,35-44,F028,"Hoffman, Baker and Richards Auto",Equifax,R04,phone,2025-11-18,2025-12-07,Closed
D0003689,C000438,AZ,45-54,F012,Dudley Group Auto,TransUnion,R04,PHONE,2026-06-29,07/02/2026,Closed
D0001453,C000442,FL,35-44,F004,Davis and Sons Bank,EQF,r04,Phone,2025-04-16,26-May-2025,Closed
D0001426,C000419,OH,18-24,F001,"Rodriguez, Figueroa and Sanchez Collections",Equifax,R10,Phone,01/28/2026,,Open
D0002912,C000656,NY,18-24,F015,Williams and Sons Retail,Trans Union,R05,ONLINE,07/02/2025,2025-08-05,Closed
D0002989,C000648,CA,18-24,F025,"Walter, Edwards and Rios Bank",TU,R09,Mail,02/14/2025,02/24/2025,Closed
D0005962,C000293,AZ,65+,F019,"Adams, Zuniga and Wong Auto",EQF,R05,ONLINE,08/06/2025,08/13/2025,Closed
D0001894,C000074,NY,65+,F016,Galloway-Wyatt Collections,TU,R09,call center,05/08/2025,05/06/2025,Closed
D0002654,C000571,NC,45-54,F021,Gray-Mayo Collections,Equifax,R01,PHONE,02-Nov-2025,2025-11-08,Closed
D0000502,C000368,PA,45-54,F016,Galloway-Wyatt Collections,EQF,R05,mail,2026-07-24,29-Jul-2026,Closed
D0004899,C000161,PA,35-44,F006,"Gardner, Robinson and Lawrence Credit",transunion,R02,call center,2026-04-02,2026-04-19,Closed
D0000329,C000706,IL,65+,F030,"Snyder, Campos and Callahan Collections",Equifax,R08,Phone,05/17/2026,2026-05-25,Closed
D0002672,C000622,NY,55-64,F026,Wilkerson-Day Collections,transunion,R05,Online,10-Jun-2026,09-Jul-2026,Closed
D0003213,C000276,CA,55-64,F026,Wilkerson-Day Collections,Experian,R01,MAIL,28-Mar-2025,22-Apr-2025,Closed
D0001989,C000361,CA,35-44,,Garcia-James Bank,EXP,R09,Phone,05/16/2025,2025-06-12,Closed
D0000319,C000089,NC,25-34,F022,"Watts, Robinson and Nguyen Bank",Experian,R01,Mail,2026-05-10,01-Jun-2026,Closed
D0002214,C000523,WA,45-54,F003,"Mcclain, Miller and Henderson Bank",experian,R01,ONLINE,2025-10-28,11/26/2025,Closed
D0004164,C000171,WA,35-44,F008,"Henderson, Ramirez and Lewis Auto",Experian,R07,Mail,,03-May-2025,Closed
D0003427,C000034,WA,18-24,F006,"Gardner, Robinson and Lawrence Credit",Trans Union,R03,Mail,2025-11-22,2026-01-02,Closed
D0004293,C000544,WA,35-44,F012,Dudley Group Auto,experian,R04,MAIL,2026-06-12,,Open
D0003215,C000770,AZ,18-24,F004,Davis and Sons Bank,EQF,R01,MAIL,21-Apr-2025,2025-05-28,Closed
D0004870,C000599,WA,25-34,F013,Arnold Ltd Bank,experian,R04,mail,2026-08-04,18-Aug-2026,Closed
D0002124,C000761,FL,18-24,F016,Galloway-Wyatt Collections,EQF,R02,phone,08/03/2025,09-Aug-2025,Closed
D0003631,C000189,WA,35-44,F014,"Mcclure, Ward and Lee Bank",EQF,R08,MAIL,12/08/2025,01-Jan-2026,Closed
D0000581,C000050,PA,35-44,F027,Baker and Sons Retail,TransUnion,R06,Mail,26-Jun-2026,,Open
D0000520,C000221,AZ,45-54,F029,"Ross, Robinson and Bright Collections",experian,R05,Mail,02/23/2026,,Open
D0000596,C000799,WA,35-44,F005,"Guzman, Hoffman and Baldwin Collections",transunion,R03,Phone,31-Jul-2026,28-Aug-2026,Closed
D0004080,C000122,MI,25-34,F014,"Mcclure, Ward and Lee Bank",TU,R05,MAIL,2026-06-23,2026-07-18,Closed
D0002839,C000746,OH,25-34,F013,Arnold Ltd Bank,Trans Union,R02,PHONE,01/28/2026,02/05/2026,Closed
D0001418,C000481,WA,55-64,F023,Perez Inc Credit,Experian,R02,call center,2026-05-04,2026-05-28,Closed
D0000023,C000079,IL,55-64,F019,"Adams, Zuniga and Wong Auto",EQUIFAX,R02,MAIL,21-May-2025,06/13/2025,Closed
D0000245,C000307,IL,55-64,F023,Perez Inc Credit,equifax,other,Mail,04-Feb-2026,02/18/2026,Closed
D0005514,C000555,MI,45-54,F021,Gray-Mayo Collections,equifax,R04,phone,25-Aug-2025,2025-09-28,Closed
D0001027,C000563,GA,35-44,F012,Dudley Group Auto,Experian,R07,online,2025-12-27,01/28/2026,Closed
D0005097,C000634,OH,65+,F028,"Hoffman, Baker and Richards Auto",Trans Union,r09,Mail,03/06/2025,29-Mar-2025,Closed
D0001967,C000574,OH,55-64,F016,Galloway-Wyatt Collections,EQUIFAX,R10,mail,30-Nov-2025,12/30/2025,Closed
D0002089,C000501,NC,45-54,F021,Gray-Mayo Collections,Equifax,R01,ONLINE,06/27/2026,2026-07-14,Closed
D0000952,C000408,AZ,45-54,F018,"Flowers, Martin and Kelly Bank",transunion,R09,MAIL,2026-03-19,04/04/2026,Closed
D0000495,C000603,CA,35-44,F001,"Rodriguez, Figueroa and Sanchez Collections",equifax,r02,mail,08/21/2025,18-Sep-2025,Closed
D0004642,C000209,AZ,18-24,F015,Williams and Sons Retail,Trans Union,R01,PHONE,2026-05-25,07-Jun-2026,Closed
D0000362,C000312,FL,25-34,F003,"Mcclain, Miller and Henderson Bank",TransUnion,R02,Mail,06/25/2025,,Open
D0004311,C000565,NC,18-24,F012,Dudley Group Auto,equifax,R09,call center,01/07/2026,31-Jan-2026,Closed
D0004837,C000462,PA,65+,F012,Dudley Group Auto,Experian,R01,mail,23-Oct-2025,2025-11-01,Closed
D0001226,C000248,AZ,65+,F003,"Mcclain, Miller and Henderson Bank",TransUnion,R04,Mail,2025-12-23,02-Feb-2026,Closed
D0000351,C000044,WA,65+,F016,Galloway-Wyatt Collections,TU,R07,online,2025-08-13,07-Sep-2025,Closed
D0000164,C000629,NY,18-24,F023,Perez Inc Credit,TransUnion,r06,web,02/23/2025,26-Mar-2025,Closed
D0005482,,FL,18-24,F007,Blake and Sons Credit,equifax,r06,mail,06/30/2026,07/18/2026,Closed
D0005692,C000309,MI,35-44,F015,Williams and Sons Retail,EXP,R03,Online,27-Aug-2026,21-Sep-2026,Closed
D0002954,C000194,OH,18-24,F026,Wilkerson-Day Collections,TU,R02,ONLINE,09/11/2025,08-Oct-2025,Closed
D0000369,C000651,OH,45-54,F026,Wilkerson-Day Collections,EQUIFAX,R04,Online,06/20/2026,,Closed
D0004336,C000139,PA,45-54,F009,Garcia-James Bank,transunion,R07,web,2026-08-28,,Open
D0001956,C000613,WA,25-34,F021,Gray-Mayo Collections,EXP,R01,Online,2026-02-24,2026-04-09,Closed
D0000188,C000465,GA,35-44,F001,"Rodriguez, Figueroa and Sanchez Collections",EXP,R07,call center,2026-06-03,06/06/2026,Closed
D0001850,C000743,GA,55-64,,"Henderson, Ramirez and Lewis Auto",Equifax,R07,PHONE,12/16/2025,05-Jan-2026,Closed
D0003665,C000294,NY,55-64,F026,Wilkerson-Day Collections,EQF,R09,Mail,2025-03-28,04/04/2025,Closed
D0000477,C000501,NC,45-54,F010,Abbott-Munoz Retail,transunion,R05,Phone,2025-01-06,2025-01-09,Closed
D0004548,C000148,NY,45-54,F002,Doyle Ltd Collections,TU,R09,Phone,02/24/2026,2026-02-27,Closed
D0000276,C000612,OH,25-34,F017,James Group Collections,EQF,R03,MAIL,2025-12-17,01/12/2026,Closed
D0001783,C000484,NC,35-44,F002,Doyle Ltd Collections,TransUnion,other,MAIL,07/13/2026,,Open
D0004689,,CA,25-34,F017,James Group Collections,transunion,R09,PHONE,04/23/2025,05/16/2025,Closed
D0003918,C000484,NC,35-44,F014,"Mcclure, Ward and Lee Bank",Experian,R08,Online,08-Feb-2025,30-Mar-2025,Closed
D0004728,C000750,OH,55-64,F028,"Hoffman, Baker and Richards Auto",transunion,R08,mail,29-Apr-2025,2025-06-05,Closed
D0003913,C000471,WA,25-34,F021,Gray-Mayo Collections,TU,,Mail,2025-02-16,02/24/2025,Closed
D0004307,C000253,FL,25-34,F023,Perez Inc Credit,Equifax,R06,Mail,11-Feb-2026,02/22/2026,Closed
D0005647,C000069,OH,25-34,F016,Galloway-Wyatt Collections,TransUnion,R07,Mail,2025-07-30,10-Aug-2025,Closed
D0000736,C000345,IL,25-34,F012,Dudley Group Auto,equifax,R01,MAIL,2026-04-28,16-May-2026,Closed
D0005101,C000778,TX,65+,F022,"Watts, Robinson and Nguyen Bank",Experian,r03,Mail,04/21/2025,2025-05-08,Closed
D0002094,C000053,AZ,35-44,F012,Dudley Group Auto,equifax,R05,ONLINE,2026-02-27,04/13/2026,Closed
D0002679,C000473,WA,45-54,F002,Doyle Ltd Collections,EXP,R05,Phone,2026-03-25,04/27/2026,Closed
D0003739,C000224,NY,65+,F030,"Snyder, Campos and Callahan Collections",TU,R05,Mail,2026-07-28,04-Sep-2026,Closed
D0000569,C000538,IL,65+,F016,Galloway-Wyatt Collections,Equifax,R06,phone,29-Jun-2025,23-Jul-2025,Closed
D0003176,C000442,FL,35-44,F011,Blair PLC Retail,Trans Union,R01,Mail,2025-07-17,2025-09-10,Closed
D0002343,C000655,NY,25-34,F010,Abbott-Munoz Retail,Equifax,R01,Mail,07-Nov-2025,12/07/2025,Closed
D0001915,C000005,WA,18-24,F011,Blair PLC Retail,experian,R04,call center,08/28/2025,2025-09-05,Closed
D0003345,C000101,CA,25-34,F022,"Watts, Robinson and Nguyen Bank",TU,R06,Online,07/26/2026,19-Aug-2026,Closed
D0002583,C000704,IL,25-34,F030,"Snyder, Campos and Callahan Collections",Equifax,r10,call center,08/06/2026,08/17/2026,Closed
D0001555,C000770,AZ,18-24,F026,Wilkerson-Day Collections,TU,R07,MAIL,08/17/2026,2026-09-14,Closed
D0000314,C000619,PA,65+,F009,Garcia-James Bank,Trans Union,R10,call center,2025-04-19,2025-05-04,Closed
D0001133,C000145,TX,25-34,F014,"Mcclure, Ward and Lee Bank",experian,R06,call center,03/27/2025,04/02/2025,Closed
D0005223,C000757,AZ,55-64,F014,"Mcclure, Ward and Lee Bank",TransUnion,R05,web,01/01/2025,,Open
D0001117,C000310,TX,25-34,F003,"Mcclain, Miller and Henderson Bank",experian,R06,MAIL,03-Aug-2025,20-Aug-2025,Closed
D0001688,C000640,FL,65+,F030,"Snyder, Campos and Callahan Collections",Equifax,R10,mail,12/15/2025,01/08/2026,Closed
D0004333,C000406,MI,18-24,F006,"Gardner, Robinson and Lawrence Credit",equifax,R08,mail,05-Jul-2025,28-Jul-2025,Closed
D0000189,C000330,NY,45-54,F004,Davis and Sons Bank,Equifax,see notes,call center,09-Apr-2025,2025-05-08,Closed
D0003526,C000332,NC,55-64,F028,"Hoffman, Baker and Richards Auto",transunion,R01,Mail,08-Feb-2025,02/15/2025,Closed
D0003505,C000007,NC,18-24,F001,"Rodriguez, Figueroa and Sanchez Collections",EQF,R05,ONLINE,03/10/2026,03/24/2026,Closed
D0002313,C000717,AZ,65+,F006,"Gardner, Robinson and Lawrence Credit",EQUIFAX,R02,PHONE,12/20/2025,12/30/2025,Closed
D0004303,C000059,OH,25-34,F024,Morales-Jones Auto,Trans Union,R04,mail,2026-07-27,,Open
D0004907,C000491,NY,18-24,F021,Gray-Mayo Collections,EXP,R09,call center,10-Aug-2025,02-Sep-2025,Closed
D0001553,C000419,OH,18-24,F022,"Watts, Robinson and Nguyen Bank",TU,R07,Phone,20-Feb-2026,,Closed
D0005368,C000414,IL,65+,F024,Morales-Jones Auto,equifax,R05,web,16-Sep-2025,21-Sep-2025,Closed
D0003430,C000630,GA,35-44,F030,"Snyder, Campos and Callahan Collections",experian,R06,Phone,06/09/2026,07/04/2026,Closed
D0000141,C000397,GA,65+,F014,"Mcclure, Ward and Lee Bank",EXP,R06,Phone,2025-11-17,2025-12-13,Closed
D0003260,C000183,CA,55-64,F028,"Hoffman, Baker and Richards Auto",Trans Union,R07,ONLINE,10/11/2025,11/12/2025,Closed
D0001646,C000598,MI,55-64,F008,"Henderson, Ramirez and Lewis Auto",EQUIFAX,XX99,phone,2025-08-17,21-Aug-2025,Closed
D0001680,C000260,IL,35-44,F016,Galloway-Wyatt Collections,Experian,R10,Online,2026-06-01,06/09/2026,Closed
D0001605,C000216,OH,25-34,F007,Blake and Sons Credit,experian,R02,Phone,01-May-2025,05/31/2025,Closed
D0003440,C000552,GA,55-64,F014,"Mcclure, Ward and Lee Bank",EQUIFAX,R07,Mail,09-Jul-2026,18-Jul-2026,Closed
D0002263,C000344,TX,65+,F004,Davis and Sons Bank,EQUIFAX,R04,ONLINE,2026-03-07,28-Mar-2026,Closed
D0004704,C000151,TX,45-54,F021,Gray-Mayo Collections,Experian,R10,Phone,2025-05-12,09-Jun-2025,Closed
D0004402,C000215,FL,65+,F017,James Group Collections,equifax,R02,PHONE,13-Oct-2025,07-Nov-2025,Closed
D0004488,C000035,CA,65+,F025,"Walter, Edwards and Rios Bank",Experian,R04,web,18-Apr-2025,26-Apr-2025,Closed
D0002599,C000570,CA,65+,F019,"Adams, Zuniga and Wong Auto",EQF,R09,PHONE,2025-12-25,2026-01-03,Closed
D0000365,C000468,WA,25-34,F012,Dudley Group Auto,EXP,r10,phone,2025-11-01,07-Dec-2025,Closed
D0004570,C000350,PA,65+,F019,"Adams, Zuniga and Wong Auto",Experian,R09,MAIL,06/25/2025,30-Jun-2025,Closed
D0001468,C000739,PA,55-64,F008,"Henderson, Ramirez and Lewis Auto",EQUIFAX,R10,ONLINE,2025-01-08,2025-02-16,Closed
D0005659,C000254,GA,35-44,F004,Davis and Sons Bank,Trans Union,R03,mail,2026-07-09,07/25/2026,Closed
D0002025,C000400,WA,35-44,F016,Galloway-Wyatt Collections,Experian,R02,mail,2026-05-26,20-Jun-2026,Closed
D0002531,C000299,PA,55-64,F005,"Guzman, Hoffman and Baldwin Collections",equifax,R04,phone,08/30/2026,2026-09-23,Closed
D0001438,C000567,OH,35-44,F015,Williams and Sons Retail,experian,R01,Mail,2025-04-05,2025-04-15,Closed
D0004737,C000346,IL,35-44,F029,"Ross, Robinson and Bright Collections",EXP,R05,phone,09/03/2025,09/07/2025,Closed
D0001446,C000325,FL,25-34,F030,"Snyder, Campos and Callahan Collections",equifax,R10,Phone,08/29/2026,,Open
D0004401,C000253,FL,25-34,F003,"Mcclain, Miller and Henderson Bank",Trans Union,R09,phone,01-Jun-2025,06/19/2025,Closed
D0003229,C000406,MI,18-24,F027,Baker and Sons Retail,EXP,R02,MAIL,2025-10-30,,Open
D0001243,C000615,FL,45-54,F025,"Walter, Edwards and Rios Bank",Trans Union,R07,phone,2025-07-04,2025-07-30,Closed
D0004632,C000197,TX,18-24,F003,"Mcclain, Miller and Henderson Bank",Experian,R05,mail,12-Jan-2026,01/19/2026,Closed
D0001177,C000763,MI,25-34,F021,Gray-Mayo Collections,transunion,R01,web,2026-07-15,07/24/2026,Closed
D0004175,C000674,GA,18-24,F007,Blake and Sons Credit,UNK,R07,mail,2025-12-02,,Open
D0000532,C000575,GA,65+,F018,"Flowers, Martin and Kelly Bank",EXP,R09,Mail,27-Jul-2025,,Open
D0002204,C000504,NC,45-54,F002,Doyle Ltd Collections,Experian,other,mail,03/28/2025,05/02/2025,Closed
D0002479,C000197,TX,18-24,F022,"Watts, Robinson and Nguyen Bank",EXP,R04,web,26-Jun-2025,07/15/2025,Closed
D0005917,C000202,OH,35-44,F004,Davis and Sons Bank,Trans Union,R08,call center,2025-10-18,,Open
D0000400,C000536,GA,18-24,F030,"Snyder, Campos and Callahan Collections",equifax,R10,PHONE,27-Dec-2025,2026-01-21,Closed
D0002277,C000213,NY,35-44,F001,"Rodriguez, Figueroa and Sanchez Collections",TU,R08,Phone,2025-06-03,29-Jun-2025,Closed
D0004049,C000664,AZ,18-24,F020,"Reid, Ferguson and Sanchez Bank",EQF,R08,mail,12/24/2025,2026-02-12,Closed
D0000248,C000208,NC,35-44,F014,"Mcclure, Ward and Lee Bank",transunion,R10,online,12/12/2025,02/02/2026,Closed
D0000201,C000055,CA,35-44,F015,Williams and Sons Retail,TransUnion,see notes,web,09-Jan-2025,,Open
D0000056,C000294,NY,55-64,F001,"Rodriguez, Figueroa and Sanchez Collections",transunion,R05,Mail,05/30/2026,2026-06-27,Closed
D0000934,C000070,NY,55-64,F026,Wilkerson-Day Collections,equifax,r06,call center,08/19/2026,15-Sep-2026,Closed
D0001497,C000528,PA,18-24,F002,Doyle Ltd Collections,experian,R10,call center,08/05/2025,2025-08-24,Closed
D0000212,C000135,PA,25-34,F007,Blake and Sons Credit,transunion,R08,mail,2025-01-04,21-Jan-2025,Closed
D0001612,C000214,IL,55-64,F027,Baker and Sons Retail,TransUnion,R09,web,2025-11-13,,Open
D0003071,C000279,WA,65+,F012,Dudley Group Auto,Experian,R05,phone,01/07/2025,02/28/2025,Closed
D0003738,C000496,AZ,65+,F024,Morales-Jones Auto,TU,R05,Phone,,06/06/2026,Closed
D0001019,C000444,IL,55-64,F027,Baker and Sons Retail,experian,R02,web,16-Sep-2025,24-Sep-2025,Closed
D0003081,C000724,NC,35-44,F001,"Rodriguez, Figueroa and Sanchez Collections",EQUIFAX,R10,MAIL,09/21/2025,26-Sep-2025,Closed
D0000459,C000638,NC,18-24,F004,Davis and Sons Bank,EQF,R05,PHONE,2026-01-28,02/11/2026,Closed
D0002574,C000439,OH,18-24,F001,"Rodriguez, Figueroa and Sanchez Collections",EQF,R09,Mail,07/26/2025,2025-08-19,Closed
D0000115,C000486,AZ,45-54,F019,"Adams, Zuniga and Wong Auto",EXP,R04,Phone,07/19/2026,30-Jul-2026,Closed
D0002176,C000613,WA,25-34,F001,"Rodriguez, Figueroa and Sanchez Collections",UNK,R10,Mail,05/24/2025,08-Jun-2025,Closed
D0000249,C000450,GA,55-64,F008,"Henderson, Ramirez and Lewis Auto",transunion,see notes,online,,,Open
D0000658,C000659,FL,45-54,F027,Baker and Sons Retail,Trans Union,r07,Mail,,09/15/2025,Closed
D0002633,C000738,WA,55-64,F024,Morales-Jones Auto,TransUnion,R01,online,22-Aug-2026,,Open
D0005391,C000094,NY,35-44,F015,Williams and Sons Retail,transunion,R06,Mail,14-Aug-2025,09/03/2025,Closed
D0003109,C000565,NC,18-24,F022,"Watts, Robinson and Nguyen Bank",TU,r06,Mail,2025-11-03,23-Nov-2025,Closed
D0003649,C000245,PA,18-24,F002,Doyle Ltd Collections,UNK,R07,Mail,2025-08-03,2025-08-25,Closed
D0003883,C000103,TX,65+,F028,"Hoffman, Baker and Richards Auto",equifax,R05,web,2026-01-22,2026-02-09,Closed
D0000555,C000761,FL,18-24,F029,"Ross, Robinson and Bright Collections",transunion,R01,mail,03/23/2025,29-Mar-2025,Closed
D0003406,C000142,AZ,18-24,F015,Williams and Sons Retail,Experian,R07,mail,03/16/2025,04/18/2025,Closed
D0002269,C000728,WA,35-44,F001,"Rodriguez, Figueroa and Sanchez Collections",EXP,R04,phone,2025-04-12,04/19/2025,Closed
D0005814,,MI,55-64,F016,Galloway-Wyatt Collections,Experian,R08,Phone,,23-Oct-2025,Closed
D0004747,C000562,PA,65+,F002,Doyle Ltd Collections,EQF,R01,Mail,09-Jun-2026,2026-06-29,Closed
D0004069,C000257,AZ,25-34,F015,Williams and Sons Retail,Experian,R10,PHONE,13-Dec-2025,2026-01-04,Closed
D0004836,C000761,FL,18-24,F024,Morales-Jones Auto,experian,R04,ONLINE,2025-04-03,2025-04-29,Closed
D0000145,C000554,IL,25-34,F024,Morales-Jones Auto,Trans Union,R05,ONLINE,2025-10-17,,Open
D0005519,C000075,PA,55-64,F029,"Ross, Robinson and Bright Collections",experian,R10,phone,2026-07-27,02-Aug-2026,Closed
D0005579,C000204,NC,65+,F006,"Gardner, Robinson and Lawrence Credit",Trans Union,R04,Mail,03/13/2025,,Open
D0001140,C000288,OH,45-54,F020,"Reid, Ferguson and Sanchez Bank",TU,R08,mail,2025-01-18,02/22/2025,Closed
D0004176,C000197,TX,18-24,F029,"Ross, Robinson and Bright Collections",Experian,R10,Mail,2025-03-29,,Open
D0003745,C000766,CA,35-44,F012,Dudley Group Auto,TU,R01,online,2025-11-11,19-Nov-2025,Closed
D0000291,C000275,WA,45-54,F030,"Snyder, Campos and Callahan Collections",equifax,R05,Mail,2026-06-30,08/13/2026,Closed
D0001223,C000771,NY,18-24,F007,Blake and Sons Credit,Trans Union,R02,mail,10-Mar-2026,25-Mar-2026,Closed
D0005743,C000320,PA,45-54,F016,Galloway-Wyatt Collections,Equifax,see notes,Phone,14-Sep-2025,17-Sep-2025,Closed
D0003111,C000277,NC,65+,F023,Perez Inc Credit,EQUIFAX,R03,online,04/28/2025,23-May-2025,Closed
D0001649,C000557,TX,45-54,F008,"Henderson, Ramirez and Lewis Auto",EXP,R05,ONLINE,03-Nov-2025,15-Nov-2025,Closed
D0000554,C000079,IL,55-64,F011,Blair PLC Retail,Equifax,R05,Online,01/17/2026,,Open
D0005103,C000307,IL,55-64,F027,Baker and Sons Retail,TU,,Mail,2025-05-04,05/29/2025,Closed
D0002042,C000612,OH,25-34,F022,"Watts, Robinson and Nguyen Bank",Experian,R01,phone,09/06/2025,,Open
D0001323,C000548,MI,55-64,F027,Baker and Sons Retail,EQF,R10,ONLINE,22-Mar-2025,2025-05-08,Closed
D0001012,C000164,WA,55-64,F020,"Reid, Ferguson and Sanchez Bank",TransUnion,R06,ONLINE,04/07/2025,2025-04-14,Closed
D0003292,C000087,CA,65+,F019,"Adams, Zuniga and Wong Auto",equifax,R09,web,09-Nov-2025,12-Nov-2025,Closed
D0001573,C000733,TX,18-24,F009,Garcia-James Bank,Equifax,R06,phone,03/05/2026,2026-03-17,Closed
D0002913,C000687,FL,65+,F002,Doyle Ltd Collections,Trans Union,R10,call center,01-Feb-2026,02/20/2026,Closed
D0001454,C000524,TX,65+,F015,Williams and Sons Retail,transunion,R08,Mail,08/17/2025,2025-09-22,Closed
D0002941,C000032,MI,35-44,F018,"Flowers, Martin and Kelly Bank",transunion,R06,web,08/14/2025,09/28/2025,Closed
D0004141,C000393,CA,25-34,F015,Williams and Sons Retail,EQF,R02,Online,01/15/2025,2025-02-01,Closed
D0003238,C000652,NY,25-34,F003,"Mcclain, Miller and Henderson Bank",TransUnion,R01,online,01/27/2025,2025-03-09,Closed
D0002578,C000059,OH,25-34,F018,"Flowers, Martin and Kelly Bank",EQUIFAX,R08,MAIL,02/09/2026,2026-03-16,Closed
D0002486,C000583,FL,65+,F009,Garcia-James Bank,EQF,R07,Mail,2026-08-24,,Open
D0005881,C000217,AZ,65+,F029,"Ross, Robinson and Bright Collections",Trans Union,R10,online,19-Jun-2026,07/04/2026,Closed
D0004863,C000602,NC,35-44,F016,Galloway-Wyatt Collections,transunion,R09,Mail,26-Mar-2025,04/12/2025,Closed
D0000373,C000014,WA,65+,F008,"Henderson, Ramirez and Lewis Auto",EQF,R04,online,22-Jan-2025,03/03/2025,Closed
D0003667,C000125,CA,25-34,F015,Williams and Sons Retail,transunion,R07,online,15-Jun-2025,06/25/2025,Closed
D0001531,C000532,TX,18-24,F016,Galloway-Wyatt Collections,Trans Union,R02,Phone,2026-02-05,23-Mar-2026,Closed
D0004476,C000218,IL,55-64,F006,"Gardner, Robinson and Lawrence Credit",Trans Union,r02,Phone,01/01/2026,02/19/2026,Closed
D0003090,C000294,NY,55-64,F012,Dudley Group Auto,TransUnion,R04,Mail,04/06/2026,,Open
D0001213,C000160,PA,18-24,F003,"Mcclain, Miller and Henderson Bank",experian,R10,online,,06/17/2025,Closed
D0003475,C000125,CA,25-34,F007,Blake and Sons Credit,experian,R10,web,2025-11-21,01/12/2026,Closed
D0001194,C000004,FL,25-34,F021,Gray-Mayo Collections,Experian,see notes,Online,2026-02-26,22-Mar-2026,Closed
D0002016,C000260,IL,35-44,F029,"Ross, Robinson and Bright Collections",transunion,R01,mail,2026-04-30,15-May-2026,Closed
D0000737,C000139,PA,45-54,F008,"Henderson, Ramirez and Lewis Auto",experian,R02,online,08/08/2025,19-Aug-2025,Closed
D0002647,C000139,PA,45-54,F026,Wilkerson-Day Collections,TransUnion,R10,ONLINE,07-Apr-2025,04/30/2025,Closed
D0000470,C000590,NY,45-54,F009,Garcia-James Bank,Trans Union,R02,PHONE,2025-09-02,,Open
D0003894,C000254,GA,35-44,F020,"Reid, Ferguson and Sanchez Bank",Trans Union,R08,web,19-Aug-2026,29-Aug-2026,Closed
D0000912,C000651,OH,45-54,F026,Wilkerson-Day Collections,TU,r04,PHONE,06-May-2026,2026-06-05,Closed
D0002849,C000487,TX,18-24,F012,Dudley Group Auto,Experian,R07,phone,03/24/2025,2025-04-17,Closed
D0004443,C000366,FL,45-54,F017,James Group Collections,TransUnion,R10,MAIL,2025-07-20,08/18/2025,Closed
D0000106,C000670,AZ,45-54,F006,"Gardner, Robinson and Lawrence Credit",TU,r02,call center,03/21/2026,,Closed
D0001150,,TX,18-24,F026,Wilkerson-Day Collections,equifax,R04,Mail,19-Aug-2025,09/02/2025,Closed
D0000703,C000216,OH,25-34,F001,"Rodriguez, Figueroa and Sanchez Collections",EQUIFAX,R08,MAIL,03/09/2025,04/04/2025,Closed
D0003909,C000092,AZ,55-64,F004,Davis and Sons Bank,EQUIFAX,R06,mail,04-Mar-2025,03/12/2025,Closed
D0000044,C000115,AZ,35-44,F002,Doyle Ltd Collections,EQUIFAX,R09,web,07/15/2026,2026-08-04,Closed
D0001666,C000331,AZ,55-64,F023,Perez Inc Credit,EXP,R07,online,09-Nov-2025,22-Nov-2025,Closed
D0001944,C000241,NC,45-54,F011,Blair PLC Retail,Experian,R06,Mail,26-Aug-2025,09/19/2025,Closed
D0003828,C000540,NC,55-64,F018,"Flowers, Martin and Kelly Bank",TU,R10,ONLINE,05/17/2026,05/30/2026,Closed
D0004538,,AZ,55-64,F029,"Ross, Robinson and Bright Collections",EQF,R02,mail,10-Aug-2025,2025-09-02,Closed
D0002777,C000586,NC,45-54,F014,"Mcclure, Ward and Lee Bank",transunion,R01,Mail,06/24/2025,2025-07-29,Closed
D0001972,C000419,OH,18-24,F020,"Reid, Ferguson and Sanchez Bank",TransUnion,R03,PHONE,02-Mar-2026,09-Mar-2026,Closed
D0000860,C000609,OH,35-44,F008,"Henderson, Ramirez and Lewis Auto",TU,R09,web,,,Open
D0002181,C000164,WA,55-64,F009,Garcia-James Bank,experian,R04,Mail,2025-11-28,,Open
D0000846,C000651,OH,45-54,F006,"Gardner, Robinson and Lawrence Credit",EQF,r05,call center,13-Jan-2026,18-Feb-2026,Closed
D0002410,C000223,CA,35-44,F003,"Mcclain, Miller and Henderson Bank",transunion,R08,web,02/16/2025,24-Feb-2025,Closed
D0005945,C000476,MI,35-44,F019,"Adams, Zuniga and Wong Auto",TransUnion,R04,ONLINE,2026-01-01,22-Jan-2026,Closed
D0003150,C000196,MI,55-64,F004,Davis and Sons Bank,equifax,R01,call center,,03/31/2025,Closed
D0001187,C000119,TX,35-44,F007,Blake and Sons Credit,EQUIFAX,R01,phone,2025-05-19,12-Jun-2025,Closed
D0004501,C000179,AZ,25-34,F026,Wilkerson-Day Collections,experian,R09,PHONE,2026-06-11,06/18/2026,Closed
D0002915,C000531,IL,25-34,F026,Wilkerson-Day Collections,Trans Union,R05,online,07/01/2026,07/19/2026,Closed
D0005004,C000562,PA,65+,F015,Williams and Sons Retail,experian,R02,web,21-Jan-2025,,Open
D0005530,C000223,CA,35-44,F019,"Adams, Zuniga and Wong Auto",Trans Union,R01,phone,09/11/2025,,Open
D0002251,C000412,AZ,25-34,F011,Blair PLC Retail,equifax,see notes,online,,06/19/2025,Closed
D0002415,C000477,TX,25-34,,"Hoffman, Baker and Richards Auto",Experian,R08,Mail,02/03/2025,02/20/2025,Closed
D0005010,C000425,GA,65+,F025,"Walter, Edwards and Rios Bank",TransUnion,R09,MAIL,02/01/2025,,Open
D0004715,C000109,NC,55-64,F025,"Walter, Edwards and Rios Bank",Experian,R07,online,2026-01-10,2026-02-06,Closed
D0004464,C000056,PA,35-44,F006,"Gardner, Robinson and Lawrence Credit",EQF,R02,MAIL,14-Aug-2025,2025-08-18,Closed
D0001054,C000163,PA,65+,F022,"Watts, Robinson and Nguyen Bank",equifax,r06,ONLINE,2026-06-30,07-Jul-2026,Closed
D0001255,C000339,IL,25-34,F024,Morales-Jones Auto,TU,R05,ONLINE,03/09/2025,03/29/2025,Closed
D0000425,,TX,45-54,F013,Arnold Ltd Bank,Equifax,r10,online,01/22/2025,,Open
D0004735,C000573,FL,55-64,F008,"Henderson, Ramirez and Lewis Auto",Trans Union,R08,call center,2025-05-28,06/12/2025,Closed
D0001598,C000536,GA,18-24,F018,"Flowers, Martin and Kelly Bank",TU,r02,MAIL,2025-05-28,06/15/2025,Closed
D0002846,C000416,MI,18-24,F007,Blake and Sons Credit,EQUIFAX,R06,phone,2025-11-20,2026-01-07,Closed
D0002741,C000774,CA,25-34,F010,Abbott-Munoz Retail,TU,r06,Mail,03/31/2025,04/09/2025,Closed
D0004123,C000326,WA,55-64,F026,Wilkerson-Day Collections,equifax,R10,PHONE,07-Dec-2025,2025-12-16,Closed
D0002236,C000640,FL,65+,F026,Wilkerson-Day Collections,EQF,R04,PHONE,2025-12-24,16-Jan-2026,Closed
D0000494,C000389,NC,18-24,F022,"Watts, Robinson and Nguyen Bank",Trans Union,R10,Mail,01/19/2025,2025-02-15,Closed
D0005449,,IL,55-64,F021,Gray-Mayo Collections,Experian,R07,phone,07/21/2025,08/14/2025,Closed
D0005729,C000306,AZ,18-24,F013,Arnold Ltd Bank,transunion,r07,Mail,28-Apr-2026,02-May-2026,Closed
D0002565,C000503,MI,25-34,F024,Morales-Jones Auto,Trans Union,R07,web,09/12/2025,11-Oct-2025,Closed
D0004619,C000109,NC,55-64,F003,"Mcclain, Miller and Henderson Bank",Trans Union,see notes,phone,2025-11-07,12/14/2025,Closed
D0005874,C000548,MI,55-64,F003,"Mcclain, Miller and Henderson Bank",EXP,R10,Online,05/02/2025,30-May-2025,Closed
D0005644,C000253,FL,25-34,F016,Galloway-Wyatt Collections,equifax,other,mail,27-Nov-2025,2025-12-26,Closed
D0002489,C000119,TX,35-44,F006,"Gardner, Robinson and Lawrence Credit",Experian,R03,mail,11/21/2025,22-Dec-2025,Closed
D0000727,C000489,GA,45-54,F002,Doyle Ltd Collections,equifax,R10,online,26-Apr-2026,2026-05-02,Closed
D0002649,C000390,OH,25-34,F013,Arnold Ltd Bank,Experian,R09,web,2025-03-13,21-Mar-2025,Closed
D0002543,C000782,TX,45-54,F029,"Ross, Robinson and Bright Collections",TU,R09,mail,2026-04-07,2026-04-19,Closed
D0003707,C000562,PA,65+,F009,Garcia-James Bank,EQUIFAX,R08,Phone,29-May-2026,2026-06-04,Closed
D0004172,C000409,PA,65+,F014,"Mcclure, Ward and Lee Bank",Experian,R07,mail,2026-06-27,06/30/2026,Closed
D0002980,C000714,CA,35-44,F028,"Hoffman, Baker and Richards Auto",EQUIFAX,R10,online,07/19/2026,08/03/2026,Closed
D0004678,C000786,NC,35-44,F020,"Reid, Ferguson and Sanchez Bank",Experian,R02,phone,17-Mar-2025,2025-03-20,Closed
D0004679,C000095,NY,55-64,F028,"Hoffman, Baker and Richards Auto",Experian,R05,phone,2026-03-25,,Open
D0002438,C000148,NY,45-54,,Gray-Mayo Collections,experian,R04,PHONE,08-Jan-2026,2026-02-22,Closed
D0001667,C000477,TX,25-34,F023,Perez Inc Credit,EQF,r08,Phone,02/24/2025,,Open
D0005323,C000703,NC,55-64,F024,Morales-Jones Auto,equifax,R07,phone,2025-09-09,2025-10-04,Closed
D0004939,C000546,CA,18-24,F025,"Walter, Edwards and Rios Bank",TU,R06,MAIL,07/19/2025,,Closed
D0004374,C000432,WA,55-64,F009,Garcia-James Bank,equifax,R03,Phone,2025-08-03,11-Aug-2025,Closed
D0005730,C000587,TX,25-34,F025,"Walter, Edwards and Rios Bank",Equifax,R05,Mail,02-Jul-2026,2026-08-17,Closed
D0002259,C000315,GA,55-64,F016,Galloway-Wyatt Collections,TU,R04,PHONE,2026-05-19,04-Jun-2026,Closed
D0002360,C000643,TX,45-54,F020,"Reid, Ferguson and Sanchez Bank",Experian,R05,mail,07/26/2026,2026-08-20,Closed
D0002703,C000697,WA,25-34,F022,"Watts, Robinson and Nguyen Bank",transunion,,mail,03/23/2025,04-May-2025,Closed
D0002897,C000265,IL,25-34,F019,"Adams, Zuniga and Wong Auto",transunion,R06,ONLINE,,2026-05-02,Closed
D0004458,C000570,CA,65+,F011,Blair PLC Retail,TransUnion,R04,web,2026-05-01,07-May-2026,Closed
D0003476,C000570,CA,65+,F017,James Group Collections,EQUIFAX,R10,phone,2025-01-28,2025-03-02,Closed
D0001386,C000310,TX,25-34,F005,"Guzman, Hoffman and Baldwin Collections",Trans Union,other,Online,2026-01-09,2026-01-29,Closed
D0003016,C000157,GA,45-54,F004,Davis and Sons Bank,Trans Union,R05,phone,02-May-2026,05/17/2026,Closed
D0002409,C000478,IL,25-34,F011,Blair PLC Retail,transunion,R05,ONLINE,2025-05-08,2025-06-05,Closed
D0003906,C000722,FL,45-54,F021,Gray-Mayo Collections,Equifax,R07,online,09/26/2025,2025-10-23,Closed
D0002007,C000195,CA,45-54,F004,Davis and Sons Bank,TU,r05,ONLINE,,,Open
D0004546,C000626,GA,18-24,F007,Blake and Sons Credit,Trans Union,R06,call center,12/26/2025,01/04/2026,Closed
D0000545,C000616,CA,35-44,F011,Blair PLC Retail,experian,R07,Online,10-May-2026,20-May-2026,Closed
D0000615,C000649,OH,18-24,F003,"Mcclain, Miller and Henderson Bank",Equifax,r09,Mail,14-Dec-2025,2025-12-25,Closed
D0002554,C000559,OH,35-44,F023,Perez Inc Credit,experian,r08,mail,02-Mar-2026,23-Mar-2026,Closed
D0001409,C000256,FL,18-24,F027,Baker and Sons Retail,Experian,R08,call center,12/20/2025,2026-01-15,Closed
D0005786,C000322,NY,65+,F013,Arnold Ltd Bank,TU,R10,phone,15-Aug-2025,14-Sep-2025,Closed
D0005776,C000799,WA,35-44,F012,Dudley Group Auto,TU,R02,mail,18-May-2025,06/07/2025,Closed
D0001654,C000336,NC,45-54,F019,"Adams, Zuniga and Wong Auto",TU,R08,phone,01/30/2026,12-Mar-2026,Closed
D0000892,C000163,PA,65+,F019,"Adams, Zuniga and Wong Auto",experian,R03,online,2026-06-28,07/29/2026,Closed
D0005385,C000436,FL,45-54,F005,"Guzman, Hoffman and Baldwin Collections",EXP,R06,phone,08-Dec-2025,19-Dec-2025,Closed
D0001149,C000148,NY,45-54,F013,Arnold Ltd Bank,EXP,R01,mail,07/21/2026,01-Aug-2026,Closed
D0001736,C000278,WA,65+,F023,Perez Inc Credit,Experian,R04,online,2025-02-01,2025-02-05,Closed
D0000875,C000061,PA,65+,F001,"Rodriguez, Figueroa and Sanchez Collections",equifax,R06,PHONE,11-Jun-2025,07/06/2025,Closed
D0000015,C000143,CA,45-54,F025,"Walter, Edwards and Rios Bank",Trans Union,R05,online,26-Apr-2026,05/01/2026,Closed
D0003344,C000398,TX,55-64,F020,"Reid, Ferguson and Sanchez Bank",Equifax,R06,Online,24-Oct-2025,02-Nov-2025,Closed
D0002372,C000637,WA,45-54,F012,Dudley Group Auto,Experian,,ONLINE,02-Nov-2025,11/18/2025,Closed
D0005819,C000150,GA,25-34,F006,"Gardner, Robinson and Lawrence Credit",EXP,R02,mail,10/26/2025,2025-11-04,Closed
D0003516,C000675,FL,45-54,F023,Perez Inc Credit,EQUIFAX,R07,online,05/23/2026,05-Jun-2026,Closed
D0001559,C000491,NY,18-24,F012,Dudley Group Auto,EQF,R04,MAIL,2025-05-06,05/15/2025,Closed
D0000795,C000085,IL,45-54,F026,Wilkerson-Day Collections,EXP,r04,Online,2026-03-15,03/14/2026,Closed
D0002646,C000444,IL,55-64,F016,Galloway-Wyatt Collections,Equifax,R04,MAIL,10-Nov-2025,18-Nov-2025,Closed
D0004617,C000015,WA,55-64,F008,"Henderson, Ramirez and Lewis Auto",EXP,R06,Online,2025-09-16,,Open
D0004257,C000508,MI,55-64,F018,"Flowers, Martin and Kelly Bank",transunion,R04,phone,30-Jul-2025,08/24/2025,Closed
D0000859,C000553,AZ,45-54,F014,"Mcclure, Ward and Lee Bank",TransUnion,R06,mail,2026-07-26,09/13/2026,Closed
D0001835,C000533,NY,35-44,F011,Blair PLC Retail,experian,R02,ONLINE,11-Dec-2025,2025-12-14,Closed
D0004186,C000441,NY,45-54,F016,Galloway-Wyatt Collections,UNK,r05,online,2025-02-12,02/22/2025,Closed
D0000114,C000030,TX,55-64,F006,"Gardner, Robinson and Lawrence Credit",TU,R09,online,07/17/2025,2025-07-21,Closed
D0004346,C000686,MI,35-44,F008,"Henderson, Ramirez and Lewis Auto",transunion,R04,ONLINE,05/20/2026,2026-06-07,Closed
D0004128,C000081,WA,18-24,F015,Williams and Sons Retail,transunion,,ONLINE,22-Nov-2025,27-Nov-2025,Closed
D0004866,C000593,IL,45-54,F004,Davis and Sons Bank,Trans Union,R06,Online,2026-05-31,06/24/2026,Closed
D0000061,C000253,FL,25-34,F023,Perez Inc Credit,Trans Union,r02,Mail,03/17/2025,,Open
D0003006,C000470,WA,55-64,F012,Dudley Group Auto,EQUIFAX,R05,web,02/16/2026,02/28/2026,Closed
D0000250,C000724,NC,35-44,F021,Gray-Mayo Collections,EQUIFAX,R03,Online,31-Aug-2026,28-Sep-2026,Closed
D0003717,C000507,PA,35-44,F014,"Mcclure, Ward and Lee Bank",Experian,R10,mail,03/01/2025,03/29/2025,Closed
D0005051,C000069,OH,25-34,F028,"Hoffman, Baker and Richards Auto",EXP,R04,Phone,23-Jun-2026,2026-08-08,Closed
D0000697,C000502,MI,55-64,F022,"Watts, Robinson and Nguyen Bank",Trans Union,R09,web,2026-02-09,28-Feb-2026,Closed
D0000466,C000095,NY,55-64,F009,Garcia-James Bank,Equifax,R01,Phone,10/31/2025,2025-11-29,Closed
D0002520,C000241,NC,45-54,F004,Davis and Sons Bank,EQUIFAX,R08,phone,06/21/2026,2026-07-17,Closed
D0005189,C000288,OH,45-54,F008,"Henderson, Ramirez and Lewis Auto",TransUnion,R01,MAIL,26-Aug-2025,25-Sep-2025,Closed
D0003354,C000238,FL,65+,F022,"Watts, Robinson and Nguyen Bank",Experian,r05,ONLINE,2025-12-11,2025-12-22,Closed
D0001120,C000501,NC,45-54,F008,"Henderson, Ramirez and Lewis Auto",Trans Union,R01,Phone,2025-08-11,10/03/2025,Closed
D0005634,C000141,AZ,65+,F024,Morales-Jones Auto,Equifax,r03,PHONE,2025-12-20,02-Jan-2026,Closed
D0002878,C000088,WA,35-44,F018,"Flowers, Martin and Kelly Bank",Equifax,R05,ONLINE,19-Nov-2025,10-Dec-2025,Closed
D0005869,C000650,IL,35-44,F008,"Henderson, Ramirez and Lewis Auto",experian,R01,mail,29-Jan-2026,02/17/2026,Closed
D0001998,C000062,GA,25-34,F017,James Group Collections,Trans Union,R01,phone,24-Oct-2025,,Open
D0000565,C000450,GA,55-64,F016,Galloway-Wyatt Collections,Trans Union,R02,MAIL,2025-03-03,04/01/2025,Closed
D0005966,C000749,TX,65+,F005,"Guzman, Hoffman and Baldwin Collections",TU,R03,Online,2025-01-03,01/11/2025,Closed
D0005386,C000742,AZ,18-24,F010,Abbott-Munoz Retail,TU,R02,mail,30-Jul-2026,2026-08-21,Closed
D0005390,C000144,WA,35-44,F025,"Walter, Edwards and Rios Bank",EXP,R08,phone,2026-07-27,09/10/2026,Closed
D0002733,C000513,AZ,18-24,F013,Arnold Ltd Bank,UNK,R06,mail,2025-12-12,04-Jan-2026,Closed
D0001131,C000665,GA,35-44,F016,Galloway-Wyatt Collections,transunion,R05,Mail,01-Mar-2025,31-Mar-2025,Closed
D0000735,C000336,NC,45-54,F025,"Walter, Edwards and Rios Bank",experian,R07,PHONE,07/22/2026,2026-08-09,Closed
D0001690,C000542,TX,55-64,F024,Morales-Jones Auto,EQF,R10,ONLINE,10-Dec-2025,01/03/2026,Closed
D0000304,C000136,TX,18-24,F029,"Ross, Robinson and Bright Collections",experian,R06,mail,07/27/2026,,Open
D0001332,C000274,IL,18-24,F018,"Flowers, Martin and Kelly Bank",Equifax,R03,ONLINE,14-Dec-2025,25-Dec-2025,Closed
D0000354,C000712,NC,35-44,F012,Dudley Group Auto,transunion,R01,mail,22-Nov-2025,2025-12-30,Closed
D0000633,C000565,NC,18-24,F029,"Ross, Robinson and Bright Collections",Experian,R10,call center,2025-06-10,07/24/2025,Closed
D0004302,C000496,AZ,65+,F007,Blake and Sons Credit,TU,r03,mail,2025-10-30,11/16/2025,Closed
D0004565,C000584,NY,35-44,F027,Baker and Sons Retail,experian,R08,Mail,07/05/2025,2025-08-01,Closed
D0005745,C000235,NY,18-24,F020,"Reid, Ferguson and Sanchez Bank",experian,R05,PHONE,2025-08-24,09/05/2025,Closed
D0003120,C000140,WA,18-24,F028,"Hoffman, Baker and Richards Auto",equifax,r10,ONLINE,2025-10-18,10-Nov-2025,Closed
D0000627,C000157,GA,45-54,F010,Abbott-Munoz Retail,TransUnion,R02,PHONE,2026-06-02,,Open
D0000404,C000413,TX,65+,F016,Galloway-Wyatt Collections,TransUnion,R06,web,2026-08-30,09/18/2026,Closed
D0003214,C000301,OH,45-54,F030,"Snyder, Campos and Callahan Collections",EQUIFAX,R09,Mail,10-Sep-2025,02-Nov-2025,Closed
D0005249,C000773,MI,35-44,F001,"Rodriguez, Figueroa and Sanchez Collections",transunion,R05,Online,,2025-12-23,Closed
D0002274,C000210,NY,35-44,F028,"Hoffman, Baker and Richards Auto",TransUnion,R03,Online,28-Aug-2026,2026-10-10,Closed
D0002712,C000205,IL,55-64,F005,"Guzman, Hoffman and Baldwin Collections",EXP,R07,MAIL,04/20/2026,06/12/2026,Closed
D0003225,C000089,NC,25-34,F006,"Gardner, Robinson and Lawrence Credit",TU,R03,Online,23-Jun-2026,07-Aug-2026,Closed
D0000122,C000780,GA,35-44,F025,"Walter, Edwards and Rios Bank",Trans Union,r07,Phone,2025-06-22,20-Jul-2025,Closed
D0002800,C000360,PA,45-54,F003,"Mcclain, Miller and Henderson Bank",TU,R05,online,2025-10-02,11-Oct-2025,Closed
D0002736,C000318,MI,25-34,F029,"Ross, Robinson and Bright Collections",Trans Union,R08,ONLINE,11-Apr-2026,,Open
D0000745,C000756,FL,65+,,"Walter, Edwards and Rios Bank",Equifax,r01,online,2025-11-26,2025-12-26,Closed
D0005040,C000337,NY,65+,F010,Abbott-Munoz Retail,TU,R04,call center,26-May-2025,06/09/2025,Closed
D0001804,C000737,AZ,65+,F003,"Mcclain, Miller and Henderson Bank",EXP,R04,Online,04/17/2026,,Open
D0002754,C000124,WA,65+,F024,Morales-Jones Auto,equifax,R05,Mail,11/26/2025,12/12/2025,Closed
D0004276,C000662,AZ,35-44,F026,Wilkerson-Day Collections,Experian,R06,web,14-Feb-2025,05-Mar-2025,Closed
D0004246,C000009,CA,18-24,F006,"Gardner, Robinson and Lawrence Credit",EQUIFAX,R04,online,09/19/2025,2025-10-03,Closed
D0003021,C000187,OH,35-44,F014,"Mcclure, Ward and Lee Bank",transunion,R03,web,02-Mar-2026,20-Mar-2026,Closed
D0005840,C000164,WA,55-64,F001,"Rodriguez, Figueroa and Sanchez Collections",EQF,R09,mail,2025-02-22,,Open
D0000309,C000750,OH,55-64,F024,Morales-Jones Auto,Trans Union,R05,mail,,09/26/2026,Closed
D0002020,C000285,WA,35-44,F021,Gray-Mayo Collections,Trans Union,R10,web,10/18/2025,11/25/2025,Closed
D0001372,,IL,18-24,F001,"Rodriguez, Figueroa and Sanchez Collections",TU,R09,online,,2026-08-15,Closed
D0003457,C000627,WA,25-34,F024,Morales-Jones Auto,transunion,r05,call center,04/18/2026,05/26/2026,Closed
D0004179,C000743,GA,55-64,F029,"Ross, Robinson and Bright Collections",Experian,R02,online,2025-10-07,2025-11-03,Closed
D0001302,C000438,AZ,45-54,F026,Wilkerson-Day Collections,Equifax,R09,ONLINE,09-Mar-2026,03/31/2026,Closed
D0005635,C000610,NC,55-64,F008,"Henderson, Ramirez and Lewis Auto",EQUIFAX,R02,Mail,07/10/2026,,Open
D0002893,C000394,FL,18-24,F023,Perez Inc Credit,Experian,R05,web,2025-05-14,05/30/2025,Closed
D0004237,,FL,35-44,F009,Garcia-James Bank,equifax,R01,phone,,19-May-2025,Closed
D0002002,C000336,NC,45-54,F009,Garcia-James Bank,EQF,R06,phone,02/08/2025,,Open
D0004348,C000424,OH,65+,F029,"Ross, Robinson and Bright Collections",Equifax,R04,web,11/21/2025,11/27/2025,Closed
D0005359,C000549,CA,65+,F021,Gray-Mayo Collections,EQUIFAX,R04,ONLINE,05/08/2025,19-May-2025,Closed
D0003324,C000233,MI,55-64,F007,Blake and Sons Credit,experian,R05,Online,02/21/2026,14-Mar-2026,Closed
D0004030,C000719,MI,45-54,F005,"Guzman, Hoffman and Baldwin Collections",EQUIFAX,R10,call center,2025-02-05,20-Feb-2025,Closed
D0002870,C000269,OH,65+,F030,"Snyder, Campos and Callahan Collections",Equifax,R07,call center,30-Aug-2026,09/12/2026,Closed
D0000845,C000748,FL,35-44,F004,Davis and Sons Bank,experian,R10,phone,06/18/2025,,Open
D0001228,C000210,NY,35-44,F016,Galloway-Wyatt Collections,EXP,R07,Phone,2025-04-16,05/05/2025,Closed
D0001361,C000453,WA,45-54,F025,"Walter, Edwards and Rios Bank",TransUnion,R04,call center,06-Mar-2025,03/09/2025,Closed
D0000647,C000395,MI,25-34,F014,"Mcclure, Ward and Lee Bank",equifax,R03,web,01/26/2025,2025-02-10,Closed
D0003300,C000763,MI,25-34,F006,"Gardner, Robinson and Lawrence Credit",TU,R01,phone,05-Nov-2025,27-Nov-2025,Closed
D0005822,C000540,NC,55-64,F006,"Gardner, Robinson and Lawrence Credit",TU,R03,phone,2025-02-17,02/27/2025,Closed
D0003330,C000576,GA,18-24,F012,Dudley Group Auto,EXP,r10,web,2025-02-07,2025-02-12,Closed
D0005077,C000705,IL,45-54,F025,"Walter, Edwards and Rios Bank",Experian,R10,phone,2026-04-13,2026-05-12,Closed
D0000840,C000281,PA,18-24,F026,Wilkerson-Day Collections,EQF,R06,Mail,2026-07-25,08/10/2026,Closed
D0003812,C000526,AZ,55-64,F012,Dudley Group Auto,TU,R01,Mail,03/06/2025,04/15/2025,Closed
D0002228,C000691,AZ,25-34,F019,"Adams, Zuniga and Wong Auto",EXP,r01,Online,2025-06-16,07/16/2025,Closed
D0001221,C000697,WA,25-34,F027,Baker and Sons Retail,TU,R07,call center,,20-Jun-2025,Closed
D0005190,C000310,TX,25-34,F004,Davis and Sons Bank,Experian,R03,online,2026-05-24,06/20/2026,Closed
D0002216,C000229,CA,18-24,F010,Abbott-Munoz Retail,Equifax,R03,Phone,24-Jun-2026,07/01/2026,Closed
D0000987,C000270,OH,45-54,F021,Gray-Mayo Collections,EQUIFAX,R01,Mail,23-Sep-2025,12-Oct-2025,Closed
D0002248,C000040,AZ,35-44,F013,Arnold Ltd Bank,transunion,R02,online,19-Feb-2025,,Closed
D0000782,C000639,MI,18-24,F020,"Reid, Ferguson and Sanchez Bank",EXP,R04,call center,09-Jul-2026,07/12/2026,Closed
D0004010,C000090,NC,18-24,F027,Baker and Sons Retail,EXP,R09,Phone,26-Jun-2025,23-Jul-2025,Closed
D0004701,C000617,WA,45-54,F009,Garcia-James Bank,experian,R01,online,06-Mar-2025,,Closed
D0004198,C000428,NC,65+,F021,Gray-Mayo Collections,EQUIFAX,R02,mail,2026-01-24,2026-01-30,Closed
D0000843,C000783,NC,25-34,F011,Blair PLC Retail,TU,R09,online,10-Mar-2025,,Closed
D0004918,C000507,PA,35-44,F022,"Watts, Robinson and Nguyen Bank",equifax,r05,Mail,03/10/2025,03/16/2025,Closed
D0004684,C000025,OH,35-44,F025,"Walter, Edwards and Rios Bank",EXP,R05,MAIL,04/08/2026,06-May-2026,Closed
D0005517,C000503,MI,25-34,F027,Baker and Sons Retail,EQUIFAX,R01,PHONE,12/26/2025,01/11/2026,Closed
D0005155,C000575,GA,65+,F001,"Rodriguez, Figueroa and Sanchez Collections",transunion,R08,online,27-Mar-2026,11-Apr-2026,Closed
D0005995,C000013,NC,25-34,F017,James Group Collections,TU,R09,MAIL,2026-06-07,,Open
D0004909,C000776,NY,65+,F020,"Reid, Ferguson and Sanchez Bank",EQF,R05,Mail,2025-01-16,,Open
D0000809,C000677,MI,35-44,F005,"Guzman, Hoffman and Baldwin Collections",EQUIFAX,r03,phone,24-Feb-2025,,Open
D0002322,C000688,FL,55-64,,"Hoffman, Baker and Richards Auto",EQUIFAX,R01,web,10/09/2025,10/12/2025,Closed
D0005164,C000076,TX,45-54,F027,Baker and Sons Retail,experian,R02,online,05/16/2025,05/20/2025,Closed
D0003469,C000126,TX,18-24,F028,"Hoffman, Baker and Richards Auto",equifax,R06,phone,06/19/2025,2025-06-25,Closed
D0005534,C000524,TX,65+,F017,James Group Collections,Equifax,R05,MAIL,02-Jun-2025,06/15/2025,Closed
D0001662,C000424,OH,65+,F012,Dudley Group Auto,Experian,R04,MAIL,12/14/2025,2025-12-21,Closed
D0002899,,FL,65+,F022,"Watts, Robinson and Nguyen Bank",transunion,R01,call center,14-Jun-2025,2025-07-16,Closed
D0001204,C000323,WA,18-24,F015,Williams and Sons Retail,experian,r08,Online,16-Oct-2025,19-Oct-2025,Closed
D0000580,C000070,NY,55-64,F028,"Hoffman, Baker and Richards Auto",experian,R05,phone,18-Nov-2025,12/15/2025,Closed
D0003036,C000122,MI,25-34,F010,Abbott-Munoz Retail,TU,r03,phone,2025-08-13,08/19/2025,Closed
D0005984,C000023,TX,18-24,F021,Gray-Mayo Collections,EQF,R01,Mail,01-Jul-2026,07/07/2026,Closed
D0003226,C000304,NC,45-54,F005,"Guzman, Hoffman and Baldwin Collections",experian,r06,Mail,25-Mar-2026,05/14/2026,Closed
D0003460,C000488,MI,35-44,F028,"Hoffman, Baker and Richards Auto",Experian,R04,ONLINE,24-Feb-2026,,Open
D0001347,C000050,PA,35-44,F021,Gray-Mayo Collections,equifax,R06,Phone,12/07/2025,2026-01-01,Closed
D0004196,C000338,GA,45-54,F015,Williams and Sons Retail,TU,r07,mail,2025-03-30,2025-04-15,Closed
D0002745,C000178,MI,18-24,F014,"Mcclure, Ward and Lee Bank",transunion,r06,phone,2025-10-14,02-Nov-2025,Closed
D0005522,C000479,OH,25-34,F023,Perez Inc Credit,EQUIFAX,R07,Mail,04/03/2025,2025-04-30,Closed
D0004594,,AZ,45-54,F022,"Watts, Robinson and Nguyen Bank",Equifax,R05,phone,02/21/2026,11-Apr-2026,Closed
D0001211,C000511,FL,65+,F014,"Mcclure, Ward and Lee Bank",Experian,R03,PHONE,2026-03-07,2026-03-21,Closed
D0002524,C000706,IL,65+,F010,Abbott-Munoz Retail,TU,R07,PHONE,2025-12-17,26-Dec-2025,Closed
D0003770,C000165,AZ,65+,F011,Blair PLC Retail,experian,R07,call center,2025-09-30,08-Oct-2025,Closed
D0000066,C000071,GA,18-24,F027,Baker and Sons Retail,EXP,R07,call center,02/23/2026,07-Mar-2026,Closed
D0004343,C000687,FL,65+,F027,Baker and Sons Retail,Trans Union,R02,MAIL,05/12/2026,01-Jun-2026,Closed
D0000793,C000133,MI,45-54,F008,"Henderson, Ramirez and Lewis Auto",Trans Union,R06,call center,06/11/2026,07/23/2026,Closed
D0005302,C000424,OH,65+,F003,"Mcclain, Miller and Henderson Bank",TU,R02,mail,2025-02-09,03/10/2025,Closed
D0002350,C000726,AZ,18-24,F010,Abbott-Munoz Retail,EQF,R01,web,05/29/2025,06/26/2025,Closed
D0002150,C000661,FL,45-54,F004,Davis and Sons Bank,TransUnion,see notes,Online,04-Oct-2025,2025-11-20,Closed
D0003241,C000004,FL,25-34,F013,Arnold Ltd Bank,Equifax,R01,call center,25-Jul-2025,03-Aug-2025,Closed
D0001961,C000277,NC,65+,F012,Dudley Group Auto,EXP,R08,MAIL,08/25/2026,10-Sep-2026,Closed
D0000359,C000594,GA,45-54,F025,"Walter, Edwards and Rios Bank",Trans Union,R10,MAIL,01/13/2025,02/09/2025,Closed
D0005958,C000136,TX,18-24,F017,James Group Collections,TU,R06,Online,07/13/2025,21-Aug-2025,Closed
D0000446,C000741,NY,45-54,F022,"Watts, Robinson and Nguyen Bank",experian,R08,web,16-Aug-2026,,Closed
D0003136,C000651,OH,45-54,F027,Baker and Sons Retail,TransUnion,R03,Mail,07/10/2026,2026-08-22,Closed
D0003617,C000360,PA,45-54,F022,"Watts, Robinson and Nguyen Bank",transunion,R07,web,17-Apr-2026,2026-04-21,Closed
D0005193,C000596,NC,25-34,F007,Blake and Sons Credit,transunion,R01,online,25-Mar-2025,2025-04-11,Closed
D0001878,C000730,TX,25-34,F006,"Gardner, Robinson and Lawrence Credit",EQF,R02,Mail,08/17/2025,20-Aug-2025,Closed
D0001731,C000234,NY,45-54,F026,Wilkerson-Day Collections,EQF,other,Mail,07/30/2026,11-Aug-2026,Closed
D0000216,,WA,18-24,F016,Galloway-Wyatt Collections,transunion,R07,Mail,04-Jul-2025,16-Jul-2025,Closed
D0004014,C000192,AZ,65+,F010,Abbott-Munoz Retail,equifax,R02,phone,12-Dec-2025,2026-01-02,Closed
D0001499,C000685,IL,25-34,F024,Morales-Jones Auto,TransUnion,R08,ONLINE,26-Nov-2025,,Closed
D0005669,C000192,AZ,65+,F015,Williams and Sons Retail,transunion,R06,Online,11-Feb-2026,2026-03-01,Closed
D0004228,C000662,AZ,35-44,F026,Wilkerson-Day Collections,Experian,R02,Online,05/14/2026,22-Jun-2026,Closed
D0005135,C000187,OH,35-44,F001,"Rodriguez, Figueroa and Sanchez Collections",TransUnion,R08,Mail,07/05/2025,08/12/2025,Closed
D0000980,C000152,NC,18-24,F018,"Flowers, Martin and Kelly Bank",TransUnion,R08,ONLINE,12-Mar-2026,22-Mar-2026,Closed
D0005733,C000393,CA,25-34,F012,Dudley Group Auto,EQUIFAX,R06,ONLINE,11-Feb-2025,02/14/2025,Closed
D0001069,C000401,OH,25-34,F024,Morales-Jones Auto,Equifax,r07,MAIL,13-Oct-2025,2025-11-04,Closed
D0004699,C000093,MI,25-34,F005,"Guzman, Hoffman and Baldwin Collections",Experian,R07,phone,02/28/2025,2025-04-01,Closed
D0004231,C000524,TX,65+,F018,"Flowers, Martin and Kelly Bank",Experian,R08,PHONE,2025-09-13,,Open
D0005192,C000584,NY,35-44,F006,"Gardner, Robinson and Lawrence Credit",TU,R08,ONLINE,06-Dec-2025,,Open
D0000456,C000462,PA,65+,F026,Wilkerson-Day Collections,EQF,R10,Online,06/14/2025,2025-06-22,Closed
D0003182,C000705,IL,45-54,F020,"Reid, Ferguson and Sanchez Bank",transunion,r02,phone,25-Feb-2025,03-Mar-2025,Closed
D0003965,C000746,OH,25-34,F030,"Snyder, Campos and Callahan Collections",EQUIFAX,other,PHONE,2025-08-12,,Open
D0001842,C000296,PA,55-64,F021,Gray-Mayo Collections,EXP,R02,phone,07/03/2025,27-Jul-2025,Closed
D0001469,C000694,CA,35-44,F016,Galloway-Wyatt Collections,Trans Union,R02,mail,07/08/2026,2026-08-06,Closed
D0001504,C000713,TX,45-54,F015,Williams and Sons Retail,TransUnion,R05,PHONE,12/07/2025,01/01/2026,Closed
D0001071,C000069,OH,25-34,F012,Dudley Group Auto,EQUIFAX,R03,online,11/01/2025,15-Nov-2025,Closed
D0000028,C000657,MI,45-54,F025,"Walter, Edwards and Rios Bank",TU,R07,online,08/14/2026,2026-09-04,Closed
D0003597,C000435,IL,45-54,F029,"Ross, Robinson and Bright Collections",EXP,R08,web,2025-09-05,25-Sep-2025,Closed
D0004322,C000314,CA,25-34,,Garcia-James Bank,TransUnion,R05,mail,2025-06-16,,Open
D0003950,C000218,IL,55-64,F006,"Gardner, Robinson and Lawrence Credit",EXP,R06,MAIL,24-Jan-2026,2026-02-03,Closed
D0000893,C000378,TX,65+,F027,Baker and Sons Retail,equifax,R09,Mail,04-Mar-2026,04/18/2026,Closed
D0000951,C000558,OH,45-54,F013,Arnold Ltd Bank,TransUnion,R09,MAIL,13-Jul-2025,2025-08-05,Closed
D0003915,C000593,IL,45-54,F019,"Adams, Zuniga and Wong Auto",EXP,R09,mail,2025-04-19,02-May-2025,Closed
D0005115,C000226,WA,45-54,F028,"Hoffman, Baker and Richards Auto",equifax,R02,online,11/21/2025,30-Nov-2025,Closed
D0005320,C000193,IL,45-54,F014,"Mcclure, Ward and Lee Bank",EQF,other,MAIL,12-Apr-2026,12-May-2026,Closed
D0005330,C000638,NC,18-24,F007,Blake and Sons Credit,EQF,R10,ONLINE,05/15/2025,06/04/2025,Closed
D0002587,C000413,TX,65+,F020,"Reid, Ferguson and Sanchez Bank",transunion,R05,Mail,2025-03-24,04/07/2025,Closed
D0003447,C000065,NC,55-64,F013,Arnold Ltd Bank,Trans Union,XX99,ONLINE,10/22/2025,11/05/2025,Closed
D0001314,C000492,IL,45-54,F014,"Mcclure, Ward and Lee Bank",EXP,R01,online,2026-04-24,05/11/2026,Closed
D0003058,C000548,MI,55-64,F019,"Adams, Zuniga and Wong Auto",Equifax,R10,ONLINE,2025-03-13,2025-04-23,Closed
D0003957,C000617,WA,45-54,F015,Williams and Sons Retail,EXP,R07,web,2025-06-19,,Open
D0001402,C000242,MI,65+,F013,Arnold Ltd Bank,TransUnion,R01,Mail,29-Nov-2025,,Open
D0000661,C000116,GA,55-64,F002,Doyle Ltd Collections,EXP,R10,Mail,01-Feb-2026,03/03/2026,Closed
D0004629,C000565,NC,18-24,F017,James Group Collections,TU,R02,Online,11-Aug-2025,03-Sep-2025,Closed
D0000357,C000462,PA,65+,F015,Williams and Sons Retail,experian,R05,phone,2026-03-19,2026-04-29,Closed
D0000420,C000279,WA,65+,F007,Blake and Sons Credit,EQUIFAX,R09,ONLINE,08-Jul-2025,,Open
D0004641,C000001,AZ,18-24,F014,"Mcclure, Ward and Lee Bank",EQUIFAX,R04,Mail,23-Feb-2025,2025-03-24,Closed
D0003530,C000791,TX,45-54,F023,Perez Inc Credit,Experian,R08,Phone,09/30/2025,22-Oct-2025,Closed
D0001525,C000040,AZ,35-44,F012,Dudley Group Auto,experian,R04,Mail,2025-06-18,09-Jul-2025,Closed
D0002061,C000714,CA,35-44,F013,Arnold Ltd Bank,experian,,Online,15-Aug-2026,10/04/2026,Closed
D0004893,C000588,TX,45-54,F016,Galloway-Wyatt Collections,equifax,R03,Online,2025-11-04,,Open
D0002697,C000641,AZ,35-44,F005,"Guzman, Hoffman and Baldwin Collections",TransUnion,R01,MAIL,2025-09-23,2025-10-15,Closed
D0003033,C000233,MI,55-64,F004,Davis and Sons Bank,equifax,R06,Phone,22-Mar-2025,2025-04-06,Closed
D0003448,C000604,WA,35-44,F004,Davis and Sons Bank,EXP,R09,phone,2026-06-27,2026-08-04,Closed
D0005304,C000689,IL,65+,F018,"Flowers, Martin and Kelly Bank",equifax,R03,ONLINE,2025-04-14,,Open
D0000872,C000369,CA,45-54,F015,Williams and Sons Retail,EQF,R06,MAIL,10-Dec-2025,,Closed
D0002452,C000583,FL,65+,F006,"Gardner, Robinson and Lawrence Credit",TransUnion,R01,Online,2025-08-14,,Open
D0003281,C000498,NY,55-64,F011,Blair PLC Retail,Equifax,R03,MAIL,2025-12-27,2026-01-02,Closed
D0003735,C000089,NC,25-34,F003,"Mcclain, Miller and Henderson Bank",EXP,R09,Online,23-Aug-2025,2025-09-02,Closed
D0001946,C000510,WA,18-24,F027,Baker and Sons Retail,experian,R09,online,10/07/2025,11/02/2025,Closed
D0002363,C000142,AZ,18-24,F006,"Gardner, Robinson and Lawrence Credit",TransUnion,R08,mail,16-Nov-2025,01/06/2026,Closed
D0003550,C000799,WA,35-44,F022,"Watts, Robinson and Nguyen Bank",Trans Union,R04,online,07/20/2025,,Open
D0003976,C000550,IL,55-64,F019,"Adams, Zuniga and Wong Auto",experian,R02,MAIL,2026-08-03,08/06/2026,Closed
D0004700,C000122,MI,25-34,F029,"Ross, Robinson and Bright Collections",EQUIFAX,r08,Online,03/31/2025,04/20/2025,Closed
D0001299,C000641,AZ,35-44,F027,Baker and Sons Retail,EXP,R03,Mail,09-Jul-2026,08/02/2026,Closed
D0001549,C000128,NC,25-34,F022,"Watts, Robinson and Nguyen Bank",experian,r08,ONLINE,2025-08-02,,Open
D0001615,C000092,AZ,55-64,F011,Blair PLC Retail,experian,R01,mail,2026-05-08,05/11/2026,Closed
D0003305,C000732,IL,45-54,F027,Baker and Sons Retail,experian,R03,Phone,08/22/2025,09/28/2025,Closed
D0000447,C000129,IL,65+,F021,Gray-Mayo Collections,Trans Union,R04,phone,04/06/2026,,Closed
D0002030,C000591,WA,35-44,F009,Garcia-James Bank,transunion,R01,ONLINE,06/22/2026,14-Aug-2026,Closed
D0004404,C000429,IL,55-64,F012,Dudley Group Auto,transunion,R07,call center,27-Feb-2025,2025-03-22,Closed
D0004149,C000084,OH,18-24,F017,James Group Collections,Equifax,R04,online,27-Jun-2025,07/20/2025,Closed
D0005889,C000549,CA,65+,F011,Blair PLC Retail,Trans Union,R06,PHONE,12-Sep-2025,10/28/2025,Closed
D0005244,C000575,GA,65+,F023,Perez Inc Credit,Experian,R04,PHONE,2025-02-01,,Closed
D0000531,C000097,MI,35-44,F018,"Flowers, Martin and Kelly Bank",Equifax,R05,MAIL,04/15/2026,05/02/2026,Closed
D0002051,C000360,PA,45-54,F004,Davis and Sons Bank,EQUIFAX,R07,Mail,07/31/2026,,Open
D0003782,C000776,NY,65+,F026,Wilkerson-Day Collections,Experian,R07,PHONE,17-Aug-2026,30-Aug-2026,Closed
D0001225,C000221,AZ,45-54,F012,Dudley Group Auto,Equifax,R01,phone,21-Feb-2025,03/24/2025,Closed
D0000464,C000331,AZ,55-64,F028,"Hoffman, Baker and Richards Auto",Equifax,R01,mail,23-Mar-2026,04/18/2026,Closed
D0000904,,TX,18-24,F019,"Adams, Zuniga and Wong Auto",Equifax,R06,MAIL,03/17/2026,26-Mar-2026,Closed
D0000876,C000505,GA,45-54,F004,Davis and Sons Bank,TU,R04,online,,14-May-2026,Closed
D0002927,C000549,CA,65+,F007,Blake and Sons Credit,TransUnion,R09,Mail,2025-11-11,18-Nov-2025,Closed
D0003056,C000370,OH,65+,F024,Morales-Jones Auto,Equifax,R09,Mail,2025-03-19,31-Mar-2025,Closed
D0004216,C000284,AZ,18-24,F015,Williams and Sons Retail,EXP,R08,MAIL,11-Sep-2025,15-Sep-2025,Closed
D0002117,C000718,AZ,35-44,F019,"Adams, Zuniga and Wong Auto",Trans Union,R10,online,2025-12-27,02/13/2026,Closed
D0000181,C000662,AZ,35-44,F013,Arnold Ltd Bank,TU,R09,mail,2026-01-23,2026-02-15,Closed
D0001620,C000649,OH,18-24,F009,Garcia-James Bank,experian,R03,mail,2026-03-30,2026-04-28,Closed
D0002934,C000165,AZ,65+,F006,"Gardner, Robinson and Lawrence Credit",Equifax,R08,online,2026-06-19,2026-06-29,Closed
D0004285,C000455,TX,35-44,F021,Gray-Mayo Collections,TransUnion,R07,Mail,06/20/2025,2025-07-06,Closed
D0000902,C000031,IL,65+,F018,"Flowers, Martin and Kelly Bank",experian,R09,Online,05-May-2025,2025-05-19,Closed
D0005707,C000212,WA,55-64,F008,"Henderson, Ramirez and Lewis Auto",Experian,R07,Mail,02/15/2026,18-Feb-2026,Closed
D0005677,C000583,FL,65+,F002,Doyle Ltd Collections,TransUnion,R07,online,2025-08-07,04-Sep-2025,Closed
D0000863,C000489,GA,45-54,F011,Blair PLC Retail,TU,R02,MAIL,06/09/2026,2026-07-07,Closed
D0000771,C000684,WA,45-54,F028,"Hoffman, Baker and Richards Auto",Experian,R04,mail,2026-06-11,2026-06-26,Closed
D0000002,C000544,WA,35-44,F007,Blake and Sons Credit,TransUnion,r10,ONLINE,01/21/2026,02/04/2026,Closed
D0000230,C000241,NC,45-54,F014,"Mcclure, Ward and Lee Bank",equifax,R06,ONLINE,28-Aug-2026,2026-09-12,Closed
D0002907,C000655,NY,25-34,F021,Gray-Mayo Collections,Trans Union,R05,Mail,06/13/2025,06/23/2025,Closed
D0005075,C000247,OH,45-54,F005,"Guzman, Hoffman and Baldwin Collections",Experian,R01,PHONE,2025-11-02,11/13/2025,Closed
D0000300,C000024,PA,18-24,F030,"Snyder, Campos and Callahan Collections",EQUIFAX,r03,mail,2026-07-26,,Closed
D0002078,C000455,TX,35-44,F002,Doyle Ltd Collections,EQUIFAX,R02,online,2025-10-28,2025-11-23,Closed
D0001245,C000760,NY,55-64,F008,"Henderson, Ramirez and Lewis Auto",Equifax,R03,Phone,01/09/2025,01/18/2025,Closed
D0001572,C000442,FL,35-44,F026,Wilkerson-Day Collections,EXP,R06,phone,,03/04/2025,Closed
D0002272,C000045,AZ,18-24,F001,"Rodriguez, Figueroa and Sanchez Collections",Equifax,other,online,2026-07-22,,Open
D0000292,C000294,NY,55-64,F021,Gray-Mayo Collections,EXP,R07,Online,2025-06-14,,Closed
D0002493,C000327,GA,18-24,F011,Blair PLC Retail,TransUnion,R10,Online,07/12/2025,24-Jul-2025,Closed
D0005353,,OH,45-54,F013,Arnold Ltd Bank,TU,R03,call center,05/01/2025,05/27/2025,Closed
D0002462,C000374,MI,55-64,F019,"Adams, Zuniga and Wong Auto",equifax,R06,ONLINE,2025-12-22,01/05/2026,Closed
D0004852,C000363,PA,55-64,F002,Doyle Ltd Collections,TU,R07,Online,2025-04-23,2025-04-30,Closed
D0000519,C000774,CA,25-34,F025,"Walter, Edwards and Rios Bank",experian,R03,Mail,22-Oct-2025,11/01/2025,Closed
D0005990,C000203,NY,45-54,F010,Abbott-Munoz Retail,equifax,R05,call center,2025-04-02,24-May-2025,Closed
D0005926,C000710,AZ,65+,F016,Galloway-Wyatt Collections,EXP,R01,ONLINE,07/13/2025,09-Aug-2025,Closed
D0000386,C000330,NY,45-54,F001,"Rodriguez, Figueroa and Sanchez Collections",Experian,R08,phone,01/04/2026,27-Feb-2026,Closed
D0002938,C000065,NC,55-64,F019,"Adams, Zuniga and Wong Auto",Trans Union,R06,PHONE,2025-09-15,2025-09-24,Closed
D0004960,C000677,MI,35-44,F004,Davis and Sons Bank,equifax,R04,Online,02-Nov-2025,2025-11-07,Closed
D0003887,C000547,FL,65+,F006,"Gardner, Robinson and Lawrence Credit",equifax,R01,MAIL,2025-05-14,08-Jun-2025,Closed
D0005500,C000563,GA,35-44,F025,"Walter, Edwards and Rios Bank",EQUIFAX,r10,web,07/11/2026,,Closed
D0003351,C000494,PA,45-54,F025,"Walter, Edwards and Rios Bank",EQUIFAX,r06,PHONE,07/02/2025,2025-07-20,Closed
D0002008,C000727,AZ,45-54,F001,"Rodriguez, Figueroa and Sanchez Collections",Trans Union,R06,web,2025-01-06,01/19/2025,Closed
D0005497,,OH,45-54,F002,Doyle Ltd Collections,Equifax,R08,call center,2025-02-01,2025-02-12,Closed
D0000996,C000348,TX,25-34,F015,Williams and Sons Retail,TransUnion,R04,Online,2026-05-03,2026-05-09,Closed
D0004191,C000082,AZ,55-64,F022,"Watts, Robinson and Nguyen Bank",EXP,R04,web,08/22/2026,11-Oct-2026,Closed
D0005675,C000654,MI,65+,F009,Garcia-James Bank,Experian,R10,Online,07/20/2026,08/16/2026,Closed
D0003138,C000792,WA,45-54,F004,Davis and Sons Bank,EXP,R09,ONLINE,19-Sep-2025,10/09/2025,Closed
D0005161,C000282,AZ,35-44,F016,Galloway-Wyatt Collections,TU,R04,MAIL,02/16/2025,03/09/2025,Closed
D0004088,C000198,NC,25-34,F025,"Walter, Edwards and Rios Bank",equifax,R10,mail,11/01/2025,17-Nov-2025,Closed
D0002232,C000218,IL,55-64,F009,Garcia-James Bank,transunion,R09,Mail,03/15/2026,26-Apr-2026,Closed
D0001097,C000342,AZ,25-34,F016,Galloway-Wyatt Collections,EQF,R02,mail,06-Jun-2025,02-Jul-2025,Closed
D0005328,C000358,MI,65+,F002,Doyle Ltd Collections,EQF,R08,MAIL,08/16/2026,05-Oct-2026,Closed
D0001608,C000369,CA,45-54,F021,Gray-Mayo Collections,TransUnion,R09,online,08/24/2026,09/01/2026,Closed
D0000669,C000406,MI,18-24,,"Mcclain, Miller and Henderson Bank",transunion,R06,MAIL,03/06/2026,04/23/2026,Closed
D0002758,C000539,PA,35-44,F008,"Henderson, Ramirez and Lewis Auto",equifax,r09,call center,2025-12-07,,Closed
D0004691,C000621,GA,18-24,F007,Blake and Sons Credit,experian,R01,Phone,29-May-2025,,Open
D0005862,C000442,FL,35-44,F030,"Snyder, Campos and Callahan Collections",experian,R10,online,20-Feb-2025,2025-03-12,Closed
D0003484,C000611,PA,45-54,F002,Doyle Ltd Collections,TransUnion,R08,phone,22-Jul-2026,04-Aug-2026,Closed
D0001039,C000330,NY,45-54,F014,"Mcclure, Ward and Lee Bank",experian,R03,online,07-Apr-2026,,Open
D0004241,C000746,OH,25-34,F028,"Hoffman, Baker and Richards Auto",Equifax,R06,ONLINE,2025-08-06,2025-08-10,Closed
D0000921,C000367,FL,35-44,F005,"Guzman, Hoffman and Baldwin Collections",EQF,R09,MAIL,08/06/2026,2026-08-15,Closed
D0003557,C000309,MI,35-44,F005,"Guzman, Hoffman and Baldwin Collections",EQF,R06,phone,30-Jan-2025,2025-02-02,Closed
D0000279,C000593,IL,45-54,,"Walter, Edwards and Rios Bank",transunion,R08,Phone,2025-01-15,01/27/2025,Closed
D0005769,C000003,IL,25-34,F024,Morales-Jones Auto,EXP,R01,ONLINE,2026-05-19,06/16/2026,Closed
D0000560,C000163,PA,65+,F025,"Walter, Edwards and Rios Bank",EXP,R06,call center,02/15/2026,02/24/2026,Closed
D0001928,C000152,NC,18-24,F009,Garcia-James Bank,TU,R06,MAIL,20-Jul-2026,26-Jul-2026,Closed
D0000584,C000670,AZ,45-54,F022,"Watts, Robinson and Nguyen Bank",equifax,r02,phone,25-Jul-2025,2025-08-08,Closed
D0002391,C000150,GA,25-34,F002,Doyle Ltd Collections,experian,R06,online,11/16/2025,2026-01-02,Closed
D0003474,C000531,IL,25-34,F027,Baker and Sons Retail,experian,R10,mail,2025-08-29,2025-09-08,Closed
D0004199,,AZ,45-54,F012,Dudley Group Auto,experian,R02,PHONE,17-Jun-2026,2026-06-27,Closed
D0001437,C000582,AZ,55-64,F028,"Hoffman, Baker and Richards Auto",EQF,R07,Phone,2025-11-07,14-Nov-2025,Closed
D0005344,C000753,IL,25-34,F024,Morales-Jones Auto,EQUIFAX,R09,online,2025-12-22,01/09/2026,Closed
D0001351,C000371,AZ,45-54,F011,Blair PLC Retail,EXP,R06,Phone,07-Nov-2025,,Closed
D0004980,C000031,IL,65+,F003,"Mcclain, Miller and Henderson Bank",EXP,R01,phone,03-Nov-2025,,Open
D0002340,C000406,MI,18-24,F009,Garcia-James Bank,Trans Union,R07,Online,11/16/2025,11/27/2025,Closed
D0002050,C000594,GA,45-54,F005,"Guzman, Hoffman and Baldwin Collections",EQUIFAX,R05,mail,2025-10-24,12/10/2025,Closed
D0003892,C000367,FL,35-44,F001,"Rodriguez, Figueroa and Sanchez Collections",EQUIFAX,R10,Online,09/30/2025,04-Oct-2025,Closed
D0005358,C000148,NY,45-54,F006,"Gardner, Robinson and Lawrence Credit",TransUnion,R03,online,2025-06-14,07/10/2025,Closed
D0003538,C000037,TX,25-34,F003,"Mcclain, Miller and Henderson Bank",EQUIFAX,r01,PHONE,2025-01-10,01/24/2025,Closed
D0004201,C000440,GA,35-44,F027,Baker and Sons Retail,Experian,XX99,Phone,25-Jul-2025,2025-08-10,Closed
D0002840,C000749,TX,65+,F011,Blair PLC Retail,Trans Union,R10,web,03/27/2026,31-Mar-2026,Closed
D0004562,C000211,TX,18-24,F005,"Guzman, Hoffman and Baldwin Collections",equifax,R07,web,2025-03-01,,Open
D0004550,C000376,MI,55-64,F030,"Snyder, Campos and Callahan Collections",EXP,see notes,phone,07-Mar-2025,02-Apr-2025,Closed
D0003471,C000678,WA,35-44,F005,"Guzman, Hoffman and Baldwin Collections",EQF,R08,call center,2025-07-30,2025-08-17,Closed
D0001293,C000181,MI,25-34,F023,Perez Inc Credit,Experian,R04,call center,04/21/2025,04/30/2025,Closed
D0004115,C000196,MI,55-64,F026,Wilkerson-Day Collections,TransUnion,R10,ONLINE,2026-03-07,03/15/2026,Closed
D0000769,C000782,TX,45-54,F012,Dudley Group Auto,Experian,r04,Mail,12-Jul-2026,2026-07-23,Closed
D0004045,C000790,PA,65+,F019,"Adams, Zuniga and Wong Auto",TransUnion,R02,MAIL,2026-02-19,2026-03-17,Closed
D0005356,C000064,FL,65+,F011,Blair PLC Retail,equifax,R03,phone,06-Mar-2026,2026-03-20,Closed
D0004502,C000209,AZ,18-24,F019,"Adams, Zuniga and Wong Auto",experian,R10,ONLINE,03/08/2025,2025-04-03,Closed
D0004450,C000307,IL,55-64,F022,"Watts, Robinson and Nguyen Bank",Equifax,R06,PHONE,2026-04-13,2026-04-20,Closed
D0000575,C000702,NC,35-44,F010,Abbott-Munoz Retail,equifax,R09,call center,08/04/2025,08/12/2025,Closed
D0000224,C000687,FL,65+,F026,Wilkerson-Day Collections,Trans Union,R05,call center,2026-07-01,,Open
D0001821,C000015,WA,55-64,F021,Gray-Mayo Collections,TU,R06,PHONE,05/03/2026,13-May-2026,Closed
D0001488,C000387,TX,45-54,F009,Garcia-James Bank,experian,R07,Online,03-May-2025,05/12/2025,Closed
D0003468,C000056,PA,35-44,F016,Galloway-Wyatt Collections,EQF,R07,PHONE,06/01/2026,19-Jun-2026,Closed
D0003842,C000015,WA,55-64,F001,"Rodriguez, Figueroa and Sanchez Collections",TransUnion,R09,phone,16-Oct-2025,01-Dec-2025,Closed
D0005250,C000673,FL,45-54,F015,Williams and Sons Retail,transunion,R03,online,10-Aug-2025,17-Aug-2025,Closed
D0005139,C000163,PA,65+,F029,"Ross, Robinson and Bright Collections",experian,,mail,04-May-2025,2025-05-13,Closed
D0000868,C000496,AZ,65+,F009,Garcia-James Bank,Trans Union,R09,Mail,03/30/2025,04/11/2025,Closed
D0001264,C000781,NC,55-64,F028,"Hoffman, Baker and Richards Auto",Trans Union,R01,web,2025-06-20,06/26/2025,Closed
D0005986,C000353,PA,45-54,F007,Blake and Sons Credit,Experian,R05,call center,2025-11-15,07-Dec-2025,Closed
D0003400,C000221,AZ,45-54,F012,Dudley Group Auto,Experian,R03,ONLINE,2025-10-23,12-Nov-2025,Closed
D0005492,C000303,AZ,25-34,F010,Abbott-Munoz Retail,EXP,R05,mail,2026-04-13,2026-05-13,Closed
D0005308,C000319,WA,65+,F019,"Adams, Zuniga and Wong Auto",equifax,R10,Mail,06/05/2025,2025-06-26,Closed
D0003163,C000602,NC,35-44,F015,Williams and Sons Retail,Trans Union,R01,PHONE,19-Jun-2026,08-Jul-2026,Closed
D0004814,C000369,CA,45-54,F014,"Mcclure, Ward and Lee Bank",Trans Union,R07,ONLINE,27-Apr-2025,24-May-2025,Closed
D0003341,C000132,WA,55-64,F005,"Guzman, Hoffman and Baldwin Collections",transunion,R01,MAIL,02-Feb-2025,,Open
D0003663,C000315,GA,55-64,F029,"Ross, Robinson and Bright Collections",transunion,R10,Phone,06-Jan-2026,16-Jan-2026,Closed
D0003057,C000417,OH,55-64,,"Hoffman, Baker and Richards Auto",equifax,R02,Phone,2025-08-17,02-Sep-2025,Closed
D0000159,C000187,OH,35-44,F020,"Reid, Ferguson and Sanchez Bank",Experian,see notes,online,08-Jun-2026,21-Jun-2026,Closed
D0001425,C000073,NY,65+,F008,"Henderson, Ramirez and Lewis Auto",Equifax,R07,phone,2026-04-18,2026-05-02,Closed
D0002611,C000392,AZ,18-24,F027,Baker and Sons Retail,Equifax,R01,call center,07/08/2026,,Closed
D0004187,C000013,NC,25-34,F008,"Henderson, Ramirez and Lewis Auto",equifax,R04,Mail,07/28/2026,,Open
D0002979,C000527,AZ,25-34,F001,"Rodriguez, Figueroa and Sanchez Collections",TU,R02,mail,2025-02-01,2025-02-25,Closed
D0001576,C000542,TX,55-64,F013,Arnold Ltd Bank,Equifax,,ONLINE,12/04/2025,01/02/2026,Closed
D0005275,C000668,GA,35-44,F016,Galloway-Wyatt Collections,EXP,R10,MAIL,20-May-2026,2026-07-11,Closed
D0004295,C000340,AZ,35-44,F005,"Guzman, Hoffman and Baldwin Collections",EQF,R01,Mail,2026-01-02,15-Jan-2026,Closed
D0005092,C000297,CA,35-44,F023,Perez Inc Credit,UNK,R10,Phone,16-Jul-2026,07/24/2026,Closed
D0005208,C000675,FL,45-54,F016,Galloway-Wyatt Collections,equifax,R08,online,2026-04-03,,Open
D0000154,C000229,CA,18-24,F029,"Ross, Robinson and Bright Collections",equifax,R03,Online,08/27/2026,2026-09-13,Closed
D0002513,C000017,GA,55-64,F013,Arnold Ltd Bank,EQUIFAX,R02,mail,,2026-04-21,Closed
D0003003,,GA,55-64,F015,Williams and Sons Retail,transunion,R08,web,06/14/2025,27-Jul-2025,Closed
D0003415,C000158,FL,45-54,F006,"Gardner, Robinson and Lawrence Credit",Experian,R01,Phone,03/06/2026,,Open
D0000574,C000522,WA,35-44,F016,Galloway-Wyatt Collections,EXP,R04,Online,05/23/2026,08-Jun-2026,Closed
D0002533,C000470,WA,55-64,F030,"Snyder, Campos and Callahan Collections",TU,r01,MAIL,08/01/2026,08/09/2026,Closed
D0002639,C000037,TX,25-34,F022,"Watts, Robinson and Nguyen Bank",experian,R02,online,04/28/2025,04/26/2025,Closed
D0003744,C000193,IL,45-54,F028,"Hoffman, Baker and Richards Auto",TU,R08,phone,01/05/2026,2026-01-29,Closed
D0002850,C000740,WA,65+,F009,Garcia-James Bank,EXP,R10,PHONE,2026-03-13,03/26/2026,Closed
D0000593,C000395,MI,25-34,F021,Gray-Mayo Collections,Equifax,R08,web,2025-02-19,03/22/2025,Closed
D0001635,C000710,AZ,65+,F028,"Hoffman, Baker and Richards Auto",Equifax,R06,MAIL,29-Jan-2026,02/02/2026,Closed
D0003012,C000359,CA,55-64,F029,"Ross, Robinson and Bright Collections",EXP,R04,online,21-Mar-2026,04/20/2026,Closed
D0001201,C000533,NY,35-44,F020,"Reid, Ferguson and Sanchez Bank",EQF,r01,mail,2026-07-11,08/06/2026,Closed
D0001118,C000082,AZ,55-64,F025,"Walter, Edwards and Rios Bank",experian,R02,ONLINE,06/22/2026,08-Jul-2026,Closed
D0001951,C000767,NY,25-34,F021,Gray-Mayo Collections,Trans Union,R08,Mail,10-Sep-2025,2025-09-18,Closed
D0002628,C000699,OH,65+,,Williams and Sons Retail,EQF,R08,MAIL,2025-10-07,10/31/2025,Closed
D0000146,C000792,WA,45-54,F018,"Flowers, Martin and Kelly Bank",EQUIFAX,R04,call center,2026-07-01,,Open
D0001089,C000391,AZ,18-24,F013,Arnold Ltd Bank,Trans Union,R03,ONLINE,20-Apr-2026,2026-05-09,Closed
D0005266,C000397,GA,65+,F008,"Henderson, Ramirez and Lewis Auto",TU,R01,MAIL,2026-07-17,2026-09-09,Closed
D0000325,C000151,TX,45-54,F023,Perez Inc Credit,EXP,R04,online,02/18/2026,10-Mar-2026,Closed
D0004833,C000416,MI,18-24,F026,Wilkerson-Day Collections,transunion,R09,Online,03-Apr-2026,24-May-2026,Closed
D0002126,C000782,TX,45-54,F029,"Ross, Robinson and Bright Collections",Trans Union,R04,call center,07/27/2025,23-Jul-2025,Closed
D0000259,C000721,TX,65+,F021,Gray-Mayo Collections,EXP,R04,ONLINE,2025-01-02,27-Jan-2025,Closed
D0001846,C000520,IL,18-24,F021,Gray-Mayo Collections,transunion,R03,MAIL,02/23/2026,2026-03-11,Closed
D0004212,C000128,NC,25-34,F011,Blair PLC Retail,Trans Union,R08,Mail,2026-02-24,2026-02-27,Closed
D0002848,C000554,IL,25-34,F006,"Gardner, Robinson and Lawrence Credit",EXP,r04,web,28-May-2026,09-Jun-2026,Closed
D0000917,C000668,GA,35-44,F013,Arnold Ltd Bank,transunion,R04,PHONE,29-Jan-2025,02/19/2025,Closed
D0002642,C000329,TX,45-54,F024,Morales-Jones Auto,experian,R09,Phone,2025-07-11,08/07/2025,Closed
D0001304,C000637,WA,45-54,F015,Williams and Sons Retail,Trans Union,R07,Mail,03/26/2025,,Open
D0004671,C000028,GA,55-64,F012,Dudley Group Auto,EXP,R01,Phone,2025-01-28,2025-02-16,Closed
D0001435,C000366,FL,45-54,F011,Blair PLC Retail,TU,R03,web,2026-08-30,09-Sep-2026,Closed
D0003285,C000520,IL,18-24,F026,Wilkerson-Day Collections,EQUIFAX,R10,MAIL,04/29/2026,,Open
D0000990,C000779,TX,45-54,F017,James Group Collections,equifax,R08,mail,2025-03-08,26-Mar-2025,Closed
D0003028,C000780,GA,35-44,F005,"Guzman, Hoffman and Baldwin Collections",TransUnion,R07,PHONE,2025-02-09,02-Apr-2025,Closed
D0002539,C000157,GA,45-54,F022,"Watts, Robinson and Nguyen Bank",TU,see notes,MAIL,29-Apr-2026,2026-05-09,Closed
D0001705,C000775,IL,18-24,F012,Dudley Group Auto,EQF,R08,mail,2025-01-11,14-Jan-2025,Closed
D0001202,C000071,GA,18-24,F010,Abbott-Munoz Retail,EXP,R10,Mail,08/25/2026,2026-09-08,Closed
D0001250,C000586,NC,45-54,F003,"Mcclain, Miller and Henderson Bank",TransUnion,R05,online,05/23/2025,2025-07-04,Closed
D0005442,C000517,CA,45-54,F014,"Mcclure, Ward and Lee Bank",Equifax,R07,web,2025-07-03,07/23/2025,Closed
D0000493,C000613,WA,25-34,F024,Morales-Jones Auto,TU,R05,online,2025-03-24,2025-03-31,Closed
D0004975,C000373,GA,25-34,F022,"Watts, Robinson and Nguyen Bank",Trans Union,R08,PHONE,03/23/2025,04/10/2025,Closed
D0002550,C000212,WA,55-64,F003,"Mcclain, Miller and Henderson Bank",Trans Union,R06,web,04/17/2026,23-Apr-2026,Closed
D0005191,C000240,TX,35-44,F006,"Gardner, Robinson and Lawrence Credit",Trans Union,R03,call center,05/22/2026,,Open
D0003084,C000137,AZ,45-54,F012,Dudley Group Auto,TU,R08,web,20-Aug-2026,09-Sep-2026,Closed
D0000294,C000753,IL,25-34,F017,James Group Collections,EQF,R10,Phone,2025-05-04,2025-06-28,Closed
D0005008,C000059,OH,25-34,F010,Abbott-Munoz Retail,experian,R06,mail,10-Sep-2025,09/15/2025,Closed
D0004872,C000310,TX,25-34,F017,James Group Collections,Trans Union,R03,phone,25-Mar-2026,18-Apr-2026,Closed
D0003048,C000614,MI,45-54,F023,Perez Inc Credit,EXP,see notes,PHONE,01/21/2026,01/29/2026,Closed
D0003181,C000360,PA,45-54,F029,"Ross, Robinson and Bright Collections",EQUIFAX,R04,Online,2025-11-19,11/25/2025,Closed
D0005174,C000382,PA,35-44,F004,Davis and Sons Bank,equifax,R09,Online,05/02/2026,05/05/2026,Closed
D0000475,C000281,PA,18-24,F029,"Ross, Robinson and Bright Collections",experian,R05,ONLINE,2026-07-12,07/31/2026,Closed
D0005940,C000528,PA,18-24,F020,"Reid, Ferguson and Sanchez Bank",EQF,R03,Mail,05/01/2025,2025-06-16,Closed
D0002698,C000436,FL,45-54,F010,Abbott-Munoz Retail,experian,r04,PHONE,20-Feb-2026,12-Mar-2026,Closed
D0005904,C000584,NY,35-44,F025,"Walter, Edwards and Rios Bank",Equifax,r06,phone,13-Apr-2026,07-Jun-2026,Closed
D0000398,C000550,IL,55-64,F026,Wilkerson-Day Collections,Equifax,R10,web,2026-06-27,18-Jul-2026,Closed
D0003169,C000064,FL,65+,F008,"Henderson, Ramirez and Lewis Auto",Equifax,r07,phone,13-Aug-2025,09/11/2025,Closed
D0000784,C000400,WA,35-44,F016,Galloway-Wyatt Collections,Equifax,R08,call center,2025-07-20,25-Aug-2025,Closed
D0001879,,WA,55-64,F018,"Flowers, Martin and Kelly Bank",Experian,R03,Mail,27-Jun-2026,30-Jul-2026,Closed
D0005605,C000696,MI,35-44,F012,Dudley Group Auto,Trans Union,R06,Mail,2025-09-24,2025-09-27,Closed
D0004729,C000777,PA,55-64,F010,Abbott-Munoz Retail,experian,R07,ONLINE,11/12/2025,,Open
D0001884,C000770,AZ,18-24,F005,"Guzman, Hoffman and Baldwin Collections",experian,R10,online,21-Jun-2026,2026-07-31,Closed
D0000369,C000651,OH,45-54,F026,Wilkerson-Day Collections,EQUIFAX,R04,Online,06/20/2026,,Closed
D0001593,,TX,45-54,F007,Blake and Sons Credit,TU,R02,ONLINE,2025-12-15,2026-01-27,Closed
D0002333,C000028,GA,55-64,F021,Gray-Mayo Collections,TU,R10,ONLINE,02/07/2025,03/31/2025,Closed
D0005207,C000089,NC,25-34,F001,"Rodriguez, Figueroa and Sanchez Collections",TransUnion,R04,Mail,2025-07-30,,Open
D0005837,C000436,FL,45-54,F007,Blake and Sons Credit,experian,R04,PHONE,,2026-06-18,Closed
D0000536,C000539,PA,35-44,,Blake and Sons Credit,experian,r07,PHONE,2025-01-06,2025-01-20,Closed
D0003817,C000722,FL,45-54,F027,Baker and Sons Retail,EQF,R09,MAIL,2025-08-20,10/12/2025,Closed
D0002811,C000205,IL,55-64,F015,Williams and Sons Retail,experian,R07,online,20-Aug-2026,,Open
D0005209,C000225,IL,25-34,F029,"Ross, Robinson and Bright Collections",EXP,R10,Mail,06-Apr-2025,27-May-2025,Closed
D0004758,C000483,CA,18-24,F005,"Guzman, Hoffman and Baldwin Collections",TransUnion,r04,Phone,05/13/2026,22-May-2026,Closed
D0000927,C000542,TX,55-64,,Perez Inc Credit,Experian,R10,ONLINE,06-Feb-2026,03/01/2026,Closed
D0000226,C000732,IL,45-54,F026,Wilkerson-Day Collections,equifax,r07,web,04/20/2025,05/18/2025,Closed
D0005515,C000293,AZ,65+,F013,Arnold Ltd Bank,Experian,R05,call center,24-Oct-2025,21-Nov-2025,Closed
D0003258,C000560,AZ,18-24,F001,"Rodriguez, Figueroa and Sanchez Collections",Trans Union,R09,PHONE,2026-07-26,08/03/2026,Closed
D0000888,C000740,WA,65+,F025,"Walter, Edwards and Rios Bank",equifax,R02,Mail,04-May-2026,24-May-2026,Closed
D0001036,C000413,TX,65+,F005,"Guzman, Hoffman and Baldwin Collections",EQUIFAX,R03,Online,2026-04-07,04/19/2026,Closed
D0002060,C000768,NC,35-44,F010,Abbott-Munoz Retail,experian,R03,MAIL,17-Aug-2026,,Open
D0003095,C000014,WA,65+,F022,"Watts, Robinson and Nguyen Bank",Trans Union,R10,phone,2025-10-07,10/24/2025,Closed
D0005240,C000148,NY,45-54,F005,"Guzman, Hoffman and Baldwin Collections",equifax,R01,phone,28-Mar-2026,23-Apr-2026,Closed
D0005483,C000674,GA,18-24,F008,"Henderson, Ramirez and Lewis Auto",EXP,R06,online,,04/04/2025,Closed
D0000925,C000009,CA,18-24,F029,"Ross, Robinson and Bright Collections",EXP,R05,Mail,08-Aug-2026,2026-08-16,Closed
D0002101,C000388,CA,65+,F025,"Walter, Edwards and Rios Bank",equifax,R09,Mail,2026-02-13,2026-03-04,Closed
D0002460,C000612,OH,25-34,F015,Williams and Sons Retail,EQUIFAX,R01,call center,26-Jun-2025,2025-08-10,Closed
D0004272,C000626,GA,18-24,F018,"Flowers, Martin and Kelly Bank",EQUIFAX,R02,PHONE,2026-07-12,08/11/2026,Closed
D0001712,C000387,TX,45-54,F026,Wilkerson-Day Collections,experian,R08,mail,03/20/2025,2025-05-09,Closed
D0000497,C000274,IL,18-24,F011,Blair PLC Retail,equifax,R09,MAIL,2026-07-09,2026-07-25,Closed
D0002770,C000173,MI,45-54,F013,Arnold Ltd Bank,Equifax,R07,phone,01/30/2026,28-Feb-2026,Closed
D0005612,C000329,TX,45-54,F019,"Adams, Zuniga and Wong Auto",transunion,R03,Phone,06/30/2026,07/21/2026,Closed
D0003904,C000340,AZ,35-44,F020,"Reid, Ferguson and Sanchez Bank",transunion,r10,PHONE,08/21/2025,,Open
D0001908,C000384,OH,35-44,F004,Davis and Sons Bank,experian,R08,Phone,05/07/2026,2026-06-20,Closed
D0001262,C000198,NC,25-34,F018,"Flowers, Martin and Kelly Bank",TransUnion,r06,MAIL,12/25/2025,12/30/2025,Closed
D0005312,C000031,IL,65+,F021,Gray-Mayo Collections,Trans Union,r07,ONLINE,04/20/2026,,Open
D0005551,C000788,CA,18-24,F025,"Walter, Edwards and Rios Bank",EQUIFAX,R09,MAIL,2026-01-25,02/10/2026,Closed
D0000874,C000704,IL,25-34,F023,Perez Inc Credit,Experian,R01,Phone,07/01/2025,26-Jul-2025,Closed
D0003158,C000275,WA,45-54,F009,Garcia-James Bank,Experian,R02,mail,2025-09-17,,Closed
D0005798,C000764,FL,35-44,F022,"Watts, Robinson and Nguyen Bank",Equifax,R01,mail,04-May-2026,06/01/2026,Closed
D0001095,C000012,MI,18-24,F011,Blair PLC Retail,EQUIFAX,R07,ONLINE,04-Jun-2025,,Open
D0002806,C000377,AZ,18-24,F001,"Rodriguez, Figueroa and Sanchez Collections",transunion,R10,call center,28-Dec-2025,2026-02-20,Closed
D0000694,C000146,FL,25-34,F028,"Hoffman, Baker and Richards Auto",equifax,R08,Online,,30-Apr-2026,Closed
D0000428,C000620,AZ,25-34,F005,"Guzman, Hoffman and Baldwin Collections",experian,R02,MAIL,07/02/2025,10-Jul-2025,Closed
D0005397,C000111,NC,65+,F006,"Gardner, Robinson and Lawrence Credit",equifax,R06,online,01/30/2026,2026-02-24,Closed
D0001584,C000061,PA,65+,F013,Arnold Ltd Bank,EQUIFAX,R02,Online,30-Aug-2026,2026-09-04,Closed
D0001991,C000420,NC,65+,F005,"Guzman, Hoffman and Baldwin Collections",TransUnion,R05,call center,04/05/2026,22-Apr-2026,Closed
D0004435,C000186,MI,55-64,F004,Davis and Sons Bank,Trans Union,R03,Phone,2025-09-11,10/15/2025,Closed
D0003564,C000541,GA,45-54,F018,"Flowers, Martin and Kelly Bank",experian,R03,Online,02-Jul-2026,07/25/2026,Closed
D0003352,,WA,35-44,F026,Wilkerson-Day Collections,EXP,R07,web,2025-10-21,27-Nov-2025,Closed
D0001490,C000632,WA,45-54,,"Flowers, Martin and Kelly Bank",Trans Union,R02,web,2025-09-25,2025-09-28,Closed
D0005416,C000769,NY,18-24,F020,"Reid, Ferguson and Sanchez Bank",transunion,r08,phone,08/11/2025,01-Sep-2025,Closed
D0005217,C000077,PA,55-64,F021,Gray-Mayo Collections,equifax,R03,Online,15-Aug-2026,04-Sep-2026,Closed
D0004301,C000185,AZ,55-64,F026,Wilkerson-Day Collections,TransUnion,R04,web,2025-11-26,12/21/2025,Closed
D0003478,C000555,MI,45-54,F011,Blair PLC Retail,EXP,R04,PHONE,27-Mar-2026,2026-04-29,Closed
D0005855,C000691,AZ,25-34,F018,"Flowers, Martin and Kelly Bank",equifax,R02,web,19-Nov-2025,15-Dec-2025,Closed
D0001185,C000428,NC,65+,F028,"Hoffman, Baker and Richards Auto",transunion,R02,ONLINE,04-Mar-2026,03/24/2026,Closed
D0000103,C000719,MI,45-54,F019,"Adams, Zuniga and Wong Auto",TransUnion,R03,Online,02/05/2026,2026-02-26,Closed
D0002623,C000428,NC,65+,F020,"Reid, Ferguson and Sanchez Bank",EQUIFAX,R03,Phone,06/09/2026,06/29/2026,Closed
D0001184,,IL,18-24,F002,Doyle Ltd Collections,TransUnion,R01,Phone,2025-03-17,19-Apr-2025,Closed
D0000831,,WA,25-34,F014,"Mcclure, Ward and Lee Bank",equifax,R06,web,27-Jan-2025,03-Feb-2025,Closed
D0002921,C000763,MI,25-34,F007,Blake and Sons Credit,transunion,r01,web,,06/05/2026,Closed
D0001108,C000322,NY,65+,F008,"Henderson, Ramirez and Lewis Auto",TransUnion,R03,online,2026-04-27,08-May-2026,Closed
D0004028,C000731,CA,18-24,F005,"Guzman, Hoffman and Baldwin Collections",transunion,R08,call center,01/21/2026,2026-01-28,Closed
D0004680,C000705,IL,45-54,F018,"Flowers, Martin and Kelly Bank",EXP,r01,ONLINE,2026-07-20,2026-08-13,Closed
D0005170,C000137,AZ,45-54,F005,"Guzman, Hoffman and Baldwin Collections",TransUnion,R03,Phone,03/16/2026,09-Apr-2026,Closed
D0001886,C000285,WA,35-44,F003,"Mcclain, Miller and Henderson Bank",equifax,R07,ONLINE,2025-01-25,14-Feb-2025,Closed
D0000690,C000615,FL,45-54,F028,"Hoffman, Baker and Richards Auto",Trans Union,XX99,web,31-Jan-2026,2026-03-02,Closed
D0005610,C000276,CA,55-64,F015,Williams and Sons Retail,TU,R08,phone,2026-03-01,,Open
D0003262,C000068,MI,45-54,F020,"Reid, Ferguson and Sanchez Bank",TransUnion,R04,ONLINE,2026-09-01,2026-09-09,Closed
D0004764,C000666,AZ,55-64,F007,Blake and Sons Credit,EXP,R09,Mail,24-Aug-2026,10/06/2026,Closed
D0001596,C000651,OH,45-54,F015,Williams and Sons Retail,equifax,R04,phone,09-May-2026,,Closed
D0002253,C000180,PA,18-24,F013,Arnold Ltd Bank,EXP,R01,call center,2025-08-19,10/06/2025,Closed
D0001802,C000008,MI,45-54,F003,"Mcclain, Miller and Henderson Bank",transunion,R02,Phone,05/25/2026,2026-06-11,Closed
D0002631,C000210,NY,35-44,F022,"Watts, Robinson and Nguyen Bank",TU,R10,ONLINE,02/26/2025,2025-03-15,Closed
D0005389,C000637,WA,45-54,F022,"Watts, Robinson and Nguyen Bank",experian,R06,mail,2025-09-01,2025-09-26,Closed
D0000977,C000607,NY,45-54,F002,Doyle Ltd Collections,TransUnion,R05,web,07/03/2025,,Closed
D0005157,C000155,TX,25-34,F004,Davis and Sons Bank,Experian,R03,PHONE,,09-Jul-2026,Closed
D0001103,C000013,NC,25-34,F023,Perez Inc Credit,transunion,r09,web,2025-11-15,05-Dec-2025,Closed
D0003845,C000314,CA,25-34,F028,"Hoffman, Baker and Richards Auto",Trans Union,R03,mail,17-Aug-2026,12-Sep-2026,Closed
D0005404,C000515,NY,55-64,F025,"Walter, Edwards and Rios Bank",TU,R06,web,2025-12-16,2025-12-25,Closed
D0004305,C000208,NC,35-44,,"Flowers, Martin and Kelly Bank",transunion,R05,ONLINE,28-Jun-2026,03-Jul-2026,Closed
D0002307,C000611,PA,45-54,,"Hoffman, Baker and Richards Auto",UNK,r10,Online,2026-04-11,2026-05-18,Closed
D0002568,C000435,IL,45-54,F011,Blair PLC Retail,EQF,R08,call center,2026-06-29,18-Jul-2026,Closed
D0001075,C000653,NC,45-54,F011,Blair PLC Retail,EQUIFAX,R02,MAIL,2025-01-23,2025-02-13,Closed
D0001279,C000452,GA,65+,F018,"Flowers, Martin and Kelly Bank",TU,R01,Online,13-Aug-2025,08/31/2025,Closed
D0001168,C000466,IL,35-44,F027,Baker and Sons Retail,Equifax,R05,Phone,,2025-02-20,Closed
D0000282,C000712,NC,35-44,F019,"Adams, Zuniga and Wong Auto",Trans Union,R07,MAIL,15-Apr-2025,21-May-2025,Closed
D0002172,C000591,WA,35-44,F009,Garcia-James Bank,TransUnion,r03,Mail,22-Jan-2026,2026-01-26,Closed
D0004474,C000187,OH,35-44,F027,Baker and Sons Retail,Equifax,R05,mail,21-Aug-2026,09-Oct-2026,Closed
D0003107,C000349,NY,25-34,F027,Baker and Sons Retail,Equifax,R05,mail,27-Sep-2025,18-Oct-2025,Closed
D0002384,C000160,PA,18-24,F022,"Watts, Robinson and Nguyen Bank",experian,R07,ONLINE,2026-08-01,30-Aug-2026,Closed
D0000406,C000568,OH,18-24,F030,"Snyder, Campos and Callahan Collections",EXP,R02,Phone,20-May-2026,,Closed
D0001686,C000039,IL,45-54,F028,"Hoffman, Baker and Richards Auto",EXP,R03,Mail,2025-07-13,,Closed
D0002890,C000782,TX,45-54,F027,Baker and Sons Retail,Equifax,R05,mail,2025-03-04,01-Apr-2025,Closed
D0000958,C000652,NY,25-34,F001,"Rodriguez, Figueroa and Sanchez Collections",EXP,R10,mail,01-Apr-2026,05/20/2026,Closed
D0005531,C000519,MI,45-54,F010,Abbott-Munoz Retail,EQUIFAX,R09,phone,13-Jul-2025,21-Jul-2025,Closed
D0002908,C000004,FL,25-34,F015,Williams and Sons Retail,Trans Union,R08,phone,03/06/2025,18-Apr-2025,Closed
D0000336,C000326,WA,55-64,F015,Williams and Sons Retail,TransUnion,R09,ONLINE,07/21/2026,06-Aug-2026,Closed
D0001757,C000600,TX,35-44,F027,Baker and Sons Retail,Experian,R03,ONLINE,21-Jun-2026,07/27/2026,Closed
D0000546,C000582,AZ,55-64,F025,"Walter, Edwards and Rios Bank",Experian,R03,ONLINE,2025-05-23,2025-05-27,Closed
D0003908,C000106,NY,65+,F006,"Gardner, Robinson and Lawrence Credit",transunion,R03,online,,14-Jun-2026,Closed
D0004427,C000292,AZ,45-54,F025,"Walter, Edwards and Rios Bank",TransUnion,R09,Online,2025-02-01,2025-02-08,Closed
D0003587,C000353,PA,45-54,F027,Baker and Sons Retail,transunion,R07,online,11/03/2025,14-Nov-2025,Closed
D0004572,C000065,NC,55-64,F017,James Group Collections,Equifax,R04,MAIL,03/29/2026,2026-05-09,Closed
D0002593,C000053,AZ,35-44,F022,"Watts, Robinson and Nguyen Bank",Equifax,R07,PHONE,01/17/2026,02/05/2026,Closed
D0003274,C000440,GA,35-44,F005,"Guzman, Hoffman and Baldwin Collections",experian,R03,online,08/30/2025,10-Sep-2025,Closed
D0000311,C000378,TX,65+,F020,"Reid, Ferguson and Sanchez Bank",transunion,R09,phone,07/10/2025,07/14/2025,Closed
D0002803,C000680,PA,35-44,F016,Galloway-Wyatt Collections,TransUnion,r03,Mail,2026-05-15,05/27/2026,Closed
D0005079,C000457,WA,25-34,F007,Blake and Sons Credit,EQF,R03,phone,2025-12-09,2025-12-17,Closed
D0001283,C000660,MI,25-34,F006,"Gardner, Robinson and Lawrence Credit",equifax,R02,Online,05/10/2026,01-Jun-2026,Closed
D0001750,C000300,MI,65+,F002,Doyle Ltd Collections,Experian,R10,Online,10-May-2026,2026-05-24,Closed
D0003728,C000160,PA,18-24,F022,"Watts, Robinson and Nguyen Bank",experian,R09,MAIL,04/11/2025,04/20/2025,Closed
D0000549,C000626,GA,18-24,F020,"Reid, Ferguson and Sanchez Bank",equifax,R05,call center,02/12/2026,02/19/2026,Closed
D0005116,C000221,AZ,45-54,F016,Galloway-Wyatt Collections,Equifax,r01,MAIL,08-May-2026,,Open
D0004347,C000546,CA,18-24,F002,Doyle Ltd Collections,EXP,R05,phone,07/10/2026,2026-07-15,Closed
D0002991,C000167,FL,35-44,F019,"Adams, Zuniga and Wong Auto",transunion,R02,web,2025-08-14,2025-09-28,Closed
D0000054,C000472,FL,25-34,F006,"Gardner, Robinson and Lawrence Credit",Equifax,R01,mail,2025-12-27,2026-01-14,Closed
D0004976,C000059,OH,25-34,F001,"Rodriguez, Figueroa and Sanchez Collections",TU,R05,online,10/31/2025,2025-12-22,Closed
D0004243,C000465,GA,35-44,F018,"Flowers, Martin and Kelly Bank",EQUIFAX,R03,web,,2025-06-14,Closed
D0002255,C000098,GA,18-24,F028,"Hoffman, Baker and Richards Auto",EXP,r02,web,10-Apr-2026,05/18/2026,Closed
D0001020,C000256,FL,18-24,F001,"Rodriguez, Figueroa and Sanchez Collections",TransUnion,R05,MAIL,,04/09/2026,Closed
D0003601,C000026,MI,35-44,F008,"Henderson, Ramirez and Lewis Auto",TU,R06,Online,06/27/2025,2025-07-19,Closed
D0003572,C000155,TX,25-34,F004,Davis and Sons Bank,experian,R03,ONLINE,11-Aug-2025,24-Sep-2025,Closed
D0003609,C000030,TX,55-64,F008,"Henderson, Ramirez and Lewis Auto",TransUnion,R01,call center,2025-11-28,2025-12-26,Closed
D0005179,C000360,PA,45-54,F025,"Walter, Edwards and Rios Bank",EQF,R06,web,2025-08-06,08/24/2025,Closed
D0003970,C000256,FL,18-24,F024,Morales-Jones Auto,experian,R03,MAIL,14-Dec-2025,2026-01-03,Closed
D0001378,C000555,MI,45-54,F003,"Mcclain, Miller and Henderson Bank",TU,R05,mail,2025-12-19,28-Jan-2026,Closed
D0001112,C000162,GA,35-44,F023,Perez Inc Credit,equifax,r01,call center,07/24/2025,08/07/2025,Closed
D0002797,C000262,PA,65+,F013,Arnold Ltd Bank,Equifax,R10,Phone,27-Jul-2026,2026-08-14,Closed
D0002005,C000785,WA,65+,F012,Dudley Group Auto,Trans Union,r02,Mail,25-Aug-2026,2026-09-03,Closed
D0001513,C000058,MI,65+,F009,Garcia-James Bank,EXP,R03,Mail,2025-12-05,2025-12-30,Closed
D0003480,C000115,AZ,35-44,F026,Wilkerson-Day Collections,transunion,R03,mail,2025-12-22,31-Dec-2025,Closed
D0005047,C000199,NC,35-44,F005,"Guzman, Hoffman and Baldwin Collections",EQF,R07,Online,07/09/2025,08/21/2025,Closed
D0003978,,MI,55-64,F001,"Rodriguez, Figueroa and Sanchez Collections",Equifax,R10,Online,12/25/2025,02/02/2026,Closed
D0001965,C000758,CA,18-24,F004,Davis and Sons Bank,TU,R05,call center,2026-03-25,2026-04-08,Closed
D0004930,C000406,MI,18-24,F013,Arnold Ltd Bank,EQUIFAX,R09,ONLINE,09/03/2025,2025-08-31,Closed
D0001514,C000043,AZ,35-44,F025,"Walter, Edwards and Rios Bank",EQUIFAX,R08,mail,06/06/2025,22-Jun-2025,Closed
D0001051,C000759,OH,25-34,F018,"Flowers, Martin and Kelly Bank",EQF,R07,Phone,2025-08-25,10/03/2025,Closed
D0000743,C000056,PA,35-44,F008,"Henderson, Ramirez and Lewis Auto",equifax,R04,online,01-Jul-2026,2026-07-19,Closed
D0000839,C000389,NC,18-24,F016,Galloway-Wyatt Collections,experian,R10,ONLINE,01/08/2025,,Open
D0003756,,OH,25-34,F023,Perez Inc Credit,EXP,R01,phone,02/25/2025,03/18/2025,Closed
D0004299,C000710,AZ,65+,F023,Perez Inc Credit,EQF,R06,online,2025-05-13,07/05/2025,Closed
D0003396,C000153,CA,65+,F027,Baker and Sons Retail,TransUnion,R08,MAIL,2025-09-10,04-Oct-2025,Closed
D0000587,C000093,MI,25-34,F026,Wilkerson-Day Collections,Experian,R05,MAIL,04-Jun-2026,10-Jun-2026,Closed
D0003532,C000180,PA,18-24,F022,"Watts, Robinson and Nguyen Bank",EXP,R08,PHONE,,2025-09-11,Closed
D0004117,C000099,TX,35-44,F010,Abbott-Munoz Retail,EQUIFAX,R04,call center,21-Apr-2026,2026-05-10,Closed
D0001110,C000394,FL,18-24,,"Mcclain, Miller and Henderson Bank",Experian,R01,web,07/02/2026,07/20/2026,Closed
D0002831,C000378,TX,65+,F004,Davis and Sons Bank,TransUnion,R08,call center,02/14/2025,26-Feb-2025,Closed
D0004711,C000765,NY,55-64,F006,"Gardner, Robinson and Lawrence Credit",Equifax,R03,Mail,07-Sep-2025,27-Oct-2025,Closed
D0002970,C000272,TX,45-54,F001,"Rodriguez, Figueroa and Sanchez Collections",experian,R05,ONLINE,08/15/2026,30-Aug-2026,Closed
D0005912,C000744,PA,35-44,F006,"Gardner, Robinson and Lawrence Credit",Trans Union,R05,call center,2025-11-05,29-Nov-2025,Closed
D0001105,C000448,TX,25-34,F023,Perez Inc Credit,EQUIFAX,R01,phone,07/31/2025,13-Aug-2025,Closed
D0001758,C000495,TX,55-64,F003,"Mcclain, Miller and Henderson Bank",UNK,R09,online,01/08/2026,14-Jan-2026,Closed
D0003227,,WA,35-44,F007,Blake and Sons Credit,EXP,R06,online,14-Jul-2026,08/07/2026,Closed
D0002157,C000379,PA,25-34,F007,Blake and Sons Credit,EQF,R08,Mail,19-May-2025,22-May-2025,Closed
D0002875,C000538,IL,65+,F025,"Walter, Edwards and Rios Bank",EXP,R05,online,2025-07-12,02-Aug-2025,Closed
D0003781,C000331,AZ,55-64,F012,Dudley Group Auto,equifax,R04,MAIL,05/17/2026,06/04/2026,Closed
D0000744,C000566,GA,18-24,F003,"Mcclain, Miller and Henderson Bank",Experian,R04,Online,2025-12-14,25-Dec-2025,Closed
D0002739,C000613,WA,25-34,F006,"Gardner, Robinson and Lawrence Credit",Equifax,R09,mail,2025-02-16,03/07/2025,Closed
D0000950,C000204,NC,65+,F004,Davis and Sons Bank,EXP,r01,mail,17-Jul-2026,,Open
D0004648,C000727,AZ,45-54,F007,Blake and Sons Credit,EQUIFAX,R10,ONLINE,01/06/2025,01/28/2025,Closed
D0001568,C000453,WA,45-54,F010,Abbott-Munoz Retail,transunion,R06,PHONE,07/30/2025,06-Sep-2025,Closed
D0002943,C000047,NY,55-64,F006,"Gardner, Robinson and Lawrence Credit",experian,R09,Online,29-May-2025,07-Jul-2025,Closed
D0002684,C000076,TX,45-54,F012,Dudley Group Auto,transunion,R07,online,03/13/2026,25-Apr-2026,Closed
D0005946,C000437,MI,55-64,F009,Garcia-James Bank,experian,R09,web,,2025-05-19,Closed
D0000548,C000137,AZ,45-54,F013,Arnold Ltd Bank,EXP,R01,Phone,12/01/2025,24-Jan-2026,Closed
D0005715,C000380,GA,25-34,F012,Dudley Group Auto,equifax,r10,Mail,,2026-04-11,Closed
D0001078,C000310,TX,25-34,F022,"Watts, Robinson and Nguyen Bank",experian,R02,call center,01/20/2025,,Open
D0001644,C000247,OH,45-54,F026,Wilkerson-Day Collections,EQUIFAX,R04,call center,10/24/2025,2025-11-06,Closed
D0000896,C000633,AZ,18-24,F004,Davis and Sons Bank,TU,R09,Online,02/22/2026,2026-03-06,Closed
D0004615,C000253,FL,25-34,F004,Davis and Sons Bank,Experian,R05,ONLINE,31-Dec-2025,01/31/2026,Closed
D0003854,C000129,IL,65+,F004,Davis and Sons Bank,TU,R09,MAIL,05/12/2026,2026-05-22,Closed
D0000826,C000610,NC,55-64,F017,James Group Collections,TU,r09,web,08/22/2026,2026-08-28,Closed
D0003824,C000684,WA,45-54,F030,"Snyder, Campos and Callahan Collections",transunion,R05,online,13-Sep-2025,,Open
D0001882,C000208,NC,35-44,F008,"Henderson, Ramirez and Lewis Auto",Equifax,R04,Mail,17-Jan-2025,01/21/2025,Closed
D0004725,C000695,GA,18-24,F008,"Henderson, Ramirez and Lewis Auto",EXP,R02,call center,16-Sep-2025,10/11/2025,Closed
D0002301,C000466,IL,35-44,F026,Wilkerson-Day Collections,EXP,R10,phone,11/19/2025,,Open
D0005181,C000166,GA,25-34,F022,"Watts, Robinson and Nguyen Bank",Experian,other,PHONE,02/12/2025,22-Mar-2025,Closed
D0005638,C000309,MI,35-44,F010,Abbott-Munoz Retail,TU,R10,Phone,2026-07-01,24-Jul-2026,Closed
D0003715,C000479,OH,25-34,F001,"Rodriguez, Figueroa and Sanchez Collections",equifax,R10,call center,2026-01-20,17-Feb-2026,Closed
D0005970,C000495,TX,55-64,F005,"Guzman, Hoffman and Baldwin Collections",TransUnion,R04,phone,2025-10-18,10/28/2025,Closed
D0002835,C000637,WA,45-54,F019,"Adams, Zuniga and Wong Auto",Equifax,R07,Mail,27-May-2025,2025-06-24,Closed
D0000603,C000689,IL,65+,F023,Perez Inc Credit,TransUnion,R07,Online,2026-03-08,03/12/2026,Closed
D0000483,C000241,NC,45-54,F027,Baker and Sons Retail,transunion,R04,Phone,07/14/2026,2026-07-31,Closed
D0003265,C000476,MI,35-44,F017,James Group Collections,EQF,r05,web,2026-02-08,2026-02-27,Closed
D0002856,C000524,TX,65+,F021,Gray-Mayo Collections,EQF,R02,Phone,2026-02-20,2026-03-12,Closed
D0005998,C000615,FL,45-54,F007,Blake and Sons Credit,UNK,R01,call center,01/21/2026,01/24/2026,Closed
D0000312,C000131,NC,25-34,F022,"Watts, Robinson and Nguyen Bank",Trans Union,R08,PHONE,04-Nov-2025,16-Nov-2025,Closed
D0004802,C000375,CA,45-54,F023,Perez Inc Credit,EQUIFAX,R08,web,2025-07-23,,Open
D0004008,C000088,WA,35-44,F005,"Guzman, Hoffman and Baldwin Collections",Equifax,R09,Phone,2026-04-08,,Open
D0005091,C000592,NC,65+,F025,"Walter, Edwards and Rios Bank",equifax,R10,mail,04/27/2025,05/10/2025,Closed
D0005839,C000747,GA,45-54,F009,Garcia-James Bank,EXP,R08,Phone,04/02/2025,05/18/2025,Closed
D0005414,C000148,NY,45-54,F014,"Mcclure, Ward and Lee Bank",EQUIFAX,R07,call center,13-Oct-2025,2025-11-10,Closed
D0002164,C000027,CA,65+,F008,"Henderson, Ramirez and Lewis Auto",experian,R02,web,28-Feb-2026,03/13/2026,Closed
D0002405,C000767,NY,25-34,F009,Garcia-James Bank,Equifax,R10,mail,2025-08-10,05-Sep-2025,Closed
D0004419,C000477,TX,25-34,F020,"Reid, Ferguson and Sanchez Bank",Equifax,R01,Phone,21-Jun-2026,2026-07-17,Closed
D0000342,C000724,NC,35-44,F020,"Reid, Ferguson and Sanchez Bank",EQUIFAX,R04,Phone,2025-08-03,,Open
D0005968,C000182,MI,55-64,F007,Blake and Sons Credit,EQUIFAX,r05,MAIL,19-Sep-2025,2025-10-01,Closed
D0002714,C000501,NC,45-54,F024,Morales-Jones Auto,equifax,R09,web,2025-04-10,,Open
D0005617,C000179,AZ,25-34,F017,James Group Collections,EQF,XX99,Mail,2026-02-24,11-Mar-2026,Closed
D0004445,C000345,IL,25-34,F011,Blair PLC Retail,TU,R09,web,21-Jul-2025,2025-08-23,Closed
D0003002,C000614,MI,45-54,F015,Williams and Sons Retail,EXP,R07,web,10/04/2025,2025-10-30,Closed
D0003799,C000606,AZ,45-54,F021,Gray-Mayo Collections,Trans Union,R06,PHONE,18-May-2026,15-Jun-2026,Closed
D0000599,,CA,18-24,F019,"Adams, Zuniga and Wong Auto",EXP,R04,mail,05-Jun-2025,2025-06-16,Closed
D0000794,C000172,CA,18-24,F005,"Guzman, Hoffman and Baldwin Collections",TU,R06,PHONE,2026-05-20,15-Jun-2026,Closed
D0002305,C000135,PA,25-34,F025,"Walter, Edwards and Rios Bank",transunion,R03,ONLINE,27-Feb-2025,,Open
D0003834,C000439,OH,18-24,F011,Blair PLC Retail,EXP,R04,mail,07/13/2026,,Closed
D0005453,C000414,IL,65+,F024,Morales-Jones Auto,EXP,R07,PHONE,2026-03-16,2026-04-29,Closed
D0003921,C000646,GA,25-34,F014,"Mcclure, Ward and Lee Bank",TransUnion,R08,PHONE,05/12/2025,,Open
D0005107,C000281,PA,18-24,F016,Galloway-Wyatt Collections,equifax,R07,MAIL,03/09/2026,,Open
D0000642,C000339,IL,25-34,F026,Wilkerson-Day Collections,Equifax,other,online,04/19/2025,26-Apr-2025,Closed
D0005941,C000403,WA,65+,F022,"Watts, Robinson and Nguyen Bank",Equifax,R04,ONLINE,19-Jan-2026,2026-02-15,Closed
D0000078,C000715,NC,18-24,F012,Dudley Group Auto,EXP,R08,phone,06-Mar-2025,03/22/2025,Closed
D0002115,C000696,MI,35-44,F022,"Watts, Robinson and Nguyen Bank",UNK,R01,Mail,02/18/2026,02/24/2026,Closed
D0000816,C000380,GA,25-34,F015,Williams and Sons Retail,Experian,R05,online,2026-08-28,09-Oct-2026,Closed
D0005361,C000637,WA,45-54,F017,James Group Collections,UNK,R02,Phone,02/28/2025,09-Mar-2025,Closed
D0000376,C000203,NY,45-54,F008,"Henderson, Ramirez and Lewis Auto",experian,R03,MAIL,03/11/2026,03/23/2026,Closed
D0003105,C000218,IL,55-64,,Williams and Sons Retail,transunion,R10,mail,06/20/2026,2026-07-01,Closed
D0000772,C000286,NC,35-44,F003,"Mcclain, Miller and Henderson Bank",Trans Union,r03,mail,10/28/2025,,Closed
D0002308,C000739,PA,55-64,F011,Blair PLC Retail,equifax,R10,call center,03/10/2026,26-Mar-2026,Closed
D0000894,C000038,TX,45-54,F015,Williams and Sons Retail,experian,R07,Online,03/18/2026,2026-03-30,Closed
D0002390,C000132,WA,55-64,F018,"Flowers, Martin and Kelly Bank",Equifax,r10,mail,2025-11-09,2025-11-27,Closed
D0005088,C000727,AZ,45-54,F007,Blake and Sons Credit,transunion,R03,mail,2026-05-09,18-Jun-2026,Closed
D0004479,C000741,NY,45-54,F029,"Ross, Robinson and Bright Collections",Experian,r05,Online,2026-01-25,2026-02-09,Closed
D0004606,C000528,PA,18-24,F027,Baker and Sons Retail,Trans Union,R07,PHONE,05/31/2026,06/21/2026,Closed
D0003701,C000512,FL,35-44,F030,"Snyder, Campos and Callahan Collections",EQF,R02,Mail,09/05/2025,09/09/2025,Closed
D0005802,C000259,IL,18-24,F015,Williams and Sons Retail,equifax,R09,PHONE,18-Jun-2026,2026-07-15,Closed
D0001554,C000700,PA,25-34,F024,Morales-Jones Auto,equifax,R01,call center,29-Apr-2026,,Open
D0002482,C000239,FL,65+,F014,"Mcclure, Ward and Lee Bank",Trans Union,R05,online,05/28/2026,,Closed
D0004822,C000692,AZ,18-24,F008,"Henderson, Ramirez and Lewis Auto",TU,R07,Online,2025-12-02,23-Dec-2025,Closed
D0004155,C000278,WA,65+,F025,"Walter, Edwards and Rios Bank",equifax,R02,Mail,07-Aug-2025,08/21/2025,Closed
D0001753,C000416,MI,18-24,F011,Blair PLC Retail,Trans Union,R08,web,07/13/2025,07/29/2025,Closed
D0000869,C000424,OH,65+,F027,Baker and Sons Retail,Experian,r02,mail,01-Apr-2025,04/20/2025,Closed
D0001567,C000545,MI,35-44,,"Mcclure, Ward and Lee Bank",TU,R08,online,10-Sep-2025,2025-10-06,Closed
D0004929,,WA,65+,F001,"Rodriguez, Figueroa and Sanchez Collections",experian,R02,PHONE,11/21/2025,12/21/2025,Closed
D0004399,C000401,OH,25-34,F002,Doyle Ltd Collections,TU,R07,mail,22-Jul-2026,29-Jul-2026,Closed
D0004842,C000654,MI,65+,F004,Davis and Sons Bank,experian,R05,Phone,2025-05-24,15-Jul-2025,Closed
D0005761,C000665,GA,35-44,F004,Davis and Sons Bank,EQF,R07,phone,2026-07-28,08/06/2026,Closed
D0001394,C000600,TX,35-44,F011,Blair PLC Retail,Experian,R04,call center,02-Jun-2026,2026-07-13,Closed
D0004189,C000061,PA,65+,F011,Blair PLC Retail,equifax,R03,online,09-Dec-2025,,Open
D0000949,C000116,GA,55-64,F010,Abbott-Munoz Retail,experian,R07,PHONE,13-May-2026,2026-07-01,Closed
D0002072,C000608,NC,45-54,F014,"Mcclure, Ward and Lee Bank",EQF,R09,Mail,17-Feb-2026,,Open
D0003535,C000082,AZ,55-64,F009,Garcia-James Bank,EXP,R01,online,13-Nov-2025,,Open
D0002316,C000520,IL,18-24,F001,"Rodriguez, Figueroa and Sanchez Collections",EQF,R05,mail,2026-08-07,,Closed
D0003712,C000763,MI,25-34,F003,"Mcclain, Miller and Henderson Bank",experian,R08,web,2025-11-01,,Open
D0004280,C000315,GA,55-64,F020,"Reid, Ferguson and Sanchez Bank",TU,r07,Online,01/24/2025,,Open
D0003994,,OH,25-34,F018,"Flowers, Martin and Kelly Bank",EQUIFAX,R01,call center,28-Jun-2025,2025-08-10,Closed
D0005688,C000506,IL,55-64,F015,Williams and Sons Retail,experian,r09,call center,06/23/2025,07/01/2025,Closed
D0004855,C000590,NY,45-54,F018,"Flowers, Martin and Kelly Bank",Trans Union,R09,web,10-Jul-2026,2026-08-07,Closed
D0001271,C000759,OH,25-34,F020,"Reid, Ferguson and Sanchez Bank",UNK,R07,Phone,24-Mar-2025,2025-04-04,Closed
D0001410,C000402,MI,55-64,F014,"Mcclure, Ward and Lee Bank",experian,R02,PHONE,25-Aug-2025,09/17/2025,Closed
D0004067,C000020,PA,35-44,F009,Garcia-James Bank,EQUIFAX,R02,MAIL,29-Jan-2026,02/22/2026,Closed
D0001431,C000395,MI,25-34,F001,"Rodriguez, Figueroa and Sanchez Collections",Trans Union,R07,phone,18-Aug-2025,04-Sep-2025,Closed
D0005078,C000487,TX,18-24,F029,"Ross, Robinson and Bright Collections",transunion,r07,web,10/31/2025,,Open
D0003813,C000501,NC,45-54,F018,"Flowers, Martin and Kelly Bank",UNK,R01,Online,09-Feb-2025,2025-02-15,Closed
D0004414,C000534,MI,65+,F003,"Mcclain, Miller and Henderson Bank",experian,R10,online,2026-03-12,2026-03-27,Closed
D0003548,C000344,TX,65+,F018,"Flowers, Martin and Kelly Bank",Experian,R10,call center,02/09/2026,02-Mar-2026,Closed
D0002329,C000480,IL,18-24,F005,"Guzman, Hoffman and Baldwin Collections",EXP,r08,Phone,2025-10-05,2025-10-23,Closed
D0005074,C000389,NC,18-24,F009,Garcia-James Bank,TU,R05,MAIL,17-Feb-2025,2025-02-13,Closed
D0005472,C000515,NY,55-64,F012,Dudley Group Auto,UNK,R02,mail,2025-06-03,29-Jun-2025,Closed
D0003953,C000774,CA,25-34,F023,Perez Inc Credit,equifax,r08,MAIL,2026-01-26,02/18/2026,Closed
D0000511,C000785,WA,65+,F019,"Adams, Zuniga and Wong Auto",experian,R08,PHONE,2026-06-06,,Open
D0000156,C000670,AZ,45-54,F013,Arnold Ltd Bank,TU,R08,Online,2026-01-10,12-Feb-2026,Closed
D0003934,C000461,NC,35-44,F013,Arnold Ltd Bank,Experian,r08,web,2025-03-24,31-Mar-2025,Closed
D0001807,C000569,PA,55-64,F001,"Rodriguez, Figueroa and Sanchez Collections",experian,r03,MAIL,15-Sep-2025,09/25/2025,Closed
D0002031,C000213,NY,35-44,F019,"Adams, Zuniga and Wong Auto",transunion,R02,Phone,18-Apr-2025,2025-05-07,Closed
D0001534,,WA,45-54,F002,Doyle Ltd Collections,Experian,R01,Online,01/30/2025,2025-02-12,Closed
D0004229,C000737,AZ,65+,F019,"Adams, Zuniga and Wong Auto",Experian,r02,Online,2026-05-18,2026-06-25,Closed
D0001167,C000095,NY,55-64,F003,"Mcclain, Miller and Henderson Bank",Experian,r02,call center,09/14/2025,2025-09-30,Closed
D0004607,,PA,35-44,F017,James Group Collections,EXP,R08,mail,2025-08-10,2025-08-19,Closed
D0003395,C000742,AZ,18-24,F028,"Hoffman, Baker and Richards Auto",transunion,R10,call center,02-Jun-2025,2025-07-07,Closed
D0000984,C000582,AZ,55-64,F006,"Gardner, Robinson and Lawrence Credit",transunion,R04,web,,04-Feb-2026,Closed
D0003774,C000649,OH,18-24,F024,Morales-Jones Auto,EQF,R07,Phone,02/11/2026,25-Mar-2026,Closed
D0004496,C000327,GA,18-24,F003,"Mcclain, Miller and Henderson Bank",Equifax,R06,mail,11/03/2025,11/20/2025,Closed
D0002719,C000068,MI,45-54,F016,Galloway-Wyatt Collections,EQF,R10,web,2026-04-05,21-May-2026,Closed
D0005930,C000343,IL,45-54,F016,Galloway-Wyatt Collections,equifax,R04,phone,29-May-2026,2026-06-04,Closed
D0004773,C000492,IL,45-54,F008,"Henderson, Ramirez and Lewis Auto",TransUnion,R05,Phone,2025-07-26,08/14/2025,Closed
D0005296,C000272,TX,45-54,F028,"Hoffman, Baker and Richards Auto",Trans Union,R06,Phone,07/01/2025,28-Jul-2025,Closed
D0001296,C000450,GA,55-64,F014,"Mcclure, Ward and Lee Bank",experian,XX99,ONLINE,2025-12-26,29-Jan-2026,Closed
D0003065,C000763,MI,25-34,F023,Perez Inc Credit,Equifax,R02,mail,2026-08-03,2026-09-14,Closed
D0000684,C000344,TX,65+,F017,James Group Collections,EQF,R06,PHONE,02/26/2026,2026-03-22,Closed
D0002957,C000793,TX,18-24,F007,Blake and Sons Credit,Experian,R06,ONLINE,18-Jan-2026,01/24/2026,Closed
D0001656,C000299,PA,55-64,F005,"Guzman, Hoffman and Baldwin Collections",EQF,r10,PHONE,31-Mar-2025,,Closed
D0002627,C000522,WA,35-44,F020,"Reid, Ferguson and Sanchez Bank",EXP,R09,phone,22-Mar-2025,09-Apr-2025,Closed
D0002976,C000375,CA,45-54,F017,James Group Collections,TransUnion,R03,mail,08/15/2026,09/06/2026,Closed
D0001456,C000215,FL,65+,F021,Gray-Mayo Collections,TU,R01,PHONE,02/10/2026,2026-03-08,Closed
D0004206,C000643,TX,45-54,F006,"Gardner, Robinson and Lawrence Credit",transunion,R07,call center,07/08/2026,2026-07-23,Closed
D0004242,C000283,MI,35-44,F001,"Rodriguez, Figueroa and Sanchez Collections",experian,R06,Mail,28-Apr-2025,2025-05-25,Closed
D0002354,C000524,TX,65+,F026,Wilkerson-Day Collections,Trans Union,R07,Online,07/27/2025,08/18/2025,Closed
D0005329,C000506,IL,55-64,F015,Williams and Sons Retail,experian,R02,ONLINE,19-May-2025,2025-05-30,Closed
D0004393,C000773,MI,35-44,F025,"Walter, Edwards and Rios Bank",Trans Union,R08,mail,10/03/2025,,Open
D0000486,C000404,TX,25-34,F003,"Mcclain, Miller and Henderson Bank",transunion,R10,MAIL,05/11/2026,2026-06-04,Closed
D0000372,C000098,GA,18-24,F020,"Reid, Ferguson and Sanchez Bank",EQF,r08,web,29-Nov-2025,23-Dec-2025,Closed
D0005114,C000135,PA,25-34,F024,Morales-Jones Auto,EQF,R01,Phone,15-Oct-2025,2025-11-11,Closed
D0003923,C000345,IL,25-34,F030,"Snyder, Campos and Callahan Collections",TU,R09,online,13-Jun-2025,03-Jul-2025,Closed
D0000169,C000078,GA,55-64,F018,"Flowers, Martin and Kelly Bank",equifax,R04,Online,2025-07-02,07/23/2025,Closed
D0000412,C000699,OH,65+,F023,Perez Inc Credit,Experian,R03,phone,2025-05-11,05/26/2025,Closed
D0000718,C000337,NY,65+,F006,"Gardner, Robinson and Lawrence Credit",EQF,R05,mail,2026-07-13,07/29/2026,Closed
D0003570,C000229,CA,18-24,F009,Garcia-James Bank,experian,R06,Phone,11-Jan-2026,01/20/2026,Closed
D0000730,C000729,AZ,45-54,F002,Doyle Ltd Collections,EXP,other,phone,2025-08-25,09/20/2025,Closed
D0001949,C000452,GA,65+,F011,Blair PLC Retail,TU,R07,online,2026-02-08,01-Mar-2026,Closed
D0004517,C000172,CA,18-24,F024,Morales-Jones Auto,EXP,R04,Phone,02/18/2026,24-Mar-2026,Closed
D0000006,C000079,IL,55-64,F017,James Group Collections,equifax,R03,phone,27-Apr-2025,24-May-2025,Closed
D0002420,C000191,PA,25-34,F026,Wilkerson-Day Collections,Experian,r09,web,05/27/2025,2025-06-18,Closed
D0004763,C000735,NY,45-54,F007,Blake and Sons Credit,Experian,R01,Mail,13-Jul-2026,2026-08-29,Closed
D0003536,,FL,18-24,F029,"Ross, Robinson and Bright Collections",experian,R07,phone,,,Open
D0002938,C000065,NC,55-64,F019,"Adams, Zuniga and Wong Auto",Trans Union,R06,PHONE,2025-09-15,2025-09-24,Closed
D0005281,C000712,NC,35-44,F006,"Gardner, Robinson and Lawrence Credit",transunion,R05,Online,29-Aug-2025,09/15/2025,Closed
D0003939,C000039,IL,45-54,F014,"Mcclure, Ward and Lee Bank",EQF,R09,Online,2025-12-12,01/15/2026,Closed
D0005433,C000570,CA,65+,F027,Baker and Sons Retail,EQF,see notes,online,01/16/2026,,Open
D0004043,C000160,PA,18-24,F001,"Rodriguez, Figueroa and Sanchez Collections",transunion,r07,Phone,12/06/2025,2025-12-09,Closed
D0004591,C000206,AZ,55-64,F009,Garcia-James Bank,equifax,R07,online,2025-08-07,,Open
D0002551,C000329,TX,45-54,F014,"Mcclure, Ward and Lee Bank",EQF,R04,phone,2026-03-11,2026-03-26,Closed
D0004120,C000245,PA,18-24,F009,Garcia-James Bank,EQF,R06,call center,03/29/2025,2025-04-02,Closed
D0001564,C000475,MI,55-64,F020,"Reid, Ferguson and Sanchez Bank",Trans Union,R06,MAIL,11-Jun-2025,2025-06-20,Closed
D0005616,C000351,NY,65+,F016,Galloway-Wyatt Collections,EQUIFAX,R07,Online,01/15/2026,,Open
D0002616,C000071,GA,18-24,F020,"Reid, Ferguson and Sanchez Bank",EQF,R03,web,02-Apr-2025,2025-04-18,Closed
D0003541,C000784,MI,18-24,F018,"Flowers, Martin and Kelly Bank",Trans Union,R10,call center,02/16/2026,09-Mar-2026,Closed
D0005141,C000322,NY,65+,F004,Davis and Sons Bank,TransUnion,R01,Online,2025-05-24,2025-06-16,Closed
D0003624,,NY,18-24,F011,Blair PLC Retail,Equifax,R09,mail,2026-01-01,,Closed
D0003752,C000368,PA,45-54,F008,"Henderson, Ramirez and Lewis Auto",TU,r01,MAIL,01/14/2026,2026-02-09,Closed
D0001443,C000671,WA,35-44,F025,"Walter, Edwards and Rios Bank",Trans Union,R04,online,17-Jul-2025,2025-08-01,Closed
D0001327,C000195,CA,45-54,F002,Doyle Ltd Collections,Trans Union,R09,Mail,11-Nov-2025,12/01/2025,Closed
D0002079,C000591,WA,35-44,F016,Galloway-Wyatt Collections,EQF,R08,mail,,2025-07-03,Closed
D0002167,C000059,OH,25-34,F005,"Guzman, Hoffman and Baldwin Collections",Experian,R04,Mail,06-Aug-2025,,Open
D0003244,C000412,AZ,25-34,F014,"Mcclure, Ward and Lee Bank",experian,R02,Online,2025-08-22,28-Aug-2025,Closed
D0003568,C000295,MI,35-44,F010,Abbott-Munoz Retail,equifax,R03,phone,12/22/2025,,Open
D0001890,C000441,NY,45-54,F006,"Gardner, Robinson and Lawrence Credit",Equifax,R10,Online,09-Dec-2025,02/02/2026,Closed
D0003693,,OH,45-54,F018,"Flowers, Martin and Kelly Bank",EQF,R05,Mail,03/18/2025,04/21/2025,Closed
D0002342,C000554,IL,25-34,F017,James Group Collections,TU,R10,phone,15-Feb-2026,04/06/2026,Closed
D0004988,C000319,WA,65+,F012,Dudley Group Auto,Experian,R01,call center,07-Jul-2025,2025-07-31,Closed
D0000070,C000474,IL,65+,F008,"Henderson, Ramirez and Lewis Auto",EQUIFAX,R04,phone,19-Feb-2026,03/15/2026,Closed
D0003088,C000675,FL,45-54,F010,Abbott-Munoz Retail,EQF,R03,phone,28-Jan-2026,13-Feb-2026,Closed
D0002882,C000186,MI,55-64,F024,Morales-Jones Auto,EQF,R10,MAIL,01/23/2025,2025-02-16,Closed
D0005086,C000120,CA,55-64,F017,James Group Collections,Equifax,R01,call center,11-Jul-2026,16-Jul-2026,Closed
D0000350,C000433,IL,35-44,F012,Dudley Group Auto,Trans Union,R06,PHONE,07/20/2025,2025-07-29,Closed
D0005345,C000511,FL,65+,F002,Doyle Ltd Collections,TU,R10,Online,01/27/2026,13-Mar-2026,Closed
D0005679,C000757,AZ,55-64,F013,Arnold Ltd Bank,EQUIFAX,r09,mail,21-Jan-2025,,Open
D0005138,C000544,WA,35-44,F024,Morales-Jones Auto,Trans Union,R04,Mail,05/05/2026,16-May-2026,Closed
D0000567,C000780,GA,35-44,F005,"Guzman, Hoffman and Baldwin Collections",TU,R08,Online,06/01/2025,06/15/2025,Closed
D0000461,C000291,FL,45-54,F020,"Reid, Ferguson and Sanchez Bank",Trans Union,R07,mail,08/06/2025,08/17/2025,Closed
D0002143,C000222,IL,18-24,F013,Arnold Ltd Bank,TransUnion,R09,Phone,04/09/2026,14-Apr-2026,Closed
D0004922,C000453,WA,45-54,F002,Doyle Ltd Collections,EQF,R01,ONLINE,18-Sep-2025,,Open
D0001156,C000757,AZ,55-64,F009,Garcia-James Bank,experian,R07,ONLINE,05-Jul-2026,07/20/2026,Closed
D0002563,C000117,GA,18-24,F021,Gray-Mayo Collections,equifax,R09,PHONE,20-Jul-2025,04-Aug-2025,Closed
D0002983,C000503,MI,25-34,F026,Wilkerson-Day Collections,TU,R09,Phone,04-Dec-2025,31-Dec-2025,Closed
D0003678,C000629,NY,18-24,F011,Blair PLC Retail,transunion,R01,MAIL,2026-05-28,,Closed
D0005342,C000185,AZ,55-64,F019,"Adams, Zuniga and Wong Auto",equifax,R08,online,24-Nov-2025,12/07/2025,Closed
D0002285,C000332,NC,55-64,F013,Arnold Ltd Bank,EXP,R09,online,2026-07-08,07/24/2026,Closed
D0004349,C000407,IL,55-64,F008,"Henderson, Ramirez and Lewis Auto",experian,R10,call center,26-Jun-2025,07/05/2025,Closed
D0002644,C000464,OH,65+,F029,"Ross, Robinson and Bright Collections",transunion,R10,online,2025-12-09,,Open
D0002048,C000778,TX,65+,F006,"Gardner, Robinson and Lawrence Credit",equifax,R03,PHONE,15-Sep-2025,09-Oct-2025,Closed
D0004631,C000662,AZ,35-44,F004,Davis and Sons Bank,EQF,R01,mail,2026-04-25,04-May-2026,Closed
D0000287,C000784,MI,18-24,F029,"Ross, Robinson and Bright Collections",Equifax,R02,ONLINE,16-Dec-2025,12/30/2025,Closed
D0004120,C000245,PA,18-24,F009,Garcia-James Bank,EQF,R06,call center,03/29/2025,2025-04-02,Closed
D0002404,C000642,FL,65+,F018,"Flowers, Martin and Kelly Bank",TransUnion,R05,Mail,01-Jan-2026,2026-01-12,Closed
D0001379,C000315,GA,55-64,F029,"Ross, Robinson and Bright Collections",experian,R04,Mail,06-Apr-2026,,Closed
D0004599,C000432,WA,55-64,F003,"Mcclain, Miller and Henderson Bank",EXP,R01,MAIL,27-Dec-2025,2026-02-03,Closed
D0000770,C000322,NY,65+,F019,"Adams, Zuniga and Wong Auto",EQF,R05,online,2025-12-11,2025-12-22,Closed
D0001157,C000643,TX,45-54,,Galloway-Wyatt Collections,equifax,R02,phone,10/02/2025,2025-11-21,Closed
D0004005,C000608,NC,45-54,F018,"Flowers, Martin and Kelly Bank",transunion,R05,mail,31-Dec-2025,28-Jan-2026,Closed
D0004264,C000662,AZ,35-44,F005,"Guzman, Hoffman and Baldwin Collections",Equifax,R09,PHONE,19-Nov-2025,07-Dec-2025,Closed
D0000399,C000166,GA,25-34,F003,"Mcclain, Miller and Henderson Bank",TransUnion,R01,PHONE,07/30/2026,08/04/2026,Closed
D0000005,C000428,NC,65+,F010,Abbott-Munoz Retail,Experian,R10,web,28-Apr-2025,06/03/2025,Closed
D0005633,C000103,TX,65+,F003,"Mcclain, Miller and Henderson Bank",equifax,r07,mail,2026-02-06,03/01/2026,Closed
D0004688,C000053,AZ,35-44,F028,"Hoffman, Baker and Richards Auto",EXP,R09,PHONE,2026-07-24,22-Aug-2026,Closed
D0002114,C000469,OH,18-24,F022,"Watts, Robinson and Nguyen Bank",EQUIFAX,R07,online,2025-07-22,,Open
D0002311,C000692,AZ,18-24,F001,"Rodriguez, Figueroa and Sanchez Collections",TU,R03,Phone,06/19/2026,06/29/2026,Closed
D0003434,C000119,TX,35-44,F011,Blair PLC Retail,Experian,R02,Online,04/04/2026,,Open
D0002140,C000588,TX,45-54,F021,Gray-Mayo Collections,EXP,R01,MAIL,2026-04-26,2026-05-05,Closed
D0001206,C000135,PA,25-34,F001,"Rodriguez, Figueroa and Sanchez Collections",EQF,R10,Mail,11/06/2025,,Open
D0003461,C000645,WA,18-24,F013,Arnold Ltd Bank,Trans Union,R05,call center,,,Open
D0003713,C000538,IL,65+,F011,Blair PLC Retail,Equifax,r09,ONLINE,06-Apr-2026,04/20/2026,Closed
D0005993,C000767,NY,25-34,F021,Gray-Mayo Collections,Trans Union,R06,web,08/11/2026,08/14/2026,Closed
D0000671,C000311,AZ,35-44,F027,Baker and Sons Retail,Equifax,R08,Mail,2025-08-03,09/01/2025,Closed
D0004849,C000690,WA,65+,F030,"Snyder, Campos and Callahan Collections",Experian,R04,mail,07-Oct-2025,,Open
D0004874,C000199,NC,35-44,F010,Abbott-Munoz Retail,experian,R08,PHONE,06/11/2025,2025-07-18,Closed
D0005352,C000278,WA,65+,F024,Morales-Jones Auto,EQUIFAX,R09,web,07/28/2026,27-Aug-2026,Closed
D0001049,C000178,MI,18-24,F001,"Rodriguez, Figueroa and Sanchez Collections",Experian,R04,Mail,21-Jun-2025,2025-06-28,Closed
D0002997,C000290,NC,25-34,F017,James Group Collections,UNK,r01,Mail,07-Apr-2025,2025-05-14,Closed
D0005093,C000471,WA,25-34,F006,"Gardner, Robinson and Lawrence Credit",EQF,R07,PHONE,24-Mar-2026,05/14/2026,Closed
D0003020,C000646,GA,25-34,F027,Baker and Sons Retail,EQF,R01,online,2025-12-19,,Open
D0000128,C000052,NC,25-34,F004,Davis and Sons Bank,Equifax,other,Phone,06/28/2025,08/09/2025,Closed
D0002386,C000713,TX,45-54,F001,"Rodriguez, Figueroa and Sanchez Collections",transunion,R09,web,2025-05-06,05/21/2025,Closed
D0002561,C000268,MI,45-54,F004,Davis and Sons Bank,equifax,R05,Mail,09-Apr-2025,05-May-2025,Closed
D0001333,C000151,TX,45-54,F030,"Snyder, Campos and Callahan Collections",EQUIFAX,R05,Mail,06/13/2026,15-Jul-2026,Closed
D0003602,C000301,OH,45-54,F014,"Mcclure, Ward and Lee Bank",transunion,R01,Phone,17-May-2026,2026-05-22,Closed
D0000143,C000587,TX,25-34,F018,"Flowers, Martin and Kelly Bank",equifax,R09,mail,02-Jan-2026,,Open
D0001035,C000315,GA,55-64,F008,"Henderson, Ramirez and Lewis Auto",EQF,R03,Online,06/27/2026,,Open
D0002062,C000366,FL,45-54,F019,"Adams, Zuniga and Wong Auto",Equifax,R10,MAIL,24-Dec-2025,,Open
D0001080,C000386,PA,35-44,F021,Gray-Mayo Collections,EQF,R10,Phone,05-Oct-2025,10/18/2025,Closed
D0003494,C000246,NY,65+,F013,Arnold Ltd Bank,TU,R09,phone,28-Oct-2025,16-Nov-2025,Closed
D0003802,C000099,TX,35-44,F023,Perez Inc Credit,EQUIFAX,other,mail,09/19/2025,,Open
D0005317,C000477,TX,25-34,F019,"Adams, Zuniga and Wong Auto",Experian,R04,ONLINE,2026-08-09,08/22/2026,Closed
D0001414,C000410,FL,18-24,F025,"Walter, Edwards and Rios Bank",equifax,R09,PHONE,25-Jul-2026,2026-08-12,Closed
D0002231,C000733,TX,18-24,F025,"Walter, Edwards and Rios Bank",EQF,R08,Phone,01/08/2026,,Open
D0005604,C000277,NC,65+,F009,Garcia-James Bank,Trans Union,R10,call center,2026-07-27,08/21/2026,Closed
D0005705,C000128,NC,25-34,F020,"Reid, Ferguson and Sanchez Bank",TransUnion,R10,Online,24-Apr-2026,01-May-2026,Closed
D0005194,C000771,NY,18-24,F013,Arnold Ltd Bank,EQF,R08,Mail,2025-05-26,2025-06-11,Closed
D0001041,C000110,PA,25-34,F014,"Mcclure, Ward and Lee Bank",TU,R09,Phone,2025-06-18,,Open
D0000144,C000370,OH,65+,F010,Abbott-Munoz Retail,EQF,R10,online,08/12/2025,2025-08-30,Closed
D0003590,C000486,AZ,45-54,F026,Wilkerson-Day Collections,experian,r09,MAIL,08/18/2025,,Open
D0004367,C000477,TX,25-34,F009,Garcia-James Bank,Trans Union,R02,web,02/05/2026,03/31/2026,Closed
D0000758,C000743,GA,55-64,F030,"Snyder, Campos and Callahan Collections",Equifax,R02,PHONE,03/02/2026,04/23/2026,Closed
D0002241,C000651,OH,45-54,F023,Perez Inc Credit,Trans Union,other,web,19-Jan-2025,01-Feb-2025,Closed
D0003869,C000597,PA,25-34,F013,Arnold Ltd Bank,EXP,R02,online,10-Oct-2025,2025-11-08,Closed
D0001312,C000424,OH,65+,F029,"Ross, Robinson and Bright Collections",Trans Union,R05,MAIL,05/20/2025,07/04/2025,Closed
D0005693,C000799,WA,35-44,F013,Arnold Ltd Bank,Experian,r08,Mail,2025-04-01,2025-04-12,Closed
D0005932,C000467,FL,18-24,F009,Garcia-James Bank,Experian,R03,MAIL,29-Jan-2025,02/25/2025,Closed
D0004864,C000034,WA,18-24,F023,Perez Inc Credit,experian,R05,online,2026-02-02,2026-01-30,Closed
D0002045,C000340,AZ,35-44,F024,Morales-Jones Auto,EQUIFAX,r06,phone,03/23/2025,,Open
D0000713,,MI,25-34,F014,"Mcclure, Ward and Lee Bank",experian,R06,Online,11/19/2025,2025-12-19,Closed
D0001303,C000282,AZ,35-44,F010,Abbott-Munoz Retail,experian,R08,phone,02/16/2026,2026-03-04,Closed
D0000506,C000154,NC,18-24,F013,Arnold Ltd Bank,TransUnion,R09,call center,22-Mar-2025,04/29/2025,Closed
D0002695,C000341,NC,45-54,F012,Dudley Group Auto,transunion,R02,Phone,03-Apr-2026,04/27/2026,Closed
D0005104,C000483,CA,18-24,F018,"Flowers, Martin and Kelly Bank",experian,R10,mail,2026-03-22,04/03/2026,Closed
D0000626,C000757,AZ,55-64,F005,"Guzman, Hoffman and Baldwin Collections",Experian,R06,mail,2026-03-29,2026-04-17,Closed
D0002212,,PA,55-64,F003,"Mcclain, Miller and Henderson Bank",EQF,R08,PHONE,12-Jan-2025,2025-02-05,Closed
D0003669,C000468,WA,25-34,F017,James Group Collections,EQUIFAX,R04,Mail,06/06/2025,2025-06-12,Closed
D0001411,C000798,MI,55-64,F001,"Rodriguez, Figueroa and Sanchez Collections",TU,R07,mail,15-Apr-2026,04/19/2026,Closed
D0000512,C000506,IL,55-64,F011,Blair PLC Retail,Experian,R01,Phone,02/19/2025,09-Apr-2025,Closed
D0002131,C000668,GA,35-44,F002,Doyle Ltd Collections,Experian,R09,Phone,03/08/2026,03/11/2026,Closed
D0000312,C000131,NC,25-34,F022,"Watts, Robinson and Nguyen Bank",Trans Union,R08,PHONE,04-Nov-2025,16-Nov-2025,Closed
D0001679,C000569,PA,55-64,F016,Galloway-Wyatt Collections,Experian,R06,Phone,25-Jul-2026,09-Aug-2026,Closed
D0000186,C000347,OH,55-64,F030,"Snyder, Campos and Callahan Collections",equifax,R09,Mail,2025-03-03,,Open
D0002718,C000282,AZ,35-44,F009,Garcia-James Bank,EQF,R09,Online,02/02/2026,02/05/2026,Closed
D0003606,C000113,WA,35-44,F015,Williams and Sons Retail,Equifax,R05,PHONE,02/20/2025,09-Mar-2025,Closed
D0003963,C000636,OH,65+,F014,"Mcclure, Ward and Lee Bank",EQUIFAX,R03,PHONE,2025-05-18,05/23/2025,Closed
D0002095,C000295,MI,35-44,F028,"Hoffman, Baker and Richards Auto",experian,R10,Mail,14-Jul-2025,07/30/2025,Closed
D0003548,C000344,TX,65+,F018,"Flowers, Martin and Kelly Bank",Experian,R10,call center,02/09/2026,02-Mar-2026,Closed
D0003820,C000322,NY,65+,F013,Arnold Ltd Bank,Trans Union,R03,Phone,04/22/2026,,Closed
D0001857,C000017,GA,55-64,F025,"Walter, Edwards and Rios Bank",transunion,R04,PHONE,04-Feb-2025,02/09/2025,Closed
D0003731,C000099,TX,35-44,F004,Davis and Sons Bank,transunion,R04,ONLINE,2025-09-23,28-Sep-2025,Closed
D0003077,C000205,IL,55-64,F027,Baker and Sons Retail,EQUIFAX,R05,online,07/20/2025,07/24/2025,Closed
D0002064,C000797,MI,65+,F011,Blair PLC Retail,Trans Union,R02,mail,02/24/2025,2025-03-22,Closed
D0000913,C000332,NC,55-64,F005,"Guzman, Hoffman and Baldwin Collections",Experian,R08,mail,01/14/2025,2025-02-10,Closed
D0000855,C000303,AZ,25-34,F007,Blake and Sons Credit,EXP,R10,web,17-Jan-2026,2026-01-21,Closed
D0001794,C000767,NY,25-34,F003,"Mcclain, Miller and Henderson Bank",experian,R09,mail,2026-04-20,29-Apr-2026,Closed
D0005995,C000013,NC,25-34,F017,James Group Collections,TU,R09,MAIL,2026-06-07,,Open
D0000978,C000595,FL,45-54,F017,James Group Collections,equifax,R07,online,2025-11-03,2025-11-16,Closed
D0005619,C000450,GA,55-64,F009,Garcia-James Bank,Experian,R05,MAIL,14-May-2026,2026-05-27,Closed
D0000613,C000007,NC,18-24,F020,"Reid, Ferguson and Sanchez Bank",EXP,R10,Online,,02-Mar-2025,Closed
D0001565,C000586,NC,45-54,F002,Doyle Ltd Collections,Equifax,R01,ONLINE,15-Aug-2025,09/06/2025,Closed
D0005214,C000143,CA,45-54,F029,"Ross, Robinson and Bright Collections",Experian,R01,Mail,2025-10-07,2025-10-30,Closed
D0002701,C000779,TX,45-54,F028,"Hoffman, Baker and Richards Auto",EXP,R01,Online,2026-04-21,29-Apr-2026,Closed
D0002759,C000547,FL,65+,F004,Davis and Sons Bank,TU,R09,PHONE,2026-05-18,,Open
D0001300,C000207,CA,65+,F026,Wilkerson-Day Collections,EQUIFAX,R10,web,11/04/2025,2025-11-14,Closed
D0000057,C000232,CA,35-44,F010,Abbott-Munoz Retail,Experian,R02,MAIL,24-Mar-2025,2025-05-18,Closed
D0002969,C000444,IL,55-64,F003,"Mcclain, Miller and Henderson Bank",EQF,R01,Online,28-Feb-2026,29-Mar-2026,Closed
D0002919,C000346,IL,35-44,F010,Abbott-Munoz Retail,Equifax,R10,Phone,2025-12-01,12/11/2025,Closed
D0000308,C000697,WA,25-34,F004,Davis and Sons Bank,Trans Union,R05,ONLINE,08-Feb-2026,03/14/2026,Closed
D0001528,C000694,CA,35-44,F014,"Mcclure, Ward and Lee Bank",transunion,R04,MAIL,06-Nov-2025,11/12/2025,Closed
D0000710,C000485,WA,25-34,F026,Wilkerson-Day Collections,EQF,R04,Online,2026-04-09,2026-04-21,Closed
D0003099,C000120,CA,55-64,F023,Perez Inc Credit,experian,other,Online,09/16/2025,02-Oct-2025,Closed
D0002018,C000444,IL,55-64,F025,"Walter, Edwards and Rios Bank",equifax,R02,PHONE,04-Oct-2025,2025-10-20,Closed
D0004506,C000456,FL,45-54,F026,Wilkerson-Day Collections,Experian,R10,Online,2026-04-18,,Open
D0003962,C000101,CA,25-34,F009,Garcia-James Bank,transunion,R06,MAIL,09/01/2025,09/05/2025,Closed
D0004226,C000711,AZ,45-54,F021,Gray-Mayo Collections,experian,R09,mail,08/05/2025,2025-08-18,Closed
D0003809,C000218,IL,55-64,F009,Garcia-James Bank,equifax,R03,Mail,07/08/2025,,Open
D0003858,C000704,IL,25-34,F017,James Group Collections,Experian,R10,Online,2026-04-08,,Open
D0002877,C000216,OH,25-34,,Williams and Sons Retail,experian,R08,Online,30-Aug-2025,06-Sep-2025,Closed
D0002734,C000450,GA,55-64,F022,"Watts, Robinson and Nguyen Bank",transunion,R06,Mail,2026-07-28,16-Aug-2026,Closed
D0003531,C000271,MI,55-64,F030,"Snyder, Campos and Callahan Collections",Experian,r02,phone,04/02/2025,04/06/2025,Closed
D0002328,C000197,TX,18-24,F010,Abbott-Munoz Retail,Trans Union,R05,online,2025-12-05,21-Dec-2025,Closed
D0002652,C000635,NC,45-54,F019,"Adams, Zuniga and Wong Auto",EQUIFAX,R08,Online,25-May-2026,06/22/2026,Closed
D0005262,C000725,MI,25-34,F021,Gray-Mayo Collections,transunion,R04,web,02/06/2025,01-Mar-2025,Closed
D0005890,C000030,TX,55-64,F020,"Reid, Ferguson and Sanchez Bank",Experian,R03,PHONE,20-Jan-2025,16-Feb-2025,Closed
D0002441,C000593,IL,45-54,F004,Davis and Sons Bank,transunion,R05,call center,04/20/2026,04/30/2026,Closed
D0000528,C000668,GA,35-44,F008,"Henderson, Ramirez and Lewis Auto",Equifax,R01,phone,11/26/2025,2025-12-16,Closed
D0004148,C000732,IL,45-54,F014,"Mcclure, Ward and Lee Bank",Trans Union,R01,call center,2026-05-29,2026-06-04,Closed
D0002763,C000348,TX,25-34,F022,"Watts, Robinson and Nguyen Bank",Equifax,R02,phone,2025-11-28,2025-12-19,Closed
D0000858,C000409,PA,65+,F020,"Reid, Ferguson and Sanchez Bank",equifax,R03,call center,29-Aug-2026,2026-09-02,Closed
D0001722,C000219,GA,35-44,F021,Gray-Mayo Collections,transunion,R10,mail,28-Feb-2025,16-Apr-2025,Closed
D0001173,C000440,GA,35-44,F007,Blake and Sons Credit,experian,R04,PHONE,10/02/2025,10/30/2025,Closed
D0002775,C000319,WA,65+,F005,"Guzman, Hoffman and Baldwin Collections",TU,R07,Online,09/27/2025,22-Oct-2025,Closed
D0001769,C000436,FL,45-54,F014,"Mcclure, Ward and Lee Bank",Experian,R06,phone,2025-08-11,20-Aug-2025,Closed
D0002789,C000440,GA,35-44,F021,Gray-Mayo Collections,EXP,r04,online,2025-09-20,15-Oct-2025,Closed
D0005053,C000302,GA,45-54,F010,Abbott-Munoz Retail,Trans Union,R09,call center,10-Dec-2025,2025-12-24,Closed
D0002889,C000002,CA,65+,F023,Perez Inc Credit,EQUIFAX,R03,Online,2025-05-15,09-Jun-2025,Closed
D0005977,C000466,IL,35-44,F014,"Mcclure, Ward and Lee Bank",Equifax,R01,PHONE,26-Aug-2026,22-Sep-2026,Closed
D0002258,C000031,IL,65+,F004,Davis and Sons Bank,Experian,R02,MAIL,29-Sep-2025,2025-10-21,Closed
D0000983,C000738,WA,55-64,,"Reid, Ferguson and Sanchez Bank",experian,R05,online,02/15/2026,2026-02-25,Closed
D0001159,C000790,PA,65+,F030,"Snyder, Campos and Callahan Collections",Trans Union,R03,web,01/30/2025,01-Mar-2025,Closed
D0000377,C000391,AZ,18-24,F014,"Mcclure, Ward and Lee Bank",experian,R09,ONLINE,03/27/2025,2025-05-16,Closed
D0004263,C000691,AZ,25-34,F008,"Henderson, Ramirez and Lewis Auto",EXP,R04,MAIL,2026-06-04,06/11/2026,Closed
D0001272,C000318,MI,25-34,F021,Gray-Mayo Collections,Equifax,R10,ONLINE,21-Dec-2025,01/03/2026,Closed
D0003981,C000118,FL,25-34,F001,"Rodriguez, Figueroa and Sanchez Collections",Equifax,R07,web,05-Jun-2025,07/02/2025,Closed
D0003695,C000244,NY,25-34,F017,James Group Collections,equifax,R01,ONLINE,2025-06-30,27-Jul-2025,Closed
D0001948,C000473,WA,45-54,F027,Baker and Sons Retail,EXP,R10,MAIL,2026-01-31,02/26/2026,Closed
D0000042,C000393,CA,25-34,F008,"Henderson, Ramirez and Lewis Auto",Experian,R08,MAIL,03-Apr-2026,13-May-2026,Closed
D0003694,C000458,IL,65+,F004,Davis and Sons Bank,Trans Union,R05,Mail,2025-11-08,2025-12-11,Closed
D0003431,C000721,TX,65+,F020,"Reid, Ferguson and Sanchez Bank",TU,R09,ONLINE,2025-03-06,2025-04-20,Closed
D0004360,C000581,TX,18-24,F014,"Mcclure, Ward and Lee Bank",Trans Union,R02,Mail,07/18/2025,,Open
D0000208,C000043,AZ,35-44,F020,"Reid, Ferguson and Sanchez Bank",TransUnion,R01,web,2026-01-25,20-Feb-2026,Closed
D0005537,C000754,TX,45-54,F013,Arnold Ltd Bank,experian,R07,Online,22-Aug-2026,2026-09-20,Closed
D0005227,C000002,CA,65+,F026,Wilkerson-Day Collections,Trans Union,R05,phone,10-Jan-2025,2025-02-26,Closed
D0005758,C000138,OH,45-54,F010,Abbott-Munoz Retail,TransUnion,R01,Mail,2026-04-07,2026-04-05,Closed
D0005974,C000267,CA,18-24,F007,Blake and Sons Credit,experian,R09,mail,11/04/2025,2025-11-20,Closed
D0001611,C000588,TX,45-54,F025,"Walter, Edwards and Rios Bank",Trans Union,R07,Mail,2025-07-22,21-Aug-2025,Closed
D0003865,C000458,IL,65+,F027,Baker and Sons Retail,TU,r09,PHONE,03/20/2026,2026-04-25,Closed
D0005464,C000067,MI,45-54,F022,"Watts, Robinson and Nguyen Bank",EXP,R07,online,12/26/2025,,Open
D0003017,C000590,NY,45-54,F012,Dudley Group Auto,EQUIFAX,R10,MAIL,2025-12-22,02/14/2026,Closed
D0001960,C000655,NY,25-34,F016,Galloway-Wyatt Collections,Experian,R03,web,08-Sep-2025,2025-09-21,Closed
D0003696,C000086,NY,45-54,F022,"Watts, Robinson and Nguyen Bank",experian,R02,call center,2025-07-08,2025-08-03,Closed
D0001933,C000442,FL,35-44,F027,Baker and Sons Retail,Trans Union,R03,phone,2026-03-14,04-May-2026,Closed
D0002988,C000277,NC,65+,F006,"Gardner, Robinson and Lawrence Credit",TU,R01,Mail,06-Aug-2025,29-Aug-2025,Closed
D0001529,C000240,TX,35-44,F025,"Walter, Edwards and Rios Bank",Trans Union,R04,phone,18-Mar-2026,04/05/2026,Closed
D0000415,C000649,OH,18-24,F008,"Henderson, Ramirez and Lewis Auto",experian,R04,Online,2025-08-16,09/04/2025,Closed
D0004425,C000205,IL,55-64,F015,Williams and Sons Retail,Trans Union,R04,mail,2026-04-09,04/22/2026,Closed
D0004880,C000417,OH,55-64,F013,Arnold Ltd Bank,EXP,R04,mail,2026-02-10,02/14/2026,Closed
D0005274,C000754,TX,45-54,F017,James Group Collections,TransUnion,R07,online,29-Dec-2025,02/13/2026,Closed
D0003053,C000613,WA,25-34,F013,Arnold Ltd Bank,TU,R04,web,2025-11-03,02-Dec-2025,Closed
D0004100,C000244,NY,25-34,F020,"Reid, Ferguson and Sanchez Bank",EQF,R04,PHONE,06/20/2025,2025-07-09,Closed
D0000788,C000336,NC,45-54,F006,"Gardner, Robinson and Lawrence Credit",transunion,R04,PHONE,30-Jun-2026,18-Jul-2026,Closed
D0004232,C000197,TX,18-24,F025,"Walter, Edwards and Rios Bank",transunion,R06,phone,2026-03-15,26-Mar-2026,Closed
D0004098,C000784,MI,18-24,F014,"Mcclure, Ward and Lee Bank",Experian,R02,mail,08/09/2025,,Open
D0003114,C000049,NY,45-54,F010,Abbott-Munoz Retail,Equifax,R08,Phone,2025-10-01,2025-10-18,Closed
D0005711,C000161,PA,35-44,F016,Galloway-Wyatt Collections,EQF,R06,MAIL,04-Feb-2025,03/24/2025,Closed
D0005374,C000509,CA,55-64,F024,Morales-Jones Auto,TransUnion,other,phone,2026-04-04,04/24/2026,Closed
D0005663,C000596,NC,25-34,F010,Abbott-Munoz Retail,Trans Union,R01,mail,07/17/2025,2025-08-16,Closed
D0002862,C000419,OH,18-24,F002,Doyle Ltd Collections,EXP,R04,Online,2026-02-14,2026-02-26,Closed
D0004262,C000464,OH,65+,F012,Dudley Group Auto,experian,R07,mail,2026-05-22,2026-06-13,Closed
D0005055,,NC,45-54,F002,Doyle Ltd Collections,TransUnion,R08,PHONE,2026-02-04,26-Feb-2026,Closed
D0004626,C000278,WA,65+,F009,Garcia-James Bank,experian,R04,online,2026-08-12,2026-09-01,Closed
D0002812,C000596,NC,25-34,F010,Abbott-Munoz Retail,TU,R07,Mail,04/28/2026,05/10/2026,Closed
D0004979,C000289,WA,35-44,F006,"Gardner, Robinson and Lawrence Credit",EQUIFAX,R04,Phone,2026-03-05,03/14/2026,Closed
D0003453,C000419,OH,18-24,F006,"Gardner, Robinson and Lawrence Credit",EQUIFAX,R08,ONLINE,02/28/2025,,Closed
D0002014,C000093,MI,25-34,F022,"Watts, Robinson and Nguyen Bank",experian,R07,online,19-Jun-2026,06-Jul-2026,Closed
D0003979,C000737,AZ,65+,F010,Abbott-Munoz Retail,EXP,R06,Online,2026-07-21,04-Aug-2026,Closed
D0001517,C000597,PA,25-34,F027,Baker and Sons Retail,TU,R02,phone,2026-08-31,2026-09-08,Closed
D0005291,C000150,GA,25-34,F007,Blake and Sons Credit,EQF,R10,MAIL,26-Jun-2026,2026-07-20,Closed
D0002275,C000419,OH,18-24,F007,Blake and Sons Credit,Trans Union,R05,MAIL,07-Dec-2025,16-Jan-2026,Closed
D0001776,C000724,NC,35-44,F013,Arnold Ltd Bank,EQF,R03,call center,11/30/2025,25-Dec-2025,Closed
D0004480,C000461,NC,35-44,F018,"Flowers, Martin and Kelly Bank",EQF,R05,Phone,01/12/2026,,Open
D0000962,C000682,AZ,65+,F026,Wilkerson-Day Collections,EXP,R09,online,02/12/2025,2025-03-13,Closed
D0004534,C000237,CA,35-44,F004,Davis and Sons Bank,EXP,R04,web,11-Mar-2026,04/28/2026,Closed
D0003015,C000292,AZ,45-54,F024,Morales-Jones Auto,transunion,R08,web,28-Apr-2026,05/18/2026,Closed
D0001244,C000440,GA,35-44,F017,James Group Collections,Experian,r04,online,10-Mar-2025,2025-05-04,Closed
D0003648,C000121,NC,25-34,F003,"Mcclain, Miller and Henderson Bank",EXP,R04,phone,25-May-2025,29-May-2025,Closed
D0002435,C000229,CA,18-24,,"Mcclure, Ward and Lee Bank",experian,R08,Phone,2026-04-23,26-May-2026,Closed
D0005373,C000040,AZ,35-44,F004,Davis and Sons Bank,Experian,R08,mail,05/06/2026,21-May-2026,Closed
D0003545,C000408,AZ,45-54,F005,"Guzman, Hoffman and Baldwin Collections",Equifax,R09,ONLINE,10-Jan-2026,02/12/2026,Closed
D0000588,C000483,CA,18-24,F001,"Rodriguez, Figueroa and Sanchez Collections",equifax,r01,ONLINE,10/09/2025,11/10/2025,Closed
D0000997,C000112,WA,25-34,F007,Blake and Sons Credit,Experian,XX99,MAIL,08-Jul-2026,2026-08-03,Closed
D0003097,C000564,AZ,45-54,F006,"Gardner, Robinson and Lawrence Credit",TransUnion,R06,MAIL,01/24/2025,02/22/2025,Closed
D0000460,C000191,PA,25-34,F012,Dudley Group Auto,experian,R06,PHONE,09-Sep-2025,,Open
D0001251,C000189,WA,35-44,F009,Garcia-James Bank,Experian,R01,Phone,,2025-10-23,Closed
D0005824,C000319,WA,65+,F004,Davis and Sons Bank,experian,R07,Online,07/14/2025,2025-08-07,Closed
D0004200,C000695,GA,18-24,F027,Baker and Sons Retail,transunion,R01,phone,2026-07-20,2026-07-31,Closed
D0004637,C000787,GA,65+,F014,"Mcclure, Ward and Lee Bank",Trans Union,R10,Mail,2025-09-14,25-Sep-2025,Closed
D0005861,C000769,NY,18-24,F016,Galloway-Wyatt Collections,TransUnion,R07,Phone,2025-03-26,20-Apr-2025,Closed
D0001766,C000598,MI,55-64,F004,Davis and Sons Bank,EQUIFAX,R09,MAIL,2026-03-19,08-May-2026,Closed
D0005443,C000587,TX,25-34,F029,"Ross, Robinson and Bright Collections",EXP,R06,Online,20-Jul-2025,07/24/2025,Closed
D0004568,C000289,WA,35-44,F001,"Rodriguez, Figueroa and Sanchez Collections",Experian,R06,Online,2026-03-02,03/13/2026,Closed
D0003595,C000073,NY,65+,F026,Wilkerson-Day Collections,Trans Union,R07,web,10/25/2025,31-Oct-2025,Closed
D0002683,C000167,FL,35-44,F011,Blair PLC Retail,EQF,R10,Mail,,05/14/2026,Closed
D0001492,C000053,AZ,35-44,F022,"Watts, Robinson and Nguyen Bank",Experian,,ONLINE,26-Apr-2026,,Open
D0005334,C000586,NC,45-54,F030,"Snyder, Campos and Callahan Collections",Trans Union,r05,MAIL,05-Dec-2025,07-Jan-2026,Closed
D0002250,C000750,OH,55-64,F008,"Henderson, Ramirez and Lewis Auto",Experian,R01,Phone,02/13/2026,26-Mar-2026,Closed
D0000692,C000703,NC,55-64,F030,"Snyder, Campos and Callahan Collections",experian,R08,web,2026-07-31,08/17/2026,Closed
D0000812,,MI,55-64,F012,Dudley Group Auto,TU,R10,online,01/25/2026,02/20/2026,Closed
D0002847,C000792,WA,45-54,F017,James Group Collections,Experian,R06,online,2025-10-23,31-Oct-2025,Closed
D0001595,C000620,AZ,25-34,F003,"Mcclain, Miller and Henderson Bank",EXP,R05,call center,05/31/2025,2025-06-11,Closed
D0000947,C000313,NY,18-24,F025,"Walter, Edwards and Rios Bank",EXP,R06,call center,05/17/2025,05/21/2025,Closed
D0002474,C000176,NC,18-24,F027,Baker and Sons Retail,experian,R03,phone,09-Jul-2026,2026-08-15,Closed
D0002744,C000534,MI,65+,F009,Garcia-James Bank,TransUnion,R04,mail,02/10/2025,19-Feb-2025,Closed
D0005672,C000528,PA,18-24,F022,"Watts, Robinson and Nguyen Bank",EQUIFAX,R05,web,08/13/2026,,Open
D0000571,C000234,NY,45-54,F023,Perez Inc Credit,equifax,R01,web,13-Apr-2026,2026-05-22,Closed
D0003393,C000421,OH,18-24,F028,"Hoffman, Baker and Richards Auto",experian,R02,Mail,2026-03-15,04/01/2026,Closed
D0004261,C000789,GA,45-54,F006,"Gardner, Robinson and Lawrence Credit",EXP,r07,ONLINE,2026-05-27,06/03/2026,Closed
D0002577,C000242,MI,65+,F016,Galloway-Wyatt Collections,EQF,R10,Phone,07/11/2026,03-Aug-2026,Closed
D0002122,C000607,NY,45-54,F003,"Mcclain, Miller and Henderson Bank",transunion,R06,mail,2025-01-02,01/23/2025,Closed
D0003236,C000683,CA,55-64,F007,Blake and Sons Credit,EXP,R08,Mail,,03/05/2026,Closed
D0005734,C000596,NC,25-34,F027,Baker and Sons Retail,EQUIFAX,R07,phone,13-Jan-2025,2025-01-24,Closed
D0005942,C000686,MI,35-44,F022,"Watts, Robinson and Nguyen Bank",Equifax,R04,Mail,05-Apr-2025,2025-04-23,Closed
D0001839,,FL,65+,F017,James Group Collections,Trans Union,R06,ONLINE,2026-01-20,31-Jan-2026,Closed
D0002679,C000473,WA,45-54,F002,Doyle Ltd Collections,EXP,R05,Phone,2026-03-25,04/27/2026,Closed
D0004388,C000478,IL,25-34,F024,Morales-Jones Auto,EQF,,PHONE,03-Mar-2025,2025-03-15,Closed
D0003764,C000619,PA,65+,F010,Abbott-Munoz Retail,EQF,R10,Online,05/01/2025,12-May-2025,Closed
D0002314,C000737,AZ,65+,F021,Gray-Mayo Collections,Experian,R07,Phone,25-Dec-2025,,Closed
D0001860,,TX,18-24,F009,Garcia-James Bank,TransUnion,R06,mail,05/31/2026,07/12/2026,Closed
D0004708,C000571,NC,45-54,F028,"Hoffman, Baker and Richards Auto",Experian,other,Mail,24-Feb-2025,26-Mar-2025,Closed
D0003149,C000333,OH,45-54,F028,"Hoffman, Baker and Richards Auto",transunion,R06,Online,03-Dec-2025,2025-12-14,Closed
D0003179,C000659,FL,45-54,F004,Davis and Sons Bank,experian,R04,MAIL,2025-01-23,2025-03-06,Closed
D0005611,C000209,AZ,18-24,F016,Galloway-Wyatt Collections,EXP,R05,MAIL,2026-07-20,,Open
D0001844,C000257,AZ,25-34,F014,"Mcclure, Ward and Lee Bank",EQF,R04,Mail,15-Jan-2025,02/25/2025,Closed
D0005777,C000444,IL,55-64,F025,"Walter, Edwards and Rios Bank",Experian,r02,phone,06-Nov-2025,2025-12-21,Closed
D0005134,C000676,MI,35-44,F018,"Flowers, Martin and Kelly Bank",EXP,R08,Phone,04/22/2026,,Open
D0004472,C000505,GA,45-54,F009,Garcia-James Bank,TU,,MAIL,2026-08-21,10/01/2026,Closed
D0003540,C000594,GA,45-54,F006,"Gardner, Robinson and Lawrence Credit",TU,R10,Mail,09/12/2025,10/09/2025,Closed
D0000098,C000557,TX,45-54,F026,Wilkerson-Day Collections,Trans Union,R01,online,01/20/2025,02/03/2025,Closed
D0004972,C000289,WA,35-44,F013,Arnold Ltd Bank,Trans Union,R02,MAIL,29-Sep-2025,,Open
D0002521,C000593,IL,45-54,F030,"Snyder, Campos and Callahan Collections",Trans Union,R05,phone,31-Jan-2026,27-Mar-2026,Closed
D0003850,C000541,GA,45-54,F024,Morales-Jones Auto,TU,R06,mail,16-Apr-2026,2026-05-02,Closed
D0003040,C000039,IL,45-54,F026,Wilkerson-Day Collections,Equifax,R04,Phone,06/19/2025,07/09/2025,Closed
D0002315,C000134,FL,45-54,F022,"Watts, Robinson and Nguyen Bank",TU,R07,mail,13-Jan-2026,02/07/2026,Closed
D0004933,C000212,WA,55-64,F023,Perez Inc Credit,TU,R09,phone,2026-02-04,2026-02-25,Closed
D0003831,C000214,IL,55-64,F027,Baker and Sons Retail,Equifax,R07,PHONE,08/25/2025,09/10/2025,Closed
D0001474,C000198,NC,25-34,F011,Blair PLC Retail,EQF,R04,MAIL,01/27/2025,15-Feb-2025,Closed
D0000330,C000419,OH,18-24,F004,Davis and Sons Bank,Experian,R03,mail,05/04/2025,2025-05-23,Closed
D0003160,C000469,OH,18-24,F029,"Ross, Robinson and Bright Collections",TransUnion,R05,Mail,2026-04-01,15-Apr-2026,Closed
D0000852,C000314,CA,25-34,F011,Blair PLC Retail,Experian,R10,MAIL,05/08/2026,2026-05-26,Closed
D0003807,C000798,MI,55-64,F016,Galloway-Wyatt Collections,transunion,R08,phone,2026-08-02,09/14/2026,Closed
D0003773,C000035,CA,65+,F003,"Mcclain, Miller and Henderson Bank",EXP,R07,MAIL,2025-01-10,31-Jan-2025,Closed
D0005372,C000746,OH,25-34,F016,Galloway-Wyatt Collections,experian,R01,Phone,07/14/2025,09/06/2025,Closed
D0005213,C000705,IL,45-54,F027,Baker and Sons Retail,EXP,R04,web,2025-10-02,01-Nov-2025,Closed
D0003519,C000178,MI,18-24,F024,Morales-Jones Auto,Experian,R01,Phone,2025-07-25,02-Aug-2025,Closed
D0001701,C000468,WA,25-34,F025,"Walter, Edwards and Rios Bank",Equifax,R10,phone,08/25/2025,,Open
D0004127,C000679,CA,65+,F007,Blake and Sons Credit,transunion,R07,ONLINE,19-Mar-2026,04/14/2026,Closed
D0000753,C000235,NY,18-24,F024,Morales-Jones Auto,Trans Union,R05,phone,13-Jan-2026,2026-01-25,Closed
D0003718,C000777,PA,55-64,F013,Arnold Ltd Bank,EQUIFAX,R05,online,2025-10-04,10/29/2025,Closed
D0003038,C000384,OH,35-44,F019,"Adams, Zuniga and Wong Auto",TransUnion,R07,phone,2025-07-11,2025-08-06,Closed
D0002868,C000178,MI,18-24,F004,Davis and Sons Bank,EQUIFAX,R07,Phone,2026-05-17,06/15/2026,Closed
D0000635,C000315,GA,55-64,F027,Baker and Sons Retail,Equifax,R03,Online,09-Mar-2025,04/27/2025,Closed
D0001496,C000762,NC,25-34,F022,"Watts, Robinson and Nguyen Bank",EXP,R06,call center,2026-01-21,09-Feb-2026,Closed
D0001622,C000547,FL,65+,F012,Dudley Group Auto,TU,R01,mail,02/17/2026,2026-03-11,Closed
D0005147,C000447,NC,25-34,F019,"Adams, Zuniga and Wong Auto",Experian,R04,MAIL,06/10/2025,2025-07-25,Closed
D0003052,C000562,PA,65+,F022,"Watts, Robinson and Nguyen Bank",experian,R10,ONLINE,,11/30/2025,Closed
D0001230,C000522,WA,35-44,F006,"Gardner, Robinson and Lawrence Credit",Experian,R09,Mail,17-Oct-2025,2025-10-24,Closed
D0004859,C000385,PA,35-44,F006,"Gardner, Robinson and Lawrence Credit",Equifax,R04,mail,,2025-06-28,Closed
D0005851,,NC,25-34,F028,"Hoffman, Baker and Richards Auto",Equifax,,MAIL,31-May-2025,04-Jun-2025,Closed
D0002306,C000581,TX,18-24,F004,Davis and Sons Bank,Experian,R09,call center,08/27/2025,18-Sep-2025,Closed
D0005052,C000773,MI,35-44,F003,"Mcclain, Miller and Henderson Bank",transunion,R09,Phone,05/14/2025,11-Jun-2025,Closed
D0000752,C000107,GA,55-64,F010,Abbott-Munoz Retail,EXP,R06,Mail,2025-09-15,,Open
D0005755,C000382,PA,35-44,F001,"Rodriguez, Figueroa and Sanchez Collections",TU,r05,mail,2026-07-03,06-Aug-2026,Closed
D0001917,C000323,WA,18-24,,Davis and Sons Bank,EQF,see notes,call center,01/31/2025,2025-03-14,Closed
D0005876,C000121,NC,25-34,F024,Morales-Jones Auto,Experian,,MAIL,16-Aug-2026,09/11/2026,Closed
D0000176,C000074,NY,65+,F003,"Mcclain, Miller and Henderson Bank",experian,R09,mail,2025-06-15,2025-07-08,Closed
D0004951,C000286,NC,35-44,F004,Davis and Sons Bank,EXP,R05,mail,07/29/2026,08/25/2026,Closed
D0002686,C000795,NY,18-24,F005,"Guzman, Hoffman and Baldwin Collections",experian,R06,ONLINE,08/21/2025,2025-10-06,Closed
D0005226,C000209,AZ,18-24,F020,"Reid, Ferguson and Sanchez Bank",equifax,R05,call center,,2026-06-23,Closed
D0001669,C000553,AZ,45-54,F012,Dudley Group Auto,Experian,R10,phone,25-Jan-2026,02/16/2026,Closed
D0004180,C000703,NC,55-64,F030,"Snyder, Campos and Callahan Collections",EXP,R01,Phone,30-May-2025,24-Jun-2025,Closed
D0003893,C000623,MI,35-44,F022,"Watts, Robinson and Nguyen Bank",equifax,R02,PHONE,07/26/2025,08/17/2025,Closed
D0003196,C000033,MI,25-34,F012,Dudley Group Auto,EQUIFAX,r05,phone,10/25/2025,10/30/2025,Closed
D0000138,C000719,MI,45-54,F018,"Flowers, Martin and Kelly Bank",transunion,R03,PHONE,11/18/2025,08-Jan-2026,Closed
D0001125,C000344,TX,65+,F020,"Reid, Ferguson and Sanchez Bank",EQF,R03,mail,11/17/2025,11/29/2025,Closed
D0004841,C000768,NC,35-44,F009,Garcia-James Bank,Trans Union,R02,online,07/21/2026,2026-07-25,Closed
D0005643,C000218,IL,55-64,F015,Williams and Sons Retail,equifax,R09,call center,26-May-2026,12-Jun-2026,Closed
D0001673,C000004,FL,25-34,F019,"Adams, Zuniga and Wong Auto",equifax,R07,phone,11-Mar-2025,11-Apr-2025,Closed
D0000008,C000079,IL,55-64,F021,Gray-Mayo Collections,equifax,R08,web,04/03/2025,2025-04-20,Closed
D0002192,C000657,MI,45-54,F021,Gray-Mayo Collections,EQUIFAX,R03,Online,2026-03-18,,Open
D0003124,C000450,GA,55-64,F004,Davis and Sons Bank,EQUIFAX,R04,Online,03/20/2026,2026-04-17,Closed
D0000137,C000132,WA,55-64,F004,Davis and Sons Bank,TU,R06,mail,01-Feb-2026,14-Feb-2026,Closed
D0002537,C000317,PA,65+,F010,Abbott-Munoz Retail,transunion,R09,online,08/14/2025,2025-09-29,Closed
D0000887,C000717,AZ,65+,F020,"Reid, Ferguson and Sanchez Bank",EQUIFAX,R09,mail,10-Aug-2025,,Open
D0001814,C000178,MI,18-24,F029,"Ross, Robinson and Bright Collections",Experian,R10,Mail,15-Sep-2025,10/06/2025,Closed
D0000270,C000602,NC,35-44,F020,"Reid, Ferguson and Sanchez Bank",TransUnion,XX99,mail,30-Mar-2025,2025-04-29,Closed
D0000508,C000129,IL,65+,F030,"Snyder, Campos and Callahan Collections",Experian,R07,web,2026-07-05,08/26/2026,Closed
D0004002,C000310,TX,25-34,F018,"Flowers, Martin and Kelly Bank",TU,R09,mail,12-Jul-2026,07/27/2026,Closed
D0004331,C000392,AZ,18-24,F026,Wilkerson-Day Collections,transunion,R07,online,17-Jul-2026,2026-07-29,Closed
D0002731,C000515,NY,55-64,F026,Wilkerson-Day Collections,Trans Union,R06,Mail,2026-03-11,28-Mar-2026,Closed
D0001862,C000052,NC,25-34,F025,"Walter, Edwards and Rios Bank",equifax,R07,Mail,2025-12-29,18-Jan-2026,Closed
D0003495,C000433,IL,35-44,F007,Blake and Sons Credit,Experian,R01,Mail,07/20/2025,16-Aug-2025,Closed
D0001487,C000480,IL,18-24,F015,Williams and Sons Retail,equifax,R01,Online,24-Feb-2025,18-Mar-2025,Closed
D0002511,C000015,WA,55-64,F013,Arnold Ltd Bank,TransUnion,r08,online,05-Aug-2026,30-Aug-2026,Closed
D0001845,C000069,OH,25-34,F019,"Adams, Zuniga and Wong Auto",TU,R07,PHONE,12-May-2025,,Open
D0002699,C000470,WA,55-64,F010,Abbott-Munoz Retail,Equifax,R02,PHONE,08/23/2026,2026-08-27,Closed
D0005578,C000241,NC,45-54,F020,"Reid, Ferguson and Sanchez Bank",Trans Union,R02,MAIL,2025-11-10,2025-11-15,Closed
D0000285,C000454,GA,18-24,F015,Williams and Sons Retail,Experian,R03,Mail,06-Feb-2025,,Open
D0005756,C000423,TX,45-54,F010,Abbott-Munoz Retail,experian,R08,Online,2026-08-24,,Open
D0001742,C000029,TX,45-54,F018,"Flowers, Martin and Kelly Bank",TU,R04,PHONE,2026-05-05,,Open
D0000785,C000518,GA,65+,F016,Galloway-Wyatt Collections,TransUnion,R03,ONLINE,06/07/2025,26-Jun-2025,Closed
D0001780,C000542,TX,55-64,F010,Abbott-Munoz Retail,Equifax,R09,call center,08-Mar-2025,03-Apr-2025,Closed
D0002965,C000682,AZ,65+,F025,"Walter, Edwards and Rios Bank",EQUIFAX,R10,call center,2026-08-30,22-Sep-2026,Closed
D0002446,C000721,TX,65+,F021,Gray-Mayo Collections,EQUIFAX,R01,phone,29-Dec-2025,2026-02-01,Closed
D0004992,C000130,GA,25-34,F022,"Watts, Robinson and Nguyen Bank",equifax,R04,phone,05/09/2025,14-May-2025,Closed
D0005597,C000155,TX,25-34,F021,Gray-Mayo Collections,Experian,R07,phone,2026-03-16,29-Mar-2026,Closed
D0003029,C000712,NC,35-44,F009,Garcia-James Bank,EQUIFAX,R08,mail,02/11/2026,,Open
D0000773,C000454,GA,18-24,F020,"Reid, Ferguson and Sanchez Bank",EXP,R01,web,10/16/2025,2025-11-02,Closed
D0005812,C000464,OH,65+,F014,"Mcclure, Ward and Lee Bank",Equifax,R09,mail,,2026-07-15,Closed
D0003086,C000078,GA,55-64,F021,Gray-Mayo Collections,experian,r06,mail,2025-06-06,2025-06-25,Closed
D0000254,C000205,IL,55-64,F013,Arnold Ltd Bank,EXP,R07,MAIL,08/14/2025,,Open
D0003755,C000226,WA,45-54,F017,James Group Collections,transunion,R09,web,19-Jun-2025,04-Jul-2025,Closed
D0001007,C000792,WA,45-54,F019,"Adams, Zuniga and Wong Auto",EQUIFAX,R05,online,,13-Apr-2026,Closed
D0001522,C000069,OH,25-34,F020,"Reid, Ferguson and Sanchez Bank",experian,r04,Phone,07/09/2025,,Open
D0002691,C000415,MI,18-24,F007,Blake and Sons Credit,Experian,R02,Online,26-Sep-2025,10/16/2025,Closed
D0003050,C000578,NC,25-34,F018,"Flowers, Martin and Kelly Bank",Experian,r04,call center,07/28/2025,2025-08-06,Closed
D0003032,C000696,MI,35-44,F002,Doyle Ltd Collections,transunion,other,online,01/19/2025,01/24/2025,Closed
D0004286,C000101,CA,25-34,F007,Blake and Sons Credit,TU,R01,Online,07/23/2025,2025-08-19,Closed
D0001810,C000678,WA,35-44,F015,Williams and Sons Retail,Equifax,r03,web,2026-02-19,2026-04-06,Closed
D0005197,C000453,WA,45-54,F017,James Group Collections,experian,R07,online,2026-03-28,02-Apr-2026,Closed
D0005792,C000717,AZ,65+,F008,"Henderson, Ramirez and Lewis Auto",Trans Union,R08,Phone,2025-08-10,09/28/2025,Closed
D0001448,C000533,NY,35-44,F009,Garcia-James Bank,Equifax,R04,Mail,,2025-09-28,Closed
D0004650,C000064,FL,65+,F023,Perez Inc Credit,EXP,R09,MAIL,05/17/2025,22-Jun-2025,Closed
D0004377,C000379,PA,25-34,F021,Gray-Mayo Collections,EXP,R09,ONLINE,2025-01-23,02/14/2025,Closed
D0005041,C000264,CA,18-24,F001,"Rodriguez, Figueroa and Sanchez Collections",experian,R04,Phone,22-Jul-2026,08/10/2026,Closed
D0001636,C000210,NY,35-44,F019,"Adams, Zuniga and Wong Auto",TU,R09,Online,2026-06-23,07/22/2026,Closed
D0004726,C000650,IL,35-44,F017,James Group Collections,experian,R10,PHONE,11-Jun-2026,2026-07-29,Closed
D0003191,C000534,MI,65+,F011,Blair PLC Retail,transunion,R05,MAIL,27-Dec-2025,14-Feb-2026,Closed
D0001329,C000701,FL,25-34,F003,"Mcclain, Miller and Henderson Bank",Trans Union,r02,Phone,04/16/2025,,Open
D0002055,C000274,IL,18-24,F030,"Snyder, Campos and Callahan Collections",transunion,R05,ONLINE,,07/30/2026,Closed
D0005038,C000640,FL,65+,F030,"Snyder, Campos and Callahan Collections",TU,R03,mail,05/25/2026,2026-05-29,Closed
D0004602,,MI,35-44,F029,"Ross, Robinson and Bright Collections",Equifax,XX99,online,20-Nov-2025,2025-12-08,Closed
D0000202,C000324,TX,45-54,F016,Galloway-Wyatt Collections,TransUnion,XX99,Mail,2026-06-29,,Open
D0003730,C000525,FL,35-44,F014,"Mcclure, Ward and Lee Bank",TU,r03,Online,2026-04-28,05/20/2026,Closed
D0002711,C000060,AZ,45-54,F024,Morales-Jones Auto,equifax,R01,mail,02/17/2026,03/08/2026,Closed
D0000970,C000054,CA,25-34,F017,James Group Collections,experian,R05,PHONE,02/18/2025,01-Mar-2025,Closed
D0001345,C000519,MI,45-54,F002,Doyle Ltd Collections,UNK,R06,MAIL,09-Oct-2025,,Open
D0000905,C000047,NY,55-64,F002,Doyle Ltd Collections,Experian,R01,online,2025-01-26,19-Feb-2025,Closed
D0001498,C000452,GA,65+,F024,Morales-Jones Auto,EQF,R02,Mail,29-Aug-2026,,Open
D0003837,,WA,18-24,F023,Perez Inc Credit,TransUnion,r10,ONLINE,2026-02-13,19-Mar-2026,Closed
D0004509,C000410,FL,18-24,F008,"Henderson, Ramirez and Lewis Auto",TransUnion,R05,MAIL,2025-04-29,2025-05-02,Closed
D0001175,C000379,PA,25-34,F008,"Henderson, Ramirez and Lewis Auto",experian,R06,mail,13-Sep-2025,09/27/2025,Closed
D0004379,,NY,25-34,F029,"Ross, Robinson and Bright Collections",Trans Union,R02,Phone,2025-10-04,,Open
D0005834,C000734,FL,55-64,F006,"Gardner, Robinson and Lawrence Credit",EXP,R09,web,19-Jul-2026,2026-08-18,Closed
D0005365,C000547,FL,65+,F003,"Mcclain, Miller and Henderson Bank",EQF,R07,Mail,2025-11-17,10-Dec-2025,Closed
D0003433,C000764,FL,35-44,F014,"Mcclure, Ward and Lee Bank",Equifax,other,call center,2026-07-21,04-Sep-2026,Closed
D0004161,C000330,NY,45-54,F009,Garcia-James Bank,experian,R09,MAIL,29-Oct-2025,25-Nov-2025,Closed
D0001130,C000198,NC,25-34,F027,Baker and Sons Retail,Trans Union,R09,Online,2026-08-29,10-Sep-2026,Closed
D0005953,C000331,AZ,55-64,F026,Wilkerson-Day Collections,experian,R06,mail,11/21/2025,12/31/2025,Closed
D0002792,C000366,FL,45-54,F015,Williams and Sons Retail,TU,R02,PHONE,2026-04-30,05/09/2026,Closed
D0003986,C000250,NY,65+,F004,Davis and Sons Bank,EXP,R03,online,2026-06-08,2026-07-07,Closed
D0003493,C000600,TX,35-44,F030,"Snyder, Campos and Callahan Collections",EQF,R06,Mail,2026-06-28,2026-07-24,Closed
D0005029,C000463,NC,35-44,F004,Davis and Sons Bank,EQUIFAX,R08,Online,04/13/2026,2026-04-21,Closed
D0002244,C000555,MI,45-54,F021,Gray-Mayo Collections,TransUnion,R10,mail,2025-01-01,01/28/2025,Closed
D0003659,C000738,WA,55-64,F029,"Ross, Robinson and Bright Collections",Equifax,XX99,Phone,2025-11-02,22-Nov-2025,Closed
D0005695,C000601,PA,35-44,F002,Doyle Ltd Collections,Trans Union,R01,online,06/02/2026,2026-06-24,Closed
D0000685,C000741,NY,45-54,F029,"Ross, Robinson and Bright Collections",experian,R05,MAIL,10/26/2025,11/23/2025,Closed
D0004182,C000063,IL,25-34,F015,Williams and Sons Retail,transunion,R02,web,07/01/2026,07/22/2026,Closed
D0001992,C000589,TX,65+,F010,Abbott-Munoz Retail,EXP,R07,MAIL,2025-10-02,10/07/2025,Closed
D0003672,C000701,FL,25-34,F011,Blair PLC Retail,Trans Union,R01,Mail,2025-01-31,,Open
D0002104,C000517,CA,45-54,F023,Perez Inc Credit,Trans Union,R05,web,2025-01-31,2025-02-26,Closed
D0003010,C000324,TX,45-54,F026,Wilkerson-Day Collections,Experian,R10,mail,31-Mar-2025,05/24/2025,Closed
D0003502,C000115,AZ,35-44,F030,"Snyder, Campos and Callahan Collections",TU,R08,ONLINE,25-Apr-2026,,Open
D0003588,C000263,NC,35-44,F027,Baker and Sons Retail,EXP,r03,Phone,11-Aug-2026,2026-09-06,Closed
D0003299,C000326,WA,55-64,F025,"Walter, Edwards and Rios Bank",Experian,r10,web,2026-02-24,,Open
D0002395,C000421,OH,18-24,F017,James Group Collections,TU,r03,Online,01/27/2025,2025-02-02,Closed
D0003727,C000117,GA,18-24,F017,James Group Collections,TransUnion,R06,ONLINE,2025-06-24,2025-08-07,Closed
D0004339,C000170,NC,18-24,F012,Dudley Group Auto,equifax,R02,ONLINE,2025-07-05,07/15/2025,Closed
D0000883,C000580,WA,45-54,F028,"Hoffman, Baker and Richards Auto",experian,R04,online,2025-07-10,,Open
D0002330,C000086,NY,45-54,F023,Perez Inc Credit,Trans Union,R07,online,2025-08-13,08/27/2025,Closed
D0001545,C000364,WA,65+,F009,Garcia-James Bank,Trans Union,R06,web,19-Oct-2025,,Closed
D0004655,C000154,NC,18-24,F030,"Snyder, Campos and Callahan Collections",Experian,R08,PHONE,2025-07-17,07/31/2025,Closed
D0002767,C000569,PA,55-64,F006,"Gardner, Robinson and Lawrence Credit",TU,R09,phone,07/05/2025,13-Jul-2025,Closed
D0003529,C000768,NC,35-44,F020,"Reid, Ferguson and Sanchez Bank",equifax,R09,web,08-May-2025,,Open
D0003363,C000034,WA,18-24,F022,"Watts, Robinson and Nguyen Bank",Experian,R05,phone,2026-03-08,2026-03-13,Closed
D0002514,C000042,OH,25-34,,"Rodriguez, Figueroa and Sanchez Collections",equifax,R03,Phone,27-May-2026,,Open
D0004224,C000614,MI,45-54,F017,James Group Collections,Trans Union,R05,Phone,2025-03-26,24-Apr-2025,Closed
D0000928,C000407,IL,55-64,F013,Arnold Ltd Bank,Experian,R03,mail,15-Aug-2025,,Open
D0001781,C000370,OH,65+,F030,"Snyder, Campos and Callahan Collections",EQUIFAX,R03,MAIL,08/17/2026,2026-08-20,Closed
D0004769,C000520,IL,18-24,F016,Galloway-Wyatt Collections,EQF,R03,PHONE,31-Aug-2025,18-Oct-2025,Closed
D0004525,C000326,WA,55-64,F009,Garcia-James Bank,Equifax,R02,online,06/05/2025,10-Jun-2025,Closed
D0002385,C000416,MI,18-24,F024,Morales-Jones Auto,EXP,R02,phone,,11-Jan-2026,Closed
D0002012,C000320,PA,45-54,F012,Dudley Group Auto,TU,R01,MAIL,11/09/2025,14-Nov-2025,Closed
D0004413,C000406,MI,18-24,F024,Morales-Jones Auto,equifax,R06,MAIL,2025-07-09,07/27/2025,Closed
D0004429,C000706,IL,65+,F005,"Guzman, Hoffman and Baldwin Collections",EQF,R03,ONLINE,06/16/2026,2026-07-26,Closed
D0004959,C000041,NY,35-44,F013,Arnold Ltd Bank,EQUIFAX,R06,mail,18-Apr-2025,04/26/2025,Closed
D0002692,C000545,MI,35-44,F024,Morales-Jones Auto,Experian,R06,call center,2026-03-17,14-Apr-2026,Closed
D0002638,C000121,NC,25-34,,Williams and Sons Retail,EXP,R08,call center,02/26/2025,2025-04-04,Closed
D0000740,C000634,OH,65+,F005,"Guzman, Hoffman and Baldwin Collections",TU,R07,Online,2025-02-02,,Open
D0005601,C000539,PA,35-44,F023,Perez Inc Credit,EXP,R01,web,2025-04-19,29-Apr-2025,Closed
D0000043,C000303,AZ,25-34,F012,Dudley Group Auto,Trans Union,R04,phone,15-Aug-2025,2025-08-22,Closed
D0005463,C000521,FL,35-44,F021,Gray-Mayo Collections,experian,R07,Online,08/16/2026,20-Aug-2026,Closed
D0004101,C000129,IL,65+,F029,"Ross, Robinson and Bright Collections",EXP,R08,Online,06/16/2025,2025-07-31,Closed
D0005831,C000771,NY,18-24,F005,"Guzman, Hoffman and Baldwin Collections",EXP,R04,Phone,2025-08-25,19-Sep-2025,Closed
D0005282,C000675,FL,45-54,F009,Garcia-James Bank,TransUnion,R05,mail,06-Jan-2026,02/04/2026,Closed
D0003749,C000733,TX,18-24,F007,Blake and Sons Credit,Equifax,R02,mail,2026-08-30,09/17/2026,Closed
D0004731,C000660,MI,25-34,F004,Davis and Sons Bank,Experian,r10,phone,17-Feb-2026,2026-03-10,Closed
D0001523,C000269,OH,65+,F015,Williams and Sons Retail,Experian,R06,Online,2025-07-27,,Open
D0005632,C000104,GA,18-24,F021,Gray-Mayo Collections,Trans Union,R03,PHONE,09-Feb-2025,2025-03-15,Closed
D0003488,,WA,35-44,F007,Blake and Sons Credit,Experian,R10,ONLINE,28-Jul-2025,21-Aug-2025,Closed
D0001447,C000547,FL,65+,F005,"Guzman, Hoffman and Baldwin Collections",EXP,R03,mail,02/16/2026,03/24/2026,Closed
D0000262,C000068,MI,45-54,F007,Blake and Sons Credit,EQF,R03,online,14-Apr-2026,,Open
D0000361,C000334,MI,65+,F019,"Adams, Zuniga and Wong Auto",Trans Union,R04,web,2025-01-24,01/31/2025,Closed
D0004513,C000622,NY,55-64,F016,Galloway-Wyatt Collections,TU,R09,Online,01/01/2026,,Open
D0003361,C000040,AZ,35-44,F009,Garcia-James Bank,TransUnion,R04,PHONE,15-Jul-2025,08/30/2025,Closed
D0003189,C000686,MI,35-44,F003,"Mcclain, Miller and Henderson Bank",Trans Union,R09,phone,15-Mar-2025,13-Apr-2025,Closed
D0002748,C000461,NC,35-44,F013,Arnold Ltd Bank,equifax,R06,Online,2025-05-06,2025-05-09,Closed
D0005952,C000614,MI,45-54,F029,"Ross, Robinson and Bright Collections",EQUIFAX,R07,call center,2026-08-25,16-Sep-2026,Closed
D0000886,C000217,AZ,65+,F018,"Flowers, Martin and Kelly Bank",transunion,R02,phone,01/16/2026,02/11/2026,Closed
D0004634,C000229,CA,18-24,F015,Williams and Sons Retail,experian,R05,phone,03-Jun-2025,,Open
D0005944,C000574,OH,55-64,F003,"Mcclain, Miller and Henderson Bank",experian,R06,call center,24-Mar-2026,,Open
D0000995,C000156,NY,45-54,F025,"Walter, Edwards and Rios Bank",experian,R02,web,05-Feb-2025,,Open
D0000940,C000197,TX,18-24,F030,"Snyder, Campos and Callahan Collections",Experian,R09,PHONE,,2025-08-08,Closed
D0004861,C000646,GA,25-34,F024,Morales-Jones Auto,transunion,R02,ONLINE,2025-03-20,2025-05-02,Closed
D0004121,C000481,WA,55-64,F030,"Snyder, Campos and Callahan Collections",Equifax,R09,web,04-Jun-2026,,Open
D0001180,C000305,WA,25-34,F026,Wilkerson-Day Collections,TU,R07,online,29-Mar-2026,09-Apr-2026,Closed
D0005510,C000151,TX,45-54,F024,Morales-Jones Auto,Equifax,R08,mail,04/27/2026,,Open
D0005167,C000351,NY,65+,F001,"Rodriguez, Figueroa and Sanchez Collections",experian,R05,MAIL,2026-05-13,2026-06-08,Closed
D0001290,C000158,FL,45-54,F005,"Guzman, Hoffman and Baldwin Collections",TU,R02,Mail,2025-11-26,2025-12-30,Closed
D0001265,C000241,NC,45-54,F030,"Snyder, Campos and Callahan Collections",EXP,R03,call center,11-Dec-2025,2025-12-29,Closed
D0003547,C000750,OH,55-64,F005,"Guzman, Hoffman and Baldwin Collections",transunion,R10,mail,04/21/2026,2026-05-01,Closed
D0001726,C000435,IL,45-54,F026,Wilkerson-Day Collections,Trans Union,R07,PHONE,25-Mar-2026,18-May-2026,Closed
D0002319,C000449,WA,45-54,F021,Gray-Mayo Collections,Trans Union,R01,phone,01/26/2026,02/11/2026,Closed
D0005900,C000180,PA,18-24,F013,Arnold Ltd Bank,Experian,R03,online,2025-08-27,09/20/2025,Closed
D0004601,C000520,IL,18-24,F020,"Reid, Ferguson and Sanchez Bank",experian,R10,call center,24-Jan-2025,02/25/2025,Closed
D0003977,C000237,CA,35-44,F027,Baker and Sons Retail,experian,R06,Mail,02-Mar-2026,24-Mar-2026,Closed
D0002621,C000774,CA,25-34,F011,Blair PLC Retail,Experian,R07,Phone,06/27/2025,07/15/2025,Closed
D0002968,C000744,PA,35-44,F024,Morales-Jones Auto,Experian,R01,phone,2026-07-04,07/23/2026,Closed
D0003355,C000400,WA,35-44,F026,Wilkerson-Day Collections,Equifax,R04,online,2025-12-12,15-Dec-2025,Closed
D0003959,C000632,WA,45-54,F021,Gray-Mayo Collections,Equifax,R02,Phone,2025-03-23,2025-04-27,Closed
D0002227,C000255,IL,25-34,F027,Baker and Sons Retail,Equifax,R03,Phone,20-Sep-2025,2025-10-02,Closed
D0004482,C000080,CA,65+,F009,Garcia-James Bank,equifax,R05,call center,2025-05-18,22-May-2025,Closed
D0005290,C000380,GA,25-34,F008,"Henderson, Ramirez and Lewis Auto",Experian,r04,Phone,2025-09-15,10/11/2025,Closed
D0004268,C000774,CA,25-34,F019,"Adams, Zuniga and Wong Auto",Trans Union,R10,online,01-Jun-2026,12-Jun-2026,Closed
D0005683,C000139,PA,45-54,F021,Gray-Mayo Collections,Experian,R09,Mail,09/07/2025,01-Oct-2025,Closed
D0003079,C000683,CA,55-64,F030,"Snyder, Campos and Callahan Collections",Equifax,R10,call center,2026-01-13,20-Jan-2026,Closed
D0004877,C000349,NY,25-34,F022,"Watts, Robinson and Nguyen Bank",TransUnion,R05,Online,2026-04-26,05/16/2026,Closed
D0000360,C000440,GA,35-44,F025,"Walter, Edwards and Rios Bank",Experian,R06,Mail,03/04/2026,24-Mar-2026,Closed
D0004256,C000434,FL,18-24,F004,Davis and Sons Bank,Equifax,R09,Mail,2026-07-30,2026-08-09,Closed
D0003254,C000557,TX,45-54,F002,Doyle Ltd Collections,transunion,,call center,23-Dec-2025,,Closed
D0004750,C000564,AZ,45-54,F023,Perez Inc Credit,EQUIFAX,R08,PHONE,01-Oct-2025,,Open
D0005801,C000634,OH,65+,F013,Arnold Ltd Bank,EQF,R01,ONLINE,2025-04-25,2025-05-03,Closed
D0001318,C000783,NC,25-34,F021,Gray-Mayo Collections,Trans Union,R03,ONLINE,02/23/2026,06-Mar-2026,Closed
D0000094,C000703,NC,55-64,F010,Abbott-Munoz Retail,TU,r03,Mail,11-Feb-2025,03/18/2025,Closed
D0000500,C000567,OH,35-44,F013,Arnold Ltd Bank,experian,R04,ONLINE,10/22/2025,2025-12-06,Closed
D0003633,C000065,NC,55-64,F022,"Watts, Robinson and Nguyen Bank",Experian,XX99,phone,2025-06-10,2025-06-29,Closed
D0004709,C000519,MI,45-54,F029,"Ross, Robinson and Bright Collections",TU,R08,call center,2025-01-26,24-Feb-2025,Closed
D0004846,C000779,TX,45-54,F024,Morales-Jones Auto,EXP,R05,web,01/10/2025,01/13/2025,Closed
D0004545,C000011,FL,55-64,F009,Garcia-James Bank,Equifax,R06,Mail,25-Sep-2025,2025-10-25,Closed
D0004687,C000295,MI,35-44,F026,Wilkerson-Day Collections,EQUIFAX,R03,Mail,21-Sep-2025,29-Oct-2025,Closed
D0002170,C000574,OH,55-64,F029,"Ross, Robinson and Bright Collections",EXP,r07,Mail,04/04/2025,09-Apr-2025,Closed
D0003360,C000430,NC,45-54,F024,Morales-Jones Auto,experian,R08,Phone,2026-01-11,16-Feb-2026,Closed
D0003207,C000738,WA,55-64,F015,Williams and Sons Retail,Trans Union,R07,ONLINE,07/02/2025,2025-07-22,Closed
D0003610,C000019,NY,65+,F002,Doyle Ltd Collections,transunion,R10,MAIL,2026-07-05,04-Aug-2026,Closed
D0004722,C000555,MI,45-54,F019,"Adams, Zuniga and Wong Auto",EQUIFAX,R02,phone,12/24/2025,06-Feb-2026,Closed
D0004806,C000149,NY,35-44,F029,"Ross, Robinson and Bright Collections",transunion,R04,online,01/24/2025,2025-03-07,Closed
D0000543,C000276,CA,55-64,F003,"Mcclain, Miller and Henderson Bank",transunion,R06,MAIL,2026-06-10,2026-06-27,Closed
D0002334,C000080,CA,65+,F019,"Adams, Zuniga and Wong Auto",equifax,R10,web,11-Aug-2026,10-Sep-2026,Closed
D0004194,C000492,IL,45-54,F008,"Henderson, Ramirez and Lewis Auto",EQUIFAX,XX99,online,2025-01-15,01/20/2025,Closed
D0000965,C000303,AZ,25-34,F010,Abbott-Munoz Retail,experian,R06,web,2025-09-16,09/20/2025,Closed
D0000465,C000175,NY,18-24,F030,"Snyder, Campos and Callahan Collections",EXP,R09,MAIL,05/22/2025,04-Jun-2025,Closed
D0001399,C000614,MI,45-54,F008,"Henderson, Ramirez and Lewis Auto",equifax,R02,web,2025-02-24,2025-03-07,Closed
D0005591,C000332,NC,55-64,F020,"Reid, Ferguson and Sanchez Bank",TU,r01,Phone,04-Mar-2026,2026-04-15,Closed
D0000455,C000611,PA,45-54,F004,Davis and Sons Bank,EQUIFAX,r07,phone,04/20/2025,04/28/2025,Closed
D0003379,C000009,CA,18-24,F009,Garcia-James Bank,Equifax,R04,mail,2026-08-09,09/02/2026,Closed
D0005891,C000449,WA,45-54,F030,"Snyder, Campos and Callahan Collections",Experian,R05,web,06/22/2025,2025-07-31,Closed
D0000432,C000713,TX,45-54,F023,Perez Inc Credit,equifax,XX99,online,2025-05-27,06/12/2025,Closed
D0000576,C000311,AZ,35-44,F012,Dudley Group Auto,Experian,r07,Mail,2025-05-29,06/27/2025,Closed
D0000547,C000742,AZ,18-24,F008,"Henderson, Ramirez and Lewis Auto",transunion,R07,Phone,2025-06-07,06/05/2025,Closed
D0003101,C000278,WA,65+,F029,"Ross, Robinson and Bright Collections",Equifax,R08,ONLINE,,22-Mar-2025,Closed
D0004086,C000298,IL,25-34,F019,"Adams, Zuniga and Wong Auto",experian,R08,Online,03/25/2025,2025-04-12,Closed
D0004487,C000795,NY,18-24,F008,"Henderson, Ramirez and Lewis Auto",equifax,R04,Mail,06/23/2025,2025-06-30,Closed
D0000516,C000161,PA,35-44,F017,James Group Collections,EQF,R09,phone,10-Dec-2025,,Closed
D0000376,C000203,NY,45-54,F008,"Henderson, Ramirez and Lewis Auto",experian,R03,MAIL,03/11/2026,03/23/2026,Closed
D0000910,C000265,IL,25-34,F025,"Walter, Edwards and Rios Bank",equifax,R03,phone,17-Feb-2026,2026-03-16,Closed
D0001205,C000368,PA,45-54,F006,"Gardner, Robinson and Lawrence Credit",equifax,R07,phone,2025-08-16,2025-09-05,Closed
D0000985,C000785,WA,65+,F021,Gray-Mayo Collections,EXP,r02,web,01/23/2026,2026-02-02,Closed
D0004985,C000122,MI,25-34,F005,"Guzman, Hoffman and Baldwin Collections",EXP,R05,Online,2025-06-01,2025-06-24,Closed
D0001030,C000300,MI,65+,F017,James Group Collections,equifax,R02,web,03/09/2025,15-Mar-2025,Closed
D0004316,C000033,MI,25-34,F009,Garcia-James Bank,experian,R03,PHONE,2026-07-04,2026-07-09,Closed
D0002325,C000037,TX,25-34,F016,Galloway-Wyatt Collections,TU,R03,web,2025-07-24,07/22/2025,Closed
D0001861,C000462,PA,65+,F007,Blake and Sons Credit,TU,R07,call center,2025-09-07,,Open
D0001218,C000342,AZ,25-34,F028,"Hoffman, Baker and Richards Auto",Experian,R04,phone,23-Apr-2025,05/23/2025,Closed
D0004260,C000425,GA,65+,F005,"Guzman, Hoffman and Baldwin Collections",EQUIFAX,R06,web,2025-08-08,29-Aug-2025,Closed
D0001044,C000287,AZ,45-54,F013,Arnold Ltd Bank,EXP,other,phone,08/15/2026,2026-09-12,Closed
D0002756,C000742,AZ,18-24,F016,Galloway-Wyatt Collections,Equifax,XX99,Online,30-May-2026,18-Jun-2026,Closed
D0003228,C000251,TX,45-54,F004,Davis and Sons Bank,transunion,XX99,Phone,27-Mar-2025,2025-05-08,Closed
D0000438,C000081,WA,18-24,F029,"Ross, Robinson and Bright Collections",EQF,R03,MAIL,04/06/2025,15-Apr-2025,Closed
D0003616,C000456,FL,45-54,F030,"Snyder, Campos and Callahan Collections",experian,R06,ONLINE,2026-07-24,,Open
D0005383,C000567,OH,35-44,F007,Blake and Sons Credit,TU,R04,phone,08/05/2026,2026-09-17,Closed
D0002541,C000102,MI,18-24,F017,James Group Collections,EQF,R09,Online,2025-02-12,02/10/2025,Closed
D0003412,C000469,OH,18-24,F003,"Mcclain, Miller and Henderson Bank",Trans Union,XX99,Mail,2026-02-20,07-Mar-2026,Closed
D0001500,C000160,PA,18-24,F005,"Guzman, Hoffman and Baldwin Collections",Experian,R09,MAIL,05-Mar-2026,2026-03-23,Closed
D0005145,C000153,CA,65+,F012,Dudley Group Auto,Equifax,R04,ONLINE,05-Aug-2026,2026-08-25,Closed
D0005316,C000556,AZ,45-54,F014,"Mcclure, Ward and Lee Bank",transunion,R05,call center,04/23/2025,06-Jun-2025,Closed
D0005652,C000495,TX,55-64,F019,"Adams, Zuniga and Wong Auto",TU,R07,online,08/16/2025,2025-09-24,Closed
D0005592,C000024,PA,18-24,F001,"Rodriguez, Figueroa and Sanchez Collections",equifax,R10,Mail,2025-07-29,08/14/2025,Closed
D0004532,C000482,NY,35-44,F028,"Hoffman, Baker and Richards Auto",Trans Union,R03,online,12-Jun-2026,2026-06-19,Closed
D0002572,C000723,CA,55-64,F023,Perez Inc Credit,Equifax,R03,Mail,,2026-02-21,Closed
D0003643,C000800,PA,55-64,F028,"Hoffman, Baker and Richards Auto",transunion,R02,web,05/15/2025,05/27/2025,Closed
D0000453,C000402,MI,55-64,F027,Baker and Sons Retail,transunion,,call center,,10/07/2025,Closed
D0004549,C000747,GA,45-54,F001,"Rodriguez, Figueroa and Sanchez Collections",Trans Union,R01,ONLINE,02/20/2026,,Open
D0001396,C000482,NY,35-44,F024,Morales-Jones Auto,EXP,R06,call center,2026-04-06,05/20/2026,Closed
D0002139,C000208,NC,35-44,F002,Doyle Ltd Collections,Equifax,R01,mail,2026-08-13,2026-08-27,Closed
D0004510,C000126,TX,18-24,F016,Galloway-Wyatt Collections,Trans Union,R04,PHONE,08/24/2026,2026-09-11,Closed
D0001812,C000471,WA,25-34,F002,Doyle Ltd Collections,experian,r02,Mail,18-Oct-2025,15-Nov-2025,Closed
D0000558,C000546,CA,18-24,F023,Perez Inc Credit,experian,R09,Mail,06/24/2025,,Closed
D0003044,C000597,PA,25-34,F012,Dudley Group Auto,TU,r02,Phone,2025-09-16,2025-09-26,Closed
D0003791,C000358,MI,65+,F018,"Flowers, Martin and Kelly Bank",UNK,R03,phone,,2026-06-13,Closed
D0005429,C000329,TX,45-54,F009,Garcia-James Bank,TransUnion,R08,call center,01/24/2026,2026-02-04,Closed
D0003162,C000676,MI,35-44,F011,Blair PLC Retail,EQF,,Mail,08/18/2026,09/07/2026,Closed
D0001863,C000053,AZ,35-44,F010,Abbott-Munoz Retail,TransUnion,R10,web,15-Jan-2025,01/30/2025,Closed
D0001465,C000709,NY,25-34,F025,"Walter, Edwards and Rios Bank",experian,R10,online,10/30/2025,07-Nov-2025,Closed
D0002097,C000228,PA,55-64,F023,Perez Inc Credit,EXP,R03,mail,,21-Jun-2026,Closed
D0004358,C000331,AZ,55-64,F009,Garcia-James Bank,EQF,R01,phone,08/24/2025,17-Sep-2025,Closed
D0002152,C000187,OH,35-44,F003,"Mcclain, Miller and Henderson Bank",TransUnion,R06,Online,09/04/2025,2025-09-10,Closed
D0001092,C000261,AZ,55-64,F017,James Group Collections,TransUnion,R10,online,2025-06-26,,Open
D0004993,C000318,MI,25-34,F012,Dudley Group Auto,Equifax,R09,mail,2026-04-06,2026-04-20,Closed
D0005987,C000463,NC,35-44,F004,Davis and Sons Bank,TU,R05,web,08/01/2026,,Open
D0000590,,WA,25-34,F018,"Flowers, Martin and Kelly Bank",Equifax,R08,MAIL,22-Jan-2026,2026-01-30,Closed
D0000195,C000597,PA,25-34,F008,"Henderson, Ramirez and Lewis Auto",Trans Union,R10,ONLINE,27-Aug-2025,2025-09-17,Closed
D0000345,C000707,OH,18-24,F014,"Mcclure, Ward and Lee Bank",Experian,R06,online,03/18/2025,03/31/2025,Closed
D0003951,C000146,FL,25-34,F007,Blake and Sons Credit,Experian,R01,ONLINE,29-Jan-2025,15-Feb-2025,Closed
D0000726,C000566,GA,18-24,F022,"Watts, Robinson and Nguyen Bank",experian,R06,Online,01-Nov-2025,,Open
D0000469,C000342,AZ,25-34,F002,Doyle Ltd Collections,EQF,R08,online,2026-03-28,2026-04-20,Closed
D0003556,C000057,TX,25-34,F015,Williams and Sons Retail,transunion,R10,web,02-Aug-2025,2025-08-09,Closed
D0002809,C000575,GA,65+,F017,James Group Collections,Equifax,R05,MAIL,27-Mar-2025,,Open
D0002289,C000271,MI,55-64,F018,"Flowers, Martin and Kelly Bank",TU,R10,PHONE,01/03/2025,25-Jan-2025,Closed
D0002977,C000108,NY,35-44,F008,"Henderson, Ramirez and Lewis Auto",TU,R01,Online,03/09/2026,03/31/2026,Closed
D0005648,C000389,NC,18-24,F010,Abbott-Munoz Retail,Trans Union,r05,MAIL,08/25/2025,07-Sep-2025,Closed
D0005381,C000172,CA,18-24,F021,Gray-Mayo Collections,UNK,r03,phone,2026-04-26,07-Jun-2026,Closed
D0002312,C000351,NY,65+,F018,"Flowers, Martin and Kelly Bank",Equifax,R01,PHONE,08/28/2025,09/16/2025,Closed
D0002242,C000533,NY,35-44,F015,Williams and Sons Retail,Trans Union,r03,MAIL,12/03/2025,,Open
D0003091,C000524,TX,65+,F004,Davis and Sons Bank,experian,R05,MAIL,10/27/2025,,Open
D0000915,C000217,AZ,65+,,"Adams, Zuniga and Wong Auto",equifax,R03,web,25-Nov-2025,2025-12-23,Closed
D0005251,C000162,GA,35-44,F014,"Mcclure, Ward and Lee Bank",EQF,R10,Online,01/09/2026,01/24/2026,Closed
D0000037,C000574,OH,55-64,F030,"Snyder, Campos and Callahan Collections",EQF,R02,MAIL,10/08/2025,28-Oct-2025,Closed
D0001460,C000703,NC,55-64,F018,"Flowers, Martin and Kelly Bank",Experian,R07,online,10/22/2025,11/11/2025,Closed
D0002193,C000747,GA,45-54,F022,"Watts, Robinson and Nguyen Bank",equifax,R08,MAIL,08/09/2025,2025-08-14,Closed
D0004058,C000056,PA,35-44,F026,Wilkerson-Day Collections,EQF,R02,web,11/13/2025,2025-12-04,Closed
D0004009,C000434,FL,18-24,F012,Dudley Group Auto,EXP,R03,MAIL,20-Dec-2025,17-Jan-2026,Closed
D0001459,C000572,PA,18-24,,Galloway-Wyatt Collections,experian,R01,Mail,11/09/2025,,Open
D0004723,C000185,AZ,55-64,F022,"Watts, Robinson and Nguyen Bank",TU,R09,Mail,11-Jun-2025,21-Jun-2025,Closed
D0003282,C000482,NY,35-44,F028,"Hoffman, Baker and Richards Auto",Equifax,XX99,Mail,04/11/2025,04/30/2025,Closed
D0000941,C000384,OH,35-44,F020,"Reid, Ferguson and Sanchez Bank",TU,R03,Phone,22-Jan-2026,01/27/2026,Closed
D0005877,C000011,FL,55-64,F024,Morales-Jones Auto,transunion,XX99,online,08/20/2025,2025-09-13,Closed
D0000113,C000762,NC,25-34,F015,Williams and Sons Retail,EXP,R01,online,25-Nov-2025,18-Dec-2025,Closed
D0002892,C000454,GA,18-24,F001,"Rodriguez, Figueroa and Sanchez Collections",EQF,R08,Mail,08/15/2026,13-Sep-2026,Closed
D0005153,C000748,FL,35-44,F027,Baker and Sons Retail,EQF,R03,ONLINE,06-Nov-2025,2025-12-08,Closed
D0003436,C000706,IL,65+,F006,"Gardner, Robinson and Lawrence Credit",TransUnion,R03,mail,06/04/2026,06/25/2026,Closed
D0000036,C000351,NY,65+,F018,"Flowers, Martin and Kelly Bank",EQF,R04,Mail,29-Dec-2025,02/19/2026,Closed
D0001116,C000384,OH,35-44,F007,Blake and Sons Credit,Equifax,R01,MAIL,2025-01-05,,Open
D0005573,C000787,GA,65+,F006,"Gardner, Robinson and Lawrence Credit",EXP,R02,web,2025-01-17,06-Feb-2025,Closed
D0002472,C000522,WA,35-44,F029,"Ross, Robinson and Bright Collections",experian,R03,ONLINE,10/29/2025,2025-12-04,Closed
D0002836,C000787,GA,65+,F008,"Henderson, Ramirez and Lewis Auto",Trans Union,R08,call center,07/10/2026,,Open
D0002402,C000292,AZ,45-54,F004,Davis and Sons Bank,TransUnion,R10,web,07-Aug-2025,09/03/2025,Closed
D0002723,C000174,NC,55-64,F006,"Gardner, Robinson and Lawrence Credit",Experian,R04,MAIL,30-Jan-2025,03/20/2025,Closed
D0004700,C000122,MI,25-34,F029,"Ross, Robinson and Bright Collections",EQUIFAX,r08,Online,03/31/2025,04/20/2025,Closed
D0001867,C000429,IL,55-64,F015,Williams and Sons Retail,TransUnion,r05,web,03-Feb-2026,02/26/2026,Closed
D0001338,C000655,NY,25-34,F002,Doyle Ltd Collections,EXP,R09,Mail,01-Aug-2026,2026-08-25,Closed
D0005202,C000382,PA,35-44,F026,Wilkerson-Day Collections,EXP,R01,call center,2026-03-06,2026-03-21,Closed
D0005884,C000015,WA,55-64,F023,Perez Inc Credit,EXP,r03,mail,06/04/2025,2025-07-02,Closed
D0000407,C000548,MI,55-64,F024,Morales-Jones Auto,equifax,R09,online,2025-12-20,2026-01-18,Closed
D0001648,C000652,NY,25-34,F015,Williams and Sons Retail,experian,R07,Mail,06/16/2026,2026-06-21,Closed
D0003231,C000014,WA,65+,F013,Arnold Ltd Bank,experian,R07,Phone,06-Aug-2025,2025-08-25,Closed
D0003205,C000660,MI,25-34,F030,"Snyder, Campos and Callahan Collections",TU,R09,ONLINE,12/03/2025,,Open
D0002352,C000783,NC,25-34,F027,Baker and Sons Retail,transunion,R05,Mail,2025-04-06,2025-04-13,Closed
D0000605,C000357,PA,45-54,F025,"Walter, Edwards and Rios Bank",EQF,R02,MAIL,2025-06-26,2025-08-06,Closed
D0000370,C000197,TX,18-24,F022,"Watts, Robinson and Nguyen Bank",EQF,R04,call center,2025-03-06,2025-04-27,Closed
D0002100,C000710,AZ,65+,F030,"Snyder, Campos and Callahan Collections",experian,R03,phone,10-Feb-2026,03/01/2026,Closed
D0003371,C000030,TX,55-64,F014,"Mcclure, Ward and Lee Bank",equifax,R05,call center,01/17/2025,02/20/2025,Closed
D0002766,C000404,TX,25-34,F021,Gray-Mayo Collections,EXP,,phone,2026-02-04,,Closed
D0000544,C000009,CA,18-24,F006,"Gardner, Robinson and Lawrence Credit",TransUnion,R10,call center,03/08/2026,03/14/2026,Closed
D0003310,C000200,NY,35-44,F025,"Walter, Edwards and Rios Bank",TU,R05,PHONE,2025-02-27,,Open
D0005444,C000643,TX,45-54,F007,Blake and Sons Credit,EQF,R09,Online,2025-05-13,17-May-2025,Closed
D0002077,C000640,FL,65+,F030,"Snyder, Campos and Callahan Collections",TransUnion,R02,call center,2025-09-24,10/12/2025,Closed
D0004760,C000549,CA,65+,F016,Galloway-Wyatt Collections,Trans Union,r02,MAIL,03/23/2025,,Open
D0005806,C000432,WA,55-64,F018,"Flowers, Martin and Kelly Bank",equifax,R10,Mail,2025-03-26,2025-05-06,Closed
D0002516,C000113,WA,35-44,F010,Abbott-Munoz Retail,Experian,R03,call center,2025-11-09,,Open
D0001547,C000499,IL,18-24,F023,Perez Inc Credit,EQF,R06,Online,04/04/2025,08-Apr-2025,Closed
D0005271,C000516,TX,25-34,F002,Doyle Ltd Collections,Trans Union,R06,PHONE,07/07/2025,10-Jul-2025,Closed
D0002937,C000046,MI,65+,F022,"Watts, Robinson and Nguyen Bank",UNK,R03,MAIL,14-Dec-2025,20-Dec-2025,Closed
D0004856,C000636,OH,65+,F013,Arnold Ltd Bank,TU,other,PHONE,2025-07-19,10-Aug-2025,Closed
D0005649,C000366,FL,45-54,F021,Gray-Mayo Collections,equifax,R08,Online,29-Jun-2026,13-Aug-2026,Closed
D0001291,C000187,OH,35-44,F023,Perez Inc Credit,Experian,R09,online,2025-07-12,06-Aug-2025,Closed
D0001836,C000431,GA,45-54,F010,Abbott-Munoz Retail,TransUnion,r05,PHONE,2026-07-30,10-Aug-2026,Closed
D0004867,C000695,GA,18-24,F007,Blake and Sons Credit,Experian,R08,mail,04/19/2025,12-May-2025,Closed
D0002898,C000457,WA,25-34,F009,Garcia-James Bank,experian,R08,call center,2026-02-10,2026-02-20,Closed
D0004665,C000078,GA,55-64,F016,Galloway-Wyatt Collections,EXP,R07,Phone,14-Jun-2026,06/17/2026,Closed
D0004736,C000148,NY,45-54,F025,"Walter, Edwards and Rios Bank",transunion,R08,MAIL,02/06/2025,08-Mar-2025,Closed
D0000734,C000675,FL,45-54,F017,James Group Collections,EXP,R10,Phone,14-Nov-2025,,Closed
D0004559,C000527,AZ,25-34,F024,Morales-Jones Auto,TU,R01,mail,2025-04-19,04/24/2025,Closed
D0000513,C000356,CA,25-34,F010,Abbott-Munoz Retail,EQF,R02,PHONE,2025-06-19,,Open
D0003639,C000181,MI,25-34,F022,"Watts, Robinson and Nguyen Bank",experian,r05,Online,06-Jul-2026,2026-08-06,Closed
D0002432,C000231,NY,55-64,F003,"Mcclain, Miller and Henderson Bank",EQF,R02,mail,27-Mar-2026,2026-04-19,Closed
D0003872,C000514,NY,25-34,F027,Baker and Sons Retail,transunion,r06,MAIL,19-Jul-2025,2025-08-02,Closed
D0000940,C000197,TX,18-24,F030,"Snyder, Campos and Callahan Collections",Experian,R09,PHONE,,2025-08-08,Closed
D0001599,C000256,FL,18-24,F009,Garcia-James Bank,experian,R07,Phone,12/11/2025,30-Dec-2025,Closed
D0004935,C000244,NY,25-34,F012,Dudley Group Auto,equifax,r01,mail,27-Feb-2026,,Open
D0005012,C000321,PA,25-34,F009,Garcia-James Bank,experian,R09,Mail,2025-08-20,09/19/2025,Closed
D0001578,C000321,PA,25-34,F012,Dudley Group Auto,TU,R09,Online,19-Jul-2026,13-Aug-2026,Closed
D0000614,C000092,AZ,55-64,F004,Davis and Sons Bank,experian,R07,mail,02/18/2026,04/02/2026,Closed
D0003969,C000558,OH,45-54,F022,"Watts, Robinson and Nguyen Bank",Trans Union,R03,web,31-May-2025,30-Jun-2025,Closed
D0004622,C000726,AZ,18-24,F013,Arnold Ltd Bank,EQUIFAX,R08,Mail,11-May-2025,,Open
D0001743,C000215,FL,65+,F003,"Mcclain, Miller and Henderson Bank",EXP,other,online,02-Dec-2025,2026-01-21,Closed
D0000078,C000715,NC,18-24,F012,Dudley Group Auto,EXP,R08,phone,06-Mar-2025,03/22/2025,Closed
D0001295,C000241,NC,45-54,F014,"Mcclure, Ward and Lee Bank",EQF,R01,mail,11/17/2025,,Closed
D0000192,C000109,NC,55-64,F025,"Walter, Edwards and Rios Bank",TU,R09,Mail,14-Aug-2026,09/07/2026,Closed
D0003698,C000149,NY,35-44,F021,Gray-Mayo Collections,EQF,R08,ONLINE,03/27/2026,2026-04-26,Closed
D0004006,C000406,MI,18-24,F029,"Ross, Robinson and Bright Collections",EQF,R01,Mail,2026-04-18,2026-04-25,Closed
D0004350,C000241,NC,45-54,F017,James Group Collections,EQF,R08,web,03/24/2026,04/14/2026,Closed
D0005313,,OH,25-34,F013,Arnold Ltd Bank,EXP,R04,call center,,02/04/2025,Closed
D0003680,C000423,TX,45-54,F006,"Gardner, Robinson and Lawrence Credit",EQUIFAX,R10,call center,08-Jan-2025,01/12/2025,Closed
D0001368,C000495,TX,55-64,F023,Perez Inc Credit,TransUnion,R02,Phone,09-Mar-2025,03/15/2025,Closed
D0002448,C000586,NC,45-54,F002,Doyle Ltd Collections,experian,R05,PHONE,12/22/2025,2026-01-01,Closed
D0003793,C000057,TX,25-34,F022,"Watts, Robinson and Nguyen Bank",experian,R10,web,2026-01-17,03/09/2026,Closed
D0002764,C000640,FL,65+,F005,"Guzman, Hoffman and Baldwin Collections",EQUIFAX,R02,PHONE,28-Apr-2025,05/07/2025,Closed
D0002206,C000597,PA,25-34,F002,Doyle Ltd Collections,EQUIFAX,R04,MAIL,03/13/2026,2026-03-18,Closed
D0004051,C000580,WA,45-54,F025,"Walter, Edwards and Rios Bank",EQUIFAX,R08,web,29-Jan-2025,02/11/2025,Closed
D0001682,C000129,IL,65+,F022,"Watts, Robinson and Nguyen Bank",EQUIFAX,R10,mail,11/05/2025,14-Nov-2025,Closed
D0001014,C000643,TX,45-54,F014,"Mcclure, Ward and Lee Bank",EQUIFAX,R06,PHONE,12-Mar-2025,04/04/2025,Closed
D0002357,C000174,NC,55-64,F006,"Gardner, Robinson and Lawrence Credit",EXP,R10,phone,20-Feb-2025,02/24/2025,Closed
D0001929,C000517,CA,45-54,F007,Blake and Sons Credit,EXP,R09,phone,2026-08-14,09/15/2026,Closed
D0000570,C000681,CA,55-64,F002,Doyle Ltd Collections,TransUnion,R01,Phone,13-Feb-2026,01-Apr-2026,Closed
D0001904,C000171,WA,35-44,F028,"Hoffman, Baker and Richards Auto",EXP,R10,ONLINE,18-May-2026,17-Jun-2026,Closed
D0005903,C000475,MI,55-64,F021,Gray-Mayo Collections,transunion,R05,web,2025-12-10,06-Jan-2026,Closed
D0000150,C000767,NY,25-34,F024,Morales-Jones Auto,Experian,R10,call center,2025-12-19,2026-02-04,Closed
D0001034,C000480,IL,18-24,F005,"Guzman, Hoffman and Baldwin Collections",EQF,R08,Phone,07-Feb-2025,2025-02-10,Closed
D0002956,C000459,MI,35-44,F009,Garcia-James Bank,TU,see notes,Online,21-Nov-2025,12/07/2025,Closed
D0005183,C000769,NY,18-24,F014,"Mcclure, Ward and Lee Bank",EQF,R04,PHONE,25-Sep-2025,07-Oct-2025,Closed
D0001090,C000578,NC,25-34,F020,"Reid, Ferguson and Sanchez Bank",EXP,R03,Mail,12-May-2025,,Open
D0004511,C000400,WA,35-44,F001,"Rodriguez, Figueroa and Sanchez Collections",EXP,R10,Phone,05-May-2025,24-May-2025,Closed
D0002476,C000782,TX,45-54,F028,"Hoffman, Baker and Richards Auto",experian,R04,call center,09/23/2025,20-Oct-2025,Closed
D0003967,C000639,MI,18-24,F010,Abbott-Munoz Retail,equifax,,mail,28-Dec-2025,2026-01-11,Closed
D0000857,C000706,IL,65+,,Doyle Ltd Collections,TU,R02,Phone,2026-03-23,05-May-2026,Closed
D0003867,C000267,CA,18-24,F018,"Flowers, Martin and Kelly Bank",Experian,r02,Mail,05-Jan-2025,23-Jan-2025,Closed
D0004466,C000278,WA,65+,F022,"Watts, Robinson and Nguyen Bank",Experian,R02,MAIL,2025-06-02,06/13/2025,Closed
D0000926,C000011,FL,55-64,F002,Doyle Ltd Collections,Equifax,R06,Online,11/06/2025,11/18/2025,Closed
D0005083,C000703,NC,55-64,F011,Blair PLC Retail,Experian,R02,ONLINE,02-Mar-2026,2026-04-19,Closed
D0000171,C000132,WA,55-64,F002,Doyle Ltd Collections,Equifax,R08,online,06/23/2026,07/13/2026,Closed
D0003684,C000325,FL,25-34,F006,"Gardner, Robinson and Lawrence Credit",TU,R01,Mail,28-Apr-2025,05/12/2025,Closed
D0001600,C000513,AZ,18-24,F015,Williams and Sons Retail,EQUIFAX,R10,MAIL,2025-03-22,14-Apr-2025,Closed
D0000556,,AZ,18-24,F017,James Group Collections,experian,R10,PHONE,2025-02-16,,Closed
D0001630,C000749,TX,65+,F009,Garcia-James Bank,EQF,R01,MAIL,2026-06-09,17-Jul-2026,Closed
D0004563,C000430,NC,45-54,F023,Perez Inc Credit,experian,R03,Phone,06-Feb-2026,,Open
D0000510,C000730,TX,25-34,F010,Abbott-Munoz Retail,EQF,R07,call center,05/02/2025,12-Jun-2025,Closed
D0004381,C000211,TX,18-24,F008,"Henderson, Ramirez and Lewis Auto",TransUnion,R04,mail,2026-07-13,07/25/2026,Closed
D0000974,C000167,FL,35-44,F019,"Adams, Zuniga and Wong Auto",Trans Union,R07,mail,12-Feb-2026,2026-02-24,Closed
D0000381,C000513,AZ,18-24,F018,"Flowers, Martin and Kelly Bank",TU,R05,call center,2026-01-27,02/23/2026,Closed
D0002955,C000461,NC,35-44,F030,"Snyder, Campos and Callahan Collections",Experian,R06,PHONE,2025-09-15,2025-10-09,Closed
D0001286,C000250,NY,65+,F004,Davis and Sons Bank,EXP,R07,PHONE,2026-02-22,16-Mar-2026,Closed
D0003638,C000456,FL,45-54,F005,"Guzman, Hoffman and Baldwin Collections",EQF,R10,mail,02/26/2026,07-Mar-2026,Closed
D0004135,C000245,PA,18-24,F001,"Rodriguez, Figueroa and Sanchez Collections",equifax,R09,Mail,06/10/2025,06/13/2025,Closed
D0005297,C000674,GA,18-24,F030,"Snyder, Campos and Callahan Collections",Trans Union,R08,web,02-Aug-2026,08/21/2026,Closed
D0004986,C000495,TX,55-64,F003,"Mcclain, Miller and Henderson Bank",TransUnion,R06,MAIL,2025-02-10,2025-02-24,Closed
D0005908,C000479,OH,25-34,F024,Morales-Jones Auto,transunion,R07,MAIL,2026-08-19,2026-09-17,Closed
D0005938,C000188,FL,65+,F030,"Snyder, Campos and Callahan Collections",TU,r09,phone,03/31/2026,2026-04-18,Closed
D0000214,C000292,AZ,45-54,F020,"Reid, Ferguson and Sanchez Bank",experian,R07,ONLINE,2026-08-10,08/27/2026,Closed
D0002121,C000593,IL,45-54,F019,"Adams, Zuniga and Wong Auto",EQUIFAX,R06,mail,2025-09-11,,Open
D0004612,C000443,IL,35-44,F015,Williams and Sons Retail,experian,R08,mail,2025-07-04,07/17/2025,Closed
D0003736,C000729,AZ,45-54,F016,Galloway-Wyatt Collections,TransUnion,R03,MAIL,2025-06-21,17-Jul-2025,Closed
D0001254,C000335,NC,45-54,F016,Galloway-Wyatt Collections,experian,R07,mail,04/05/2025,04/17/2025,Closed
D0005850,C000710,AZ,65+,F025,"Walter, Edwards and Rios Bank",Equifax,R01,Mail,05-Sep-2025,2025-09-14,Closed
D0003383,C000466,IL,35-44,F016,Galloway-Wyatt Collections,EQF,R06,mail,2025-06-03,,Open
D0000341,C000714,CA,35-44,F001,"Rodriguez, Figueroa and Sanchez Collections",TransUnion,R05,Online,05/08/2025,05/07/2025,Closed
D0002162,,AZ,35-44,F016,Galloway-Wyatt Collections,EXP,R03,web,2025-04-19,05/12/2025,Closed
D0005402,C000754,TX,45-54,F022,"Watts, Robinson and Nguyen Bank",TransUnion,,online,14-Jun-2026,2026-06-27,Closed
D0002142,C000182,MI,55-64,F015,Williams and Sons Retail,TransUnion,R05,MAIL,2025-09-17,2025-10-12,Closed
D0005762,C000414,IL,65+,F027,Baker and Sons Retail,EXP,r02,web,23-Apr-2026,12-May-2026,Closed
D0005791,C000274,IL,18-24,F022,"Watts, Robinson and Nguyen Bank",TransUnion,R04,MAIL,2025-06-21,10-Jul-2025,Closed
D0002643,C000700,PA,25-34,F013,Arnold Ltd Bank,Equifax,R01,Mail,2025-10-29,,Open
D0003864,C000765,NY,55-64,F029,"Ross, Robinson and Bright Collections",transunion,R06,web,2025-10-24,06-Nov-2025,Closed
D0002158,C000754,TX,45-54,F016,Galloway-Wyatt Collections,TU,R03,phone,02-Apr-2025,2025-04-23,Closed
D0003164,C000789,GA,45-54,F002,Doyle Ltd Collections,Experian,R06,call center,09/15/2025,2025-10-02,Closed
D0005426,C000137,AZ,45-54,F018,"Flowers, Martin and Kelly Bank",EXP,R06,Phone,2026-06-20,11-Jul-2026,Closed
D0005994,C000067,MI,45-54,F006,"Gardner, Robinson and Lawrence Credit",Equifax,R02,phone,03/09/2025,30-Mar-2025,Closed
D0002501,C000403,WA,65+,F011,Blair PLC Retail,TransUnion,R06,PHONE,2025-10-13,10/18/2025,Closed
D0004644,C000404,TX,25-34,F026,Wilkerson-Day Collections,TU,R09,Phone,2026-05-14,2026-07-06,Closed
D0000601,C000248,AZ,65+,F028,"Hoffman, Baker and Richards Auto",TU,R06,Mail,2026-05-22,07/05/2026,Closed
D0003142,C000375,CA,45-54,F012,Dudley Group Auto,TU,R06,Online,06/03/2026,2026-07-02,Closed
D0003311,C000799,WA,35-44,F015,Williams and Sons Retail,Equifax,r01,MAIL,28-Oct-2025,01-Dec-2025,Closed
D0005082,C000391,AZ,18-24,F013,Arnold Ltd Bank,experian,r05,phone,14-Aug-2025,2025-09-09,Closed
D0002858,C000485,WA,25-34,F019,"Adams, Zuniga and Wong Auto",TransUnion,R09,call center,05/04/2026,2026-06-06,Closed
D0001790,C000307,IL,55-64,F009,Garcia-James Bank,Equifax,R04,MAIL,2025-02-18,2025-03-28,Closed
D0002670,C000697,WA,25-34,F014,"Mcclure, Ward and Lee Bank",equifax,see notes,online,20-Nov-2025,,Closed
D0001502,C000188,FL,65+,F016,Galloway-Wyatt Collections,experian,R09,call center,11-Dec-2025,01/22/2026,Closed
D0002794,C000684,WA,45-54,F026,Wilkerson-Day Collections,TU,R05,PHONE,06-Nov-2025,2025-12-04,Closed
D0002481,C000229,CA,18-24,F028,"Hoffman, Baker and Richards Auto",EQUIFAX,R06,phone,2025-04-08,04/19/2025,Closed
D0000551,C000119,TX,35-44,F020,"Reid, Ferguson and Sanchez Bank",EQUIFAX,R02,MAIL,2026-04-07,02-May-2026,Closed
D0001478,C000333,OH,45-54,F001,"Rodriguez, Figueroa and Sanchez Collections",TransUnion,R05,PHONE,2026-03-25,04/01/2026,Closed
D0005016,C000246,NY,65+,F015,Williams and Sons Retail,equifax,R06,Online,06/07/2025,28-Jun-2025,Closed
D0005018,C000162,GA,35-44,F002,Doyle Ltd Collections,experian,R01,phone,03-Aug-2025,08/17/2025,Closed
D0003711,C000561,NY,35-44,F026,Wilkerson-Day Collections,Trans Union,R03,mail,04-Jan-2026,02/12/2026,Closed
D0005678,C000173,MI,45-54,F029,"Ross, Robinson and Bright Collections",EXP,R10,mail,02/04/2026,17-Feb-2026,Closed
D0004071,C000160,PA,18-24,F023,Perez Inc Credit,EXP,r07,Phone,25-Jul-2026,08/19/2026,Closed
D0005820,C000635,NC,45-54,F019,"Adams, Zuniga and Wong Auto",experian,R09,online,2026-02-16,03/14/2026,Closed
D0001280,C000071,GA,18-24,F010,Abbott-Munoz Retail,Experian,R08,ONLINE,01-Nov-2025,2025-12-07,Closed
D0000034,C000645,WA,18-24,F001,"Rodriguez, Figueroa and Sanchez Collections",EXP,R07,Phone,01-May-2026,2026-05-28,Closed
D0005593,C000059,OH,25-34,F030,"Snyder, Campos and Callahan Collections",equifax,,ONLINE,2025-08-28,2025-09-08,Closed
D0005319,C000517,CA,45-54,F016,Galloway-Wyatt Collections,TU,r08,PHONE,2026-07-25,2026-08-14,Closed
D0004843,C000169,MI,65+,F018,"Flowers, Martin and Kelly Bank",experian,R05,mail,2026-04-23,05/02/2026,Closed
D0000592,C000630,GA,35-44,F004,Davis and Sons Bank,TU,R03,MAIL,13-Sep-2025,2025-10-07,Closed
D0000764,C000711,AZ,45-54,F001,"Rodriguez, Figueroa and Sanchez Collections",EQUIFAX,R10,MAIL,18-Feb-2025,04/08/2025,Closed
D0003830,C000354,OH,55-64,F008,"Henderson, Ramirez and Lewis Auto",EQF,r04,call center,06/12/2025,,Open
D0000076,C000288,OH,45-54,F020,"Reid, Ferguson and Sanchez Bank",transunion,R07,MAIL,2026-07-06,15-Aug-2026,Closed
D0001645,C000628,PA,65+,F012,Dudley Group Auto,Equifax,R06,call center,2025-01-08,26-Feb-2025,Closed
D0003451,C000281,PA,18-24,F026,Wilkerson-Day Collections,EXP,R04,mail,2025-09-09,11-Oct-2025,Closed
D0001062,C000475,MI,55-64,F003,"Mcclain, Miller and Henderson Bank",Trans Union,R06,mail,30-Mar-2025,2025-03-29,Closed
D0001689,C000756,FL,65+,F003,"Mcclain, Miller and Henderson Bank",EQUIFAX,r09,PHONE,01-Jul-2025,,Open
D0003514,C000136,TX,18-24,F023,Perez Inc Credit,TransUnion,R03,Phone,03-Jan-2025,01/10/2025,Closed
D0001540,C000529,NC,25-34,F020,"Reid, Ferguson and Sanchez Bank",experian,R07,web,06/20/2025,2025-07-18,Closed
D0003839,C000335,NC,45-54,F026,Wilkerson-Day Collections,TU,R03,Online,05/14/2025,,Open
D0003935,C000618,WA,45-54,F012,Dudley Group Auto,transunion,R03,MAIL,19-Oct-2025,2025-11-18,Closed
D0001482,C000040,AZ,35-44,F002,Doyle Ltd Collections,EQUIFAX,R02,Online,2025-08-01,13-Aug-2025,Closed
D0000504,C000455,TX,35-44,F004,Davis and Sons Bank,Trans Union,r03,PHONE,06/08/2026,,Open
D0000670,C000403,WA,65+,F008,"Henderson, Ramirez and Lewis Auto",equifax,R09,mail,14-Aug-2026,2026-09-10,Closed
D0003569,C000443,IL,35-44,F026,Wilkerson-Day Collections,EQF,R09,Online,10/18/2025,26-Oct-2025,Closed
D0005973,C000258,PA,35-44,F019,"Adams, Zuniga and Wong Auto",EQUIFAX,R06,Online,06-Dec-2025,2025-12-27,Closed
D0004721,C000573,FL,55-64,F021,Gray-Mayo Collections,TransUnion,R07,PHONE,2025-03-24,04/15/2025,Closed
D0000209,C000051,AZ,65+,F007,Blake and Sons Credit,transunion,r08,phone,26-Oct-2025,20-Dec-2025,Closed
D0000010,C000742,AZ,18-24,F028,"Hoffman, Baker and Richards Auto",TransUnion,R07,mail,03-Jun-2025,10-Jun-2025,Closed
D0001577,C000307,IL,55-64,F019,"Adams, Zuniga and Wong Auto",Equifax,R03,mail,2025-03-02,19-Mar-2025,Closed
D0000022,C000695,GA,18-24,F026,Wilkerson-Day Collections,EXP,other,call center,03/25/2026,,Open
D0000047,C000306,AZ,18-24,F015,Williams and Sons Retail,TransUnion,R07,Online,2026-07-12,07/22/2026,Closed
D0003769,C000323,WA,18-24,F030,"Snyder, Campos and Callahan Collections",EQF,R07,PHONE,2025-09-07,13-Oct-2025,Closed
D0002394,C000799,WA,35-44,F010,Abbott-Munoz Retail,TU,R07,call center,2025-03-21,,Open
D0002622,C000329,TX,45-54,F014,"Mcclure, Ward and Lee Bank",Equifax,R02,ONLINE,2025-04-18,,Open
D0005749,C000762,NC,25-34,F023,Perez Inc Credit,EQF,r10,online,14-Oct-2025,,Open
D0002499,C000049,NY,45-54,F030,"Snyder, Campos and Callahan Collections",equifax,R08,mail,30-Jun-2025,,Open
D0001219,C000276,CA,55-64,F028,"Hoffman, Baker and Richards Auto",TransUnion,R04,Mail,22-May-2025,,Open
D0003498,C000316,TX,45-54,F003,"Mcclain, Miller and Henderson Bank",EXP,R06,web,19-Aug-2026,2026-09-24,Closed
D0005838,C000259,IL,18-24,F027,Baker and Sons Retail,Experian,R09,Mail,2025-01-25,05-Mar-2025,Closed
D0004923,C000724,NC,35-44,F004,Davis and Sons Bank,TransUnion,R08,Mail,07/01/2025,,Open
D0001056,C000553,AZ,45-54,F026,Wilkerson-Day Collections,experian,R04,Online,23-Apr-2025,2025-04-26,Closed
D0000473,C000538,IL,65+,F017,James Group Collections,TU,R05,ONLINE,06/21/2025,27-Jun-2025,Closed
D0005332,C000135,PA,25-34,F003,"Mcclain, Miller and Henderson Bank",EXP,R06,Mail,03/14/2026,03/31/2026,Closed
D0002933,C000659,FL,45-54,F021,Gray-Mayo Collections,EQF,R01,MAIL,08/24/2026,2026-08-29,Closed
D0001747,C000199,NC,35-44,F030,"Snyder, Campos and Callahan Collections",Trans Union,R01,call center,30-Oct-2025,20-Nov-2025,Closed
D0002381,C000378,TX,65+,F018,"Flowers, Martin and Kelly Bank",EXP,R04,ONLINE,2026-07-23,2026-08-04,Closed
D0001375,C000587,TX,25-34,F010,Abbott-Munoz Retail,Experian,R09,Online,17-Mar-2025,09-May-2025,Closed
D0002860,C000383,FL,45-54,F028,"Hoffman, Baker and Richards Auto",Experian,R06,web,2026-03-01,04/08/2026,Closed
D0005117,C000745,CA,65+,F006,"Gardner, Robinson and Lawrence Credit",EXP,R04,PHONE,2026-02-03,2026-03-02,Closed
D0005547,C000552,GA,55-64,F028,"Hoffman, Baker and Richards Auto",Experian,R07,phone,2025-06-22,07/22/2025,Closed
D0001407,C000136,TX,18-24,F011,Blair PLC Retail,EXP,R05,phone,2025-04-09,14-Apr-2025,Closed
D0001233,C000119,TX,35-44,F004,Davis and Sons Bank,UNK,R01,Online,2026-05-29,06/23/2026,Closed
D0004707,C000429,IL,55-64,F012,Dudley Group Auto,Experian,R06,online,06/28/2026,07/23/2026,Closed
D0002544,C000249,FL,35-44,F023,Perez Inc Credit,experian,R03,mail,03/20/2026,2026-04-15,Closed
D0001455,C000484,NC,35-44,F005,"Guzman, Hoffman and Baldwin Collections",experian,R02,Phone,07-Jan-2025,,Open
D0003037,C000003,IL,25-34,F017,James Group Collections,EQF,R01,PHONE,22-May-2026,06/01/2026,Closed
D0002293,C000762,NC,25-34,F009,Garcia-James Bank,TU,r08,web,02-Dec-2025,2025-12-10,Closed
D0001586,C000620,AZ,25-34,F028,"Hoffman, Baker and Richards Auto",TU,R06,Online,2025-04-18,2025-06-10,Closed
D0000068,C000227,NC,65+,F015,Williams and Sons Retail,experian,R02,Phone,01/19/2026,2026-02-09,Closed
D0003787,C000165,AZ,65+,F025,"Walter, Edwards and Rios Bank",equifax,R05,Online,,2026-09-22,Closed
D0005804,C000199,NC,35-44,F024,Morales-Jones Auto,Experian,R03,Online,12-Nov-2025,2025-12-05,Closed
D0004125,C000041,NY,35-44,F003,"Mcclain, Miller and Henderson Bank",experian,R05,Online,21-Dec-2025,2025-12-27,Closed
D0005736,C000248,AZ,65+,F017,James Group Collections,Experian,R04,MAIL,2025-06-29,09-Aug-2025,Closed
D0001445,C000125,CA,25-34,F016,Galloway-Wyatt Collections,equifax,R05,call center,01/29/2026,,Open
D0003112,C000049,NY,45-54,F013,Arnold Ltd Bank,TU,R10,mail,07/19/2025,,Open
D0002841,C000096,NC,18-24,F025,"Walter, Edwards and Rios Bank",Equifax,r01,MAIL,2026-05-25,2026-06-21,Closed
D0003317,C000530,AZ,25-34,F017,James Group Collections,experian,R07,ONLINE,2025-12-09,27-Jan-2026,Closed
D0005685,C000783,NC,25-34,F014,"Mcclure, Ward and Lee Bank",Trans Union,R08,MAIL,11/10/2025,15-Nov-2025,Closed
D0004039,C000454,GA,18-24,F017,James Group Collections,Equifax,R05,MAIL,2026-08-29,2026-09-13,Closed
D0003296,C000721,TX,65+,F002,Doyle Ltd Collections,TU,R02,ONLINE,,2025-02-10,Closed
D0003394,C000624,TX,45-54,F027,Baker and Sons Retail,experian,R03,ONLINE,2026-05-23,2026-05-20,Closed
D0001977,C000118,FL,25-34,F003,"Mcclain, Miller and Henderson Bank",EXP,r01,Mail,2025-12-18,03-Jan-2026,Closed
D0004448,C000282,AZ,35-44,F002,Doyle Ltd Collections,TU,R06,call center,12-Jun-2026,07/03/2026,Closed
D0000808,C000202,OH,35-44,F030,"Snyder, Campos and Callahan Collections",Equifax,R03,online,06-Jan-2025,02/08/2025,Closed
D0001023,C000283,MI,35-44,F002,Doyle Ltd Collections,EXP,R09,phone,01/14/2025,2025-03-01,Closed
D0003075,C000191,PA,25-34,F026,Wilkerson-Day Collections,TransUnion,R02,Online,08/16/2025,08-Sep-2025,Closed
D0003702,C000766,CA,35-44,F009,Garcia-James Bank,TU,R05,ONLINE,03/09/2025,07-Apr-2025,Closed
D0001106,C000620,AZ,25-34,F018,"Flowers, Martin and Kelly Bank",TU,r02,Phone,05/10/2026,05/18/2026,Closed
D0001166,C000667,NY,18-24,F014,"Mcclure, Ward and Lee Bank",Experian,R09,online,12-Mar-2026,,Open
D0005014,C000442,FL,35-44,F015,Williams and Sons Retail,TransUnion,r04,Online,02-Nov-2025,26-Dec-2025,Closed
D0003584,C000538,IL,65+,F004,Davis and Sons Bank,Trans Union,R08,MAIL,08/03/2025,07-Sep-2025,Closed
D0005933,C000118,FL,25-34,F003,"Mcclain, Miller and Henderson Bank",transunion,R09,phone,2025-07-16,2025-08-14,Closed
D0003290,C000788,CA,18-24,F018,"Flowers, Martin and Kelly Bank",equifax,R08,Mail,05/18/2026,2026-05-24,Closed
D0003121,C000375,CA,45-54,F003,"Mcclain, Miller and Henderson Bank",EXP,r01,MAIL,10/27/2025,18-Nov-2025,Closed
D0005059,C000022,FL,35-44,F001,"Rodriguez, Figueroa and Sanchez Collections",Trans Union,R08,Phone,19-Feb-2025,06-Mar-2025,Closed
D0000956,C000479,OH,25-34,F020,"Reid, Ferguson and Sanchez Bank",transunion,R05,mail,2026-04-01,20-Apr-2026,Closed
D0001096,C000583,FL,65+,F027,Baker and Sons Retail,Equifax,R06,web,07/13/2026,14-Aug-2026,Closed
D0000879,C000560,AZ,18-24,F013,Arnold Ltd Bank,transunion,R10,MAIL,03/26/2026,2026-04-20,Closed
D0001974,C000436,FL,45-54,F025,"Walter, Edwards and Rios Bank",experian,R06,MAIL,2026-06-13,06/21/2026,Closed
D0004821,C000371,AZ,45-54,F024,Morales-Jones Auto,equifax,r10,web,2025-10-11,10/22/2025,Closed
D0001918,C000352,FL,18-24,F030,"Snyder, Campos and Callahan Collections",EXP,R07,mail,24-Aug-2026,16-Oct-2026,Closed
D0000806,C000216,OH,25-34,F023,Perez Inc Credit,EQF,R04,phone,17-Jan-2026,01/27/2026,Closed
D0004795,C000616,CA,35-44,F002,Doyle Ltd Collections,EXP,R03,MAIL,2025-11-06,14-Nov-2025,Closed
D0000541,C000196,MI,55-64,F024,Morales-Jones Auto,EQF,R03,MAIL,2025-05-16,28-May-2025,Closed
D0004345,C000543,CA,45-54,F004,Davis and Sons Bank,Trans Union,R09,phone,01-Apr-2026,04/11/2026,Closed
D0000975,C000115,AZ,35-44,F002,Doyle Ltd Collections,transunion,R02,MAIL,06/30/2026,07/10/2026,Closed
D0001846,C000520,IL,18-24,F021,Gray-Mayo Collections,transunion,R03,MAIL,02/23/2026,2026-03-11,Closed
D0002728,C000787,GA,65+,F016,Galloway-Wyatt Collections,EQF,R10,MAIL,31-May-2025,2025-06-17,Closed
D0002823,C000223,CA,35-44,F025,"Walter, Edwards and Rios Bank",experian,R09,phone,28-Jun-2025,06-Jul-2025,Closed
D0004077,C000304,NC,45-54,F017,James Group Collections,TransUnion,R09,mail,2025-04-20,28-Apr-2025,Closed
D0002973,C000316,TX,45-54,F025,"Walter, Edwards and Rios Bank",experian,R07,phone,2025-05-14,05/24/2025,Closed
D0003342,C000659,FL,45-54,F014,"Mcclure, Ward and Lee Bank",Trans Union,R10,call center,03/08/2026,2026-03-11,Closed
D0005894,C000320,PA,45-54,F006,"Gardner, Robinson and Lawrence Credit",EQF,R02,online,2026-03-30,23-Apr-2026,Closed
D0002936,C000731,CA,18-24,F010,Abbott-Munoz Retail,experian,R07,Phone,2026-08-22,2026-09-14,Closed
D0004990,C000299,PA,55-64,F025,"Walter, Edwards and Rios Bank",EQUIFAX,R05,Online,2026-01-11,01/17/2026,Closed
D0002986,C000548,MI,55-64,F030,"Snyder, Campos and Callahan Collections",Equifax,R07,Mail,2026-03-28,2026-04-11,Closed
D0001148,C000397,GA,65+,,"Hoffman, Baker and Richards Auto",EXP,,web,2025-04-11,2025-05-09,Closed
D0003259,C000394,FL,18-24,F011,Blair PLC Retail,TU,r02,Mail,2026-05-26,,Open
D0002819,C000597,PA,25-34,F015,Williams and Sons Retail,TU,R10,ONLINE,2026-01-04,2026-01-12,Closed
D0004820,C000685,IL,25-34,F027,Baker and Sons Retail,EQF,R05,Online,2026-08-06,2026-08-31,Closed
D0005870,C000496,AZ,65+,F014,"Mcclure, Ward and Lee Bank",experian,R04,Mail,09/28/2025,11/13/2025,Closed
D0000274,C000299,PA,55-64,F017,James Group Collections,EXP,R05,PHONE,20-Mar-2025,2025-03-28,Closed
D0005746,C000094,NY,35-44,F015,Williams and Sons Retail,experian,R03,mail,09-Mar-2026,2026-04-08,Closed
D0003190,C000126,TX,18-24,F002,Doyle Ltd Collections,equifax,R06,call center,,,Open
D0004287,C000060,AZ,45-54,F004,Davis and Sons Bank,Equifax,R10,web,03/15/2026,04/03/2026,Closed
D0003506,C000078,GA,55-64,F007,Blake and Sons Credit,EQUIFAX,R02,Online,02/18/2026,02/21/2026,Closed
D0003562,C000702,NC,35-44,F017,James Group Collections,Equifax,other,phone,14-Jun-2025,23-Jun-2025,Closed
D0003245,C000406,MI,18-24,F018,"Flowers, Martin and Kelly Bank",EQF,R04,web,2025-09-13,09/26/2025,Closed
D0002149,C000203,NY,45-54,F003,"Mcclain, Miller and Henderson Bank",EQUIFAX,R03,PHONE,01/10/2026,,Open
D0003657,C000499,IL,18-24,F024,Morales-Jones Auto,EXP,R08,web,2026-04-22,05/10/2026,Closed
D0000867,C000475,MI,55-64,F029,"Ross, Robinson and Bright Collections",Trans Union,R10,online,04/22/2025,05-May-2025,Closed
D0005485,C000312,FL,25-34,F009,Garcia-James Bank,Equifax,r01,Online,2025-06-06,02-Jul-2025,Closed
D0000167,C000519,MI,45-54,F004,Davis and Sons Bank,TU,R07,ONLINE,07/27/2026,,Open
D0003450,C000654,MI,65+,F022,"Watts, Robinson and Nguyen Bank",TransUnion,R08,call center,2026-06-14,20-Jun-2026,Closed
D0005124,C000264,CA,18-24,F019,"Adams, Zuniga and Wong Auto",equifax,R10,mail,2025-06-08,18-Jun-2025,Closed
D0004105,C000217,AZ,65+,F005,"Guzman, Hoffman and Baldwin Collections",Experian,R10,Mail,23-Feb-2026,03/09/2026,Closed
D0002810,C000046,MI,65+,F010,Abbott-Munoz Retail,TU,R02,MAIL,2025-04-18,2025-04-24,Closed
D0004888,C000744,PA,35-44,F010,Abbott-Munoz Retail,transunion,R05,web,2025-03-07,21-Mar-2025,Closed
D0005003,C000310,TX,25-34,F007,Blake and Sons Credit,EXP,R07,phone,07-Mar-2025,23-Mar-2025,Closed
D0004084,C000498,NY,55-64,F009,Garcia-James Bank,TU,R08,ONLINE,08-Apr-2025,2025-04-25,Closed
D0005294,C000745,CA,65+,F029,"Ross, Robinson and Bright Collections",equifax,R03,ONLINE,2026-06-14,06/21/2026,Closed
D0004753,C000414,IL,65+,F014,"Mcclure, Ward and Lee Bank",EXP,R07,ONLINE,,09/30/2025,Closed
D0004636,C000635,NC,45-54,F001,"Rodriguez, Figueroa and Sanchez Collections",TransUnion,R05,online,21-May-2026,,Open
D0003073,C000247,OH,45-54,F021,Gray-Mayo Collections,EQF,R10,PHONE,07/26/2025,08/15/2025,Closed
D0000333,C000634,OH,65+,F018,"Flowers, Martin and Kelly Bank",equifax,R05,web,14-Aug-2026,09/30/2026,Closed
D0000514,C000521,FL,35-44,F025,"Walter, Edwards and Rios Bank",transunion,,mail,22-Jun-2025,,Open
D0002257,C000471,WA,25-34,F015,Williams and Sons Retail,EQF,r07,Phone,24-Jan-2026,03/16/2026,Closed
D0003130,C000245,PA,18-24,F017,James Group Collections,experian,r06,online,13-Mar-2026,2026-04-25,Closed
D0000526,C000732,IL,45-54,F004,Davis and Sons Bank,EQF,r02,Online,04/09/2026,2026-05-22,Closed
D0001072,C000576,GA,18-24,F013,Arnold Ltd Bank,equifax,R07,Online,,02/06/2025,Closed
D0002375,C000019,NY,65+,F030,"Snyder, Campos and Callahan Collections",Equifax,r09,ONLINE,13-Jan-2026,05-Feb-2026,Closed
D0003316,C000057,TX,25-34,F029,"Ross, Robinson and Bright Collections",Trans Union,R01,ONLINE,04/07/2026,04/16/2026,Closed
D0003283,C000220,CA,18-24,F015,Williams and Sons Retail,EXP,R02,web,08/01/2025,08/26/2025,Closed
D0003636,C000530,AZ,25-34,F028,"Hoffman, Baker and Richards Auto",EXP,R09,MAIL,27-May-2025,07/15/2025,Closed
D0000645,C000751,AZ,35-44,F002,Doyle Ltd Collections,Equifax,R06,phone,17-Mar-2026,,Open
D0002591,C000658,MI,65+,F006,"Gardner, Robinson and Lawrence Credit",equifax,r10,call center,20-Jul-2026,07/25/2026,Closed
D0003315,C000202,OH,35-44,F023,Perez Inc Credit,transunion,R07,mail,02/24/2026,03/12/2026,Closed
D0001718,C000694,CA,35-44,F014,"Mcclure, Ward and Lee Bank",equifax,R02,online,2026-04-12,2026-05-29,Closed
D0004434,C000094,NY,35-44,F015,Williams and Sons Retail,transunion,R07,web,12-Jun-2025,2025-06-26,Closed
D0001073,C000023,TX,18-24,F027,Baker and Sons Retail,experian,R05,phone,02/19/2026,25-Feb-2026,Closed
D0001870,C000622,NY,55-64,F005,"Guzman, Hoffman and Baldwin Collections",experian,R03,Online,02/04/2025,11-Feb-2025,Closed
D0003972,C000099,TX,35-44,F006,"Gardner, Robinson and Lawrence Credit",TU,R09,web,2026-03-26,,Open
D0004941,C000294,NY,55-64,F028,"Hoffman, Baker and Richards Auto",EQUIFAX,R10,ONLINE,11/05/2025,,Open
D0004076,,WA,18-24,F026,Wilkerson-Day Collections,Equifax,R02,MAIL,2025-11-04,07-Nov-2025,Closed
D0000450,C000796,NY,35-44,F015,Williams and Sons Retail,EXP,r07,mail,07/19/2026,08/06/2026,Closed
D0001756,C000175,NY,18-24,F016,Galloway-Wyatt Collections,Trans Union,R05,online,2026-06-03,2026-06-08,Closed
D0005071,C000759,OH,25-34,F013,Arnold Ltd Bank,Experian,R10,Mail,2026-01-29,16-Feb-2026,Closed
D0005298,C000298,IL,25-34,F002,Doyle Ltd Collections,EXP,R09,PHONE,18-Mar-2025,01-May-2025,Closed
D0001548,C000289,WA,35-44,F003,"Mcclain, Miller and Henderson Bank",EXP,R04,call center,10/23/2025,15-Nov-2025,Closed
D0003490,C000267,CA,18-24,F007,Blake and Sons Credit,Experian,R05,MAIL,10/11/2025,11/26/2025,Closed
D0005293,,MI,55-64,F003,"Mcclain, Miller and Henderson Bank",Trans Union,R05,web,2025-09-23,,Open
D0001876,C000171,WA,35-44,F009,Garcia-James Bank,Trans Union,R08,Mail,2025-05-29,2025-06-22,Closed
D0005405,C000581,TX,18-24,F004,Davis and Sons Bank,equifax,R05,ONLINE,10/24/2025,2025-11-19,Closed
D0005456,C000431,GA,45-54,F020,"Reid, Ferguson and Sanchez Bank",equifax,R01,MAIL,2026-02-03,2026-02-17,Closed
D0002724,C000642,FL,65+,F008,"Henderson, Ramirez and Lewis Auto",equifax,R10,web,2025-09-18,10/14/2025,Closed
D0005455,C000407,IL,55-64,F009,Garcia-James Bank,experian,R05,call center,07/10/2025,08/21/2025,Closed
D0003691,C000480,IL,18-24,F016,Galloway-Wyatt Collections,Experian,R06,PHONE,30-Jan-2025,,Open
D0000334,C000504,NC,45-54,F028,"Hoffman, Baker and Richards Auto",equifax,R03,Online,01/24/2025,2025-01-27,Closed
D0002902,C000091,AZ,35-44,F017,James Group Collections,EXP,r10,Mail,07/11/2026,07/26/2026,Closed
D0003594,C000150,GA,25-34,F009,Garcia-James Bank,transunion,R05,online,24-Feb-2025,14-Mar-2025,Closed
D0004955,C000474,IL,65+,F029,"Ross, Robinson and Bright Collections",EXP,R04,phone,07-Jun-2026,,Open
D0002673,C000134,FL,45-54,F027,Baker and Sons Retail,UNK,,Online,05/07/2025,06/01/2025,Closed
D0005562,C000145,TX,25-34,F019,"Adams, Zuniga and Wong Auto",EXP,r02,online,07/10/2026,07/17/2026,Closed
D0003373,C000661,FL,45-54,F015,Williams and Sons Retail,EQUIFAX,R06,PHONE,01/08/2025,2025-01-24,Closed
D0004551,C000303,AZ,25-34,F020,"Reid, Ferguson and Sanchez Bank",TransUnion,R01,PHONE,2025-02-07,2025-02-27,Closed
D0000126,C000533,NY,35-44,F009,Garcia-James Bank,equifax,R09,MAIL,2025-05-21,07/07/2025,Closed
D0000075,C000034,WA,18-24,F015,Williams and Sons Retail,EQF,R10,Online,2025-09-27,11-Nov-2025,Closed
D0005709,C000629,NY,18-24,F009,Garcia-James Bank,EXP,R09,phone,03-Jul-2025,29-Jun-2025,Closed
D0002387,C000174,NC,55-64,F006,"Gardner, Robinson and Lawrence Credit",transunion,R10,ONLINE,06/02/2026,,Open
D0000979,C000350,PA,65+,F025,"Walter, Edwards and Rios Bank",TU,R01,Phone,03/21/2026,2026-03-26,Closed
D0004742,C000133,MI,45-54,F027,Baker and Sons Retail,equifax,R08,online,2026-04-12,2026-05-23,Closed
D0002518,C000757,AZ,55-64,F006,"Gardner, Robinson and Lawrence Credit",TU,R06,mail,2025-03-27,04/24/2025,Closed
D0004214,C000617,WA,45-54,F020,"Reid, Ferguson and Sanchez Bank",TU,R08,Phone,2025-03-03,2025-04-01,Closed
D0001459,C000572,PA,18-24,,Galloway-Wyatt Collections,experian,R01,Mail,11/09/2025,,Open
D0005827,C000512,FL,35-44,F028,"Hoffman, Baker and Richards Auto",transunion,R06,MAIL,02-Mar-2026,2026-03-21,Closed
D0000777,C000097,MI,35-44,F014,"Mcclure, Ward and Lee Bank",Experian,R08,Online,2025-10-10,10/27/2025,Closed
D0004490,C000572,PA,18-24,F020,"Reid, Ferguson and Sanchez Bank",Equifax,R05,Phone,03-Jul-2026,08/18/2026,Closed
D0004812,C000146,FL,25-34,F006,"Gardner, Robinson and Lawrence Credit",Equifax,R05,Phone,23-Mar-2026,04/15/2026,Closed
D0005412,C000343,IL,45-54,F011,Blair PLC Retail,EXP,R05,mail,2025-04-26,2025-05-14,Closed
D0002917,C000141,AZ,65+,F010,Abbott-Munoz Retail,equifax,R01,call center,07-Apr-2026,04/29/2026,Closed
D0005231,C000212,WA,55-64,F029,"Ross, Robinson and Bright Collections",equifax,R04,MAIL,04/22/2025,,Open
D0003392,C000749,TX,65+,F026,Wilkerson-Day Collections,EQF,R06,Mail,2026-04-12,2026-05-20,Closed
D0000644,C000330,NY,45-54,F025,"Walter, Edwards and Rios Bank",EQF,r09,PHONE,2025-08-22,2025-09-12,Closed
D0003509,C000078,GA,55-64,F014,"Mcclure, Ward and Lee Bank",TransUnion,r01,phone,12-Jun-2026,2026-06-28,Closed
D0001098,C000415,MI,18-24,F004,Davis and Sons Bank,EQF,r07,Phone,2025-01-14,,Open
D0002495,C000587,TX,25-34,F024,Morales-Jones Auto,Trans Union,r02,mail,30-Jan-2025,06-Feb-2025,Closed
D0002829,C000173,MI,45-54,F015,Williams and Sons Retail,experian,r09,PHONE,06/22/2026,,Open
D0000163,C000571,NC,45-54,F016,Galloway-Wyatt Collections,EXP,R04,Phone,03-Jul-2025,07/14/2025,Closed
D0000961,C000033,MI,25-34,F006,"Gardner, Robinson and Lawrence Credit",equifax,R05,Online,,28-Feb-2026,Closed
D0005963,C000526,AZ,55-64,F015,Williams and Sons Retail,EQF,R05,web,06/30/2025,03-Jul-2025,Closed
D0001162,C000370,OH,65+,F014,"Mcclure, Ward and Lee Bank",Equifax,R06,call center,11-Nov-2025,13-Dec-2025,Closed
D0003884,C000703,NC,55-64,F027,Baker and Sons Retail,EXP,R03,Phone,2026-01-14,01/20/2026,Closed
D0002186,C000644,TX,65+,F011,Blair PLC Retail,EQUIFAX,R10,online,2025-04-20,2025-05-20,Closed
D0003997,C000258,PA,35-44,F016,Galloway-Wyatt Collections,Trans Union,R06,MAIL,14-Jun-2025,21-Jun-2025,Closed
D0001370,C000235,NY,18-24,F010,Abbott-Munoz Retail,EQF,R02,Phone,05/14/2025,05/20/2025,Closed
D0001109,C000633,AZ,18-24,F019,"Adams, Zuniga and Wong Auto",experian,R06,call center,12/14/2025,2025-12-30,Closed
D0002399,C000288,OH,45-54,F015,Williams and Sons Retail,Trans Union,R05,Online,07/19/2026,04-Sep-2026,Closed
D0000578,C000739,PA,55-64,F019,"Adams, Zuniga and Wong Auto",EXP,R01,PHONE,04/27/2026,06/21/2026,Closed
D0003832,C000796,NY,35-44,F015,Williams and Sons Retail,Experian,R04,Phone,01/09/2026,08-Feb-2026,Closed
D0004403,C000157,GA,45-54,F011,Blair PLC Retail,EXP,R03,Phone,2025-08-07,17-Aug-2025,Closed
D0000847,C000758,CA,18-24,F005,"Guzman, Hoffman and Baldwin Collections",EXP,R08,phone,07/21/2025,2025-07-28,Closed
D0005048,C000391,AZ,18-24,F024,Morales-Jones Auto,experian,R08,mail,06-Dec-2025,12/28/2025,Closed
D0003210,C000779,TX,45-54,F001,"Rodriguez, Figueroa and Sanchez Collections",TransUnion,R07,ONLINE,02/08/2025,2025-02-15,Closed
D0001813,C000657,MI,45-54,F010,Abbott-Munoz Retail,EXP,r06,phone,06/20/2025,07/10/2025,Closed
D0000559,C000171,WA,35-44,F020,"Reid, Ferguson and Sanchez Bank",experian,R03,online,2025-12-27,23-Jan-2026,Closed
D0002279,C000591,WA,35-44,F028,"Hoffman, Baker and Richards Auto",EQUIFAX,R01,phone,2025-06-28,07/25/2025,Closed
D0000515,C000456,FL,45-54,F017,James Group Collections,Experian,R05,ONLINE,10-May-2025,16-May-2025,Closed
D0003618,C000321,PA,25-34,F002,Doyle Ltd Collections,EXP,R08,Mail,08/14/2025,2025-08-28,Closed
D0002260,C000700,PA,25-34,F030,"Snyder, Campos and Callahan Collections",EXP,r04,phone,2025-01-18,2025-02-14,Closed
D0000467,C000605,MI,55-64,F025,"Walter, Edwards and Rios Bank",equifax,R07,Phone,2026-06-25,07/07/2026,Closed
D0003479,C000650,IL,35-44,F004,Davis and Sons Bank,transunion,R01,mail,,2025-11-25,Closed
D0000811,C000783,NC,25-34,F026,Wilkerson-Day Collections,Equifax,R06,ONLINE,2025-10-16,19-Oct-2025,Closed
D0002213,C000389,NC,18-24,F027,Baker and Sons Retail,EQUIFAX,other,Mail,04/30/2025,21-Jun-2025,Closed
D0005149,C000338,GA,45-54,F008,"Henderson, Ramirez and Lewis Auto",EQF,R04,Online,08/06/2025,09/04/2025,Closed
D0004081,C000374,MI,55-64,F026,Wilkerson-Day Collections,TransUnion,R09,call center,2025-10-05,27-Oct-2025,Closed
D0005432,C000556,AZ,45-54,F021,Gray-Mayo Collections,EXP,XX99,call center,11-Jun-2025,02-Jul-2025,Closed
D0003039,C000666,AZ,55-64,F008,"Henderson, Ramirez and Lewis Auto",experian,R08,mail,07-May-2026,,Open
D0001412,C000518,GA,65+,F002,Doyle Ltd Collections,Experian,R10,phone,2026-08-31,,Open
D0002466,C000033,MI,25-34,F023,Perez Inc Credit,equifax,other,ONLINE,2025-10-30,,Open
D0002560,C000210,NY,35-44,F005,"Guzman, Hoffman and Baldwin Collections",TU,R01,Mail,2026-05-21,07/03/2026,Closed
D0001050,C000595,FL,45-54,F017,James Group Collections,EQF,R07,call center,22-Jul-2026,,Closed
D0000011,C000687,FL,65+,F014,"Mcclure, Ward and Lee Bank",equifax,R05,online,05-Jun-2026,06/13/2026,Closed
D0001003,C000052,NC,25-34,F013,Arnold Ltd Bank,transunion,R06,MAIL,08/08/2026,2026-09-06,Closed
D0000178,C000135,PA,25-34,F017,James Group Collections,experian,R09,call center,24-Jun-2025,,Open
D0005539,C000097,MI,35-44,F022,"Watts, Robinson and Nguyen Bank",equifax,R09,ONLINE,29-Nov-2025,2025-12-06,Closed
D0002854,C000040,AZ,35-44,F015,Williams and Sons Retail,Trans Union,R06,Online,02-Aug-2025,08/24/2025,Closed
D0005001,C000583,FL,65+,F024,Morales-Jones Auto,EQF,R04,MAIL,2025-06-18,12-Aug-2025,Closed
D0003656,C000470,WA,55-64,F011,Blair PLC Retail,TransUnion,R09,web,11/30/2025,01/14/2026,Closed
D0005357,C000775,IL,18-24,F003,"Mcclain, Miller and Henderson Bank",Equifax,R06,Phone,04/07/2025,,Open
D0004061,C000582,AZ,55-64,F008,"Henderson, Ramirez and Lewis Auto",Experian,R07,phone,01/16/2025,,Open
D0003093,C000362,IL,45-54,F011,Blair PLC Retail,Experian,R02,mail,2025-04-06,2025-04-26,Closed
D0002379,C000406,MI,18-24,F027,Baker and Sons Retail,TU,R07,phone,2026-02-14,2026-03-08,Closed
D0002026,C000148,NY,45-54,F007,Blake and Sons Credit,transunion,XX99,online,2025-11-20,12/08/2025,Closed
D0004095,C000357,PA,45-54,F014,"Mcclure, Ward and Lee Bank",transunion,R03,PHONE,06/29/2025,2025-07-18,Closed
D0005658,C000155,TX,25-34,F009,Garcia-James Bank,Trans Union,R04,Mail,27-Dec-2025,,Open
D0000429,C000003,IL,25-34,F028,"Hoffman, Baker and Richards Auto",Experian,R05,mail,06/02/2025,06/09/2025,Closed
D0005486,C000690,WA,65+,F002,Doyle Ltd Collections,Equifax,R06,MAIL,07/05/2025,2025-07-30,Closed
D0001053,C000382,PA,35-44,F008,"Henderson, Ramirez and Lewis Auto",TU,R03,call center,2026-02-15,,Closed
D0004106,C000555,MI,45-54,F029,"Ross, Robinson and Bright Collections",EXP,R01,Online,,,Open
D0003483,C000733,TX,18-24,F023,Perez Inc Credit,TU,r03,ONLINE,10/21/2025,25-Nov-2025,Closed
D0001048,C000176,NC,18-24,F020,"Reid, Ferguson and Sanchez Bank",EQF,R10,Phone,2025-02-17,2025-03-03,Closed
D0005239,C000252,CA,45-54,F019,"Adams, Zuniga and Wong Auto",EXP,R08,ONLINE,30-Jul-2026,,Open
D0004896,C000041,NY,35-44,F016,Galloway-Wyatt Collections,TU,R07,Phone,18-Dec-2025,2026-01-04,Closed
D0002854,C000040,AZ,35-44,F015,Williams and Sons Retail,Trans Union,R06,Online,02-Aug-2025,08/24/2025,Closed
D0002769,,IL,65+,F002,Doyle Ltd Collections,Experian,R04,online,13-Mar-2025,,Open
D0005395,C000432,WA,55-64,F012,Dudley Group Auto,EQF,R02,call center,10-Feb-2025,,Open
D0003328,C000104,GA,18-24,F018,"Flowers, Martin and Kelly Bank",EQF,R05,MAIL,2026-05-07,28-May-2026,Closed
D0003985,C000156,NY,45-54,F005,"Guzman, Hoffman and Baldwin Collections",EXP,R06,Phone,2026-06-14,07/24/2026,Closed
D0005606,C000717,AZ,65+,F027,Baker and Sons Retail,TU,R09,MAIL,05/27/2026,07/11/2026,Closed
D0004351,C000142,AZ,18-24,F028,"Hoffman, Baker and Richards Auto",Equifax,R08,Mail,03-May-2025,21-May-2025,Closed
D0002853,C000634,OH,65+,F013,Arnold Ltd Bank,Experian,R03,MAIL,2026-03-29,19-Apr-2026,Closed
D0005142,C000603,CA,35-44,F024,Morales-Jones Auto,Equifax,R09,Online,2025-02-20,2025-03-17,Closed
D0003651,C000677,MI,35-44,F011,Blair PLC Retail,TU,R03,PHONE,04/20/2025,2025-05-02,Closed
D0002091,C000058,MI,65+,F004,Davis and Sons Bank,TU,XX99,Online,13-Jul-2025,2025-07-18,Closed
D0000998,,PA,65+,F019,"Adams, Zuniga and Wong Auto",equifax,R05,Online,2025-06-21,2025-07-24,Closed
D0002776,C000452,GA,65+,F019,"Adams, Zuniga and Wong Auto",TransUnion,r05,phone,28-Dec-2025,,Open
D0003685,C000639,MI,18-24,F008,"Henderson, Ramirez and Lewis Auto",EXP,R08,Online,2026-07-03,07/17/2026,Closed
D0002341,C000108,NY,35-44,F001,"Rodriguez, Figueroa and Sanchez Collections",TU,R07,MAIL,2025-12-15,14-Jan-2026,Closed
D0003116,C000147,NC,45-54,F010,Abbott-Munoz Retail,transunion,R06,web,05/17/2026,,Open
D0000032,C000122,MI,25-34,F005,"Guzman, Hoffman and Baldwin Collections",TransUnion,R03,MAIL,10-Apr-2025,2025-04-23,Closed
D0004507,C000734,FL,55-64,F016,Galloway-Wyatt Collections,EQF,R02,Online,2025-05-31,2025-07-12,Closed
D0004589,C000735,NY,45-54,F018,"Flowers, Martin and Kelly Bank",TU,R05,phone,10/30/2025,2025-11-21,Closed
D0003343,C000640,FL,65+,F019,"Adams, Zuniga and Wong Auto",Experian,R04,Phone,12/06/2025,2026-01-08,Closed
D0005322,C000428,NC,65+,F028,"Hoffman, Baker and Richards Auto",transunion,R06,mail,18-Apr-2025,23-Apr-2025,Closed
D0004647,C000570,CA,65+,F016,Galloway-Wyatt Collections,Trans Union,R06,Mail,2025-04-05,04/16/2025,Closed
D0003871,C000490,GA,35-44,F016,Galloway-Wyatt Collections,experian,R04,Mail,03/29/2026,13-Apr-2026,Closed
D0005581,C000497,CA,25-34,F005,"Guzman, Hoffman and Baldwin Collections",equifax,r01,Mail,2025-05-03,,Open
D0005292,C000531,IL,25-34,F018,"Flowers, Martin and Kelly Bank",experian,R07,Phone,17-Dec-2025,,Open
D0004748,C000358,MI,65+,F007,Blake and Sons Credit,transunion,r10,ONLINE,02/06/2026,02/27/2026,Closed
D0000871,C000225,IL,25-34,F023,Perez Inc Credit,EQF,R03,Mail,09/15/2025,01-Nov-2025,Closed
D0003293,C000785,WA,65+,F018,"Flowers, Martin and Kelly Bank",TransUnion,R08,Phone,25-Feb-2025,2025-03-20,Closed
D0003066,C000366,FL,45-54,F001,"Rodriguez, Figueroa and Sanchez Collections",equifax,R05,Online,,06/07/2026,Closed
D0005130,C000495,TX,55-64,F025,"Walter, Edwards and Rios Bank",Experian,R03,MAIL,2025-05-13,06/01/2025,Closed
D0002786,C000207,CA,65+,F014,"Mcclure, Ward and Lee Bank",experian,R02,Mail,08-Apr-2026,2026-04-14,Closed
D0003211,C000418,PA,65+,F009,Garcia-James Bank,equifax,R02,Phone,02-Jan-2025,2025-02-10,Closed
D0005618,C000617,WA,45-54,F016,Galloway-Wyatt Collections,EQUIFAX,R02,Mail,11-Jan-2025,26-Jan-2025,Closed
D0003353,C000382,PA,35-44,F018,"Flowers, Martin and Kelly Bank",Equifax,XX99,MAIL,2025-09-25,2025-10-17,Closed
D0002346,C000518,GA,65+,F029,"Ross, Robinson and Bright Collections",transunion,R06,phone,04/02/2026,14-Apr-2026,Closed
D0004530,C000735,NY,45-54,F011,Blair PLC Retail,Trans Union,R01,web,06/04/2025,2025-06-12,Closed
D0002455,C000268,MI,45-54,F011,Blair PLC Retail,experian,R10,phone,,01/14/2025,Closed
D0001046,C000791,TX,45-54,F019,"Adams, Zuniga and Wong Auto",experian,R08,PHONE,2026-03-16,,Open
D0005928,C000080,CA,65+,F008,"Henderson, Ramirez and Lewis Auto",EXP,R03,Online,02-Apr-2025,29-Apr-2025,Closed
D0004498,C000345,IL,25-34,F003,"Mcclain, Miller and Henderson Bank",TransUnion,R07,web,11/19/2025,22-Nov-2025,Closed
D0003072,C000321,PA,25-34,F002,Doyle Ltd Collections,EQF,R08,ONLINE,30-Dec-2025,,Open
D0000246,C000461,NC,35-44,F001,"Rodriguez, Figueroa and Sanchez Collections",transunion,R04,Online,2025-02-07,05-Mar-2025,Closed
D0004573,C000728,WA,35-44,F001,"Rodriguez, Figueroa and Sanchez Collections",EQF,R03,PHONE,31-Jul-2025,,Open
D0003880,C000226,WA,45-54,F013,Arnold Ltd Bank,equifax,R07,PHONE,04/30/2025,2025-05-11,Closed
D0001493,C000703,NC,55-64,F025,"Walter, Edwards and Rios Bank",EXP,R08,MAIL,24-Aug-2025,08/28/2025,Closed
D0003512,C000376,MI,55-64,F025,"Walter, Edwards and Rios Bank",TU,R04,Mail,2026-02-05,14-Mar-2026,Closed
D0001707,C000166,GA,25-34,F015,Williams and Sons Retail,equifax,R02,call center,2025-11-21,12/18/2025,Closed
D0004998,C000706,IL,65+,F022,"Watts, Robinson and Nguyen Bank",equifax,other,Online,2026-05-11,,Open
D0005848,C000344,TX,65+,F024,Morales-Jones Auto,Trans Union,R09,online,2025-11-09,14-Dec-2025,Closed
D0000654,C000210,NY,35-44,F005,"Guzman, Hoffman and Baldwin Collections",equifax,R07,call center,2025-10-31,,Open
D0004416,C000433,IL,35-44,F018,"Flowers, Martin and Kelly Bank",Trans Union,R08,web,15-Mar-2026,,Open
D0003640,C000246,NY,65+,F022,"Watts, Robinson and Nguyen Bank",experian,R06,phone,03/16/2025,2025-03-27,Closed
D0001685,C000518,GA,65+,F018,"Flowers, Martin and Kelly Bank",TU,R06,MAIL,2026-03-02,04/22/2026,Closed
D0003051,C000188,FL,65+,F009,Garcia-James Bank,EQUIFAX,R08,online,02-Mar-2026,2026-03-08,Closed
D0001942,C000408,AZ,45-54,,Williams and Sons Retail,experian,R08,mail,04/11/2025,09-May-2025,Closed
D0005066,C000053,AZ,35-44,F006,"Gardner, Robinson and Lawrence Credit",EXP,R08,Phone,14-Mar-2025,25-Mar-2025,Closed
D0005431,C000327,GA,18-24,F010,Abbott-Munoz Retail,experian,R08,Mail,31-May-2025,2025-06-30,Closed
D0002056,C000800,PA,55-64,F001,"Rodriguez, Figueroa and Sanchez Collections",EQF,R09,PHONE,2026-04-06,22-May-2026,Closed
D0000861,C000567,OH,35-44,F028,"Hoffman, Baker and Richards Auto",EXP,R02,Mail,06-Jan-2025,02/24/2025,Closed
D0004901,C000485,WA,25-34,F010,Abbott-Munoz Retail,Experian,XX99,web,02-May-2026,2026-05-26,Closed
D0002137,C000659,FL,45-54,F016,Galloway-Wyatt Collections,equifax,R01,Mail,2026-05-07,11-May-2026,Closed
D0004512,C000437,MI,55-64,F019,"Adams, Zuniga and Wong Auto",EXP,R04,Phone,2026-05-06,,Open
D0002700,,NC,65+,F023,Perez Inc Credit,experian,R01,Online,02-Feb-2026,02/12/2026,Closed
D0001476,C000132,WA,55-64,F008,"Henderson, Ramirez and Lewis Auto",EQF,R08,Online,10/02/2025,10/18/2025,Closed
D0004421,C000051,AZ,65+,F003,"Mcclain, Miller and Henderson Bank",Experian,R09,mail,18-May-2025,2025-05-29,Closed
D0004485,C000574,OH,55-64,F016,Galloway-Wyatt Collections,transunion,R10,web,01-Nov-2025,19-Nov-2025,Closed
D0000130,C000186,MI,55-64,F020,"Reid, Ferguson and Sanchez Bank",EQUIFAX,R07,ONLINE,2026-01-24,23-Feb-2026,Closed
D0000955,C000494,PA,45-54,F016,Galloway-Wyatt Collections,transunion,,PHONE,2026-01-30,,Open
D0004781,C000429,IL,55-64,F013,Arnold Ltd Bank,transunion,other,MAIL,08/05/2026,21-Aug-2026,Closed
D0002304,C000779,TX,45-54,F004,Davis and Sons Bank,Experian,R10,mail,,,Open
D0000375,C000228,PA,55-64,F020,"Reid, Ferguson and Sanchez Bank",transunion,R03,Online,01/26/2026,01/22/2026,Closed
D0005767,C000070,NY,55-64,F003,"Mcclain, Miller and Henderson Bank",EXP,R02,mail,2025-08-22,2025-09-21,Closed
D0002074,C000775,IL,18-24,F016,Galloway-Wyatt Collections,experian,R01,Online,05/12/2026,06/11/2026,Closed
D0004652,C000614,MI,45-54,F028,"Hoffman, Baker and Richards Auto",Trans Union,R08,mail,17-Sep-2025,23-Oct-2025,Closed
D0005656,C000713,TX,45-54,F008,"Henderson, Ramirez and Lewis Auto",transunion,R08,MAIL,30-Mar-2026,03/29/2026,Closed
D0001376,C000414,IL,65+,F015,Williams and Sons Retail,Trans Union,R04,call center,2026-04-21,2026-04-18,Closed
D0001772,C000501,NC,45-54,F016,Galloway-Wyatt Collections,Experian,R05,ONLINE,2025-08-14,08/25/2025,Closed
D0003622,C000178,MI,18-24,F024,Morales-Jones Auto,equifax,R04,online,2025-06-20,,Open
D0001104,C000245,PA,18-24,F017,James Group Collections,Trans Union,R01,mail,01/16/2026,01/31/2026,Closed
D0000213,C000644,TX,65+,F018,"Flowers, Martin and Kelly Bank",Equifax,R10,online,2025-08-01,,Open
D0002822,C000654,MI,65+,F016,Galloway-Wyatt Collections,equifax,R09,MAIL,,08/02/2026,Closed
D0004712,C000253,FL,25-34,F003,"Mcclain, Miller and Henderson Bank",Experian,R09,Online,18-Jun-2026,10-Aug-2026,Closed
D0003785,C000206,AZ,55-64,F002,Doyle Ltd Collections,experian,R08,Online,2025-10-31,,Closed
D0003863,C000383,FL,45-54,F028,"Hoffman, Baker and Richards Auto",Experian,r09,Online,2025-01-09,08-Feb-2025,Closed
D0004829,C000209,AZ,18-24,F003,"Mcclain, Miller and Henderson Bank",TU,R08,online,19-Oct-2025,24-Oct-2025,Closed
D0005301,C000718,AZ,35-44,F007,Blake and Sons Credit,Experian,R10,Online,08/28/2026,09/09/2026,Closed
D0001539,C000768,NC,35-44,F025,"Walter, Edwards and Rios Bank",Equifax,R09,ONLINE,2025-10-03,10/20/2025,Closed
D0003703,C000414,IL,65+,F010,Abbott-Munoz Retail,EQUIFAX,R08,online,2025-12-29,01/24/2026,Closed
D0002998,C000723,CA,55-64,F006,"Gardner, Robinson and Lawrence Credit",EQUIFAX,R06,Phone,05/03/2026,25-May-2026,Closed
D0005796,C000529,NC,25-34,F020,"Reid, Ferguson and Sanchez Bank",Equifax,R09,mail,01/06/2026,2026-01-27,Closed
D0005751,C000733,TX,18-24,F026,Wilkerson-Day Collections,experian,R09,online,28-May-2026,2026-06-26,Closed
D0004118,C000215,FL,65+,F030,"Snyder, Campos and Callahan Collections",EXP,R06,ONLINE,2025-10-19,02-Nov-2025,Closed
D0004018,C000534,MI,65+,F028,"Hoffman, Baker and Richards Auto",experian,R03,Mail,22-Jun-2025,2025-07-19,Closed
D0005450,C000097,MI,35-44,F028,"Hoffman, Baker and Richards Auto",EXP,R08,mail,2025-12-24,01/10/2026,Closed
D0004107,C000474,IL,65+,F006,"Gardner, Robinson and Lawrence Credit",equifax,R09,MAIL,05-Feb-2026,2026-02-24,Closed
D0004585,C000509,CA,55-64,F029,"Ross, Robinson and Bright Collections",TU,R05,web,12/30/2025,,Closed
D0004752,C000336,NC,45-54,F015,Williams and Sons Retail,Trans Union,R07,Online,2025-12-13,,Open
D0001953,C000401,OH,25-34,F017,James Group Collections,TU,R08,Phone,2026-08-09,2026-09-22,Closed
D0005229,C000470,WA,55-64,F006,"Gardner, Robinson and Lawrence Credit",EQUIFAX,R05,online,2026-03-12,2026-04-02,Closed
D0003059,C000262,PA,65+,F015,Williams and Sons Retail,EXP,R05,ONLINE,2026-08-14,08/31/2026,Closed
D0005000,C000195,CA,45-54,F029,"Ross, Robinson and Bright Collections",EXP,R05,ONLINE,03/09/2026,03/17/2026,Closed
D0001093,C000031,IL,65+,F001,"Rodriguez, Figueroa and Sanchez Collections",TransUnion,R05,Phone,03/10/2025,03-Apr-2025,Closed
D0005626,C000633,AZ,18-24,F015,Williams and Sons Retail,EXP,R01,MAIL,2025-04-21,2025-06-06,Closed
D0001975,C000004,FL,25-34,F011,Blair PLC Retail,TransUnion,XX99,MAIL,2026-03-29,12-Apr-2026,Closed
D0000097,C000177,NY,18-24,F012,Dudley Group Auto,EQUIFAX,R09,ONLINE,08/08/2025,25-Aug-2025,Closed
D0005893,C000718,AZ,35-44,F029,"Ross, Robinson and Bright Collections",Experian,r10,phone,2025-07-09,30-Jul-2025,Closed
D0001467,C000676,MI,35-44,F030,"Snyder, Campos and Callahan Collections",UNK,R05,phone,21-Jun-2025,30-Jun-2025,Closed
D0001662,C000424,OH,65+,F012,Dudley Group Auto,Experian,R04,MAIL,12/14/2025,2025-12-21,Closed
D0003198,C000270,OH,45-54,F014,"Mcclure, Ward and Lee Bank",TU,R08,Mail,2025-08-27,16-Sep-2025,Closed
D0001004,C000121,NC,25-34,F008,"Henderson, Ramirez and Lewis Auto",equifax,R08,Phone,08/11/2026,2026-08-22,Closed
D0001873,C000106,NY,65+,F027,Baker and Sons Retail,experian,R08,PHONE,04/25/2025,05-May-2025,Closed
D0001516,C000234,NY,45-54,F007,Blake and Sons Credit,experian,r08,call center,2025-07-11,07/16/2025,Closed
D0004332,C000453,WA,45-54,F013,Arnold Ltd Bank,equifax,R08,mail,2026-04-18,2026-06-07,Closed
D0004840,C000651,OH,45-54,F010,Abbott-Munoz Retail,Equifax,R04,MAIL,,11-Jun-2026,Closed
D0000356,C000213,NY,35-44,F008,"Henderson, Ramirez and Lewis Auto",Experian,R02,PHONE,2025-07-27,05-Aug-2025,Closed
D0003246,C000127,OH,18-24,F028,"Hoffman, Baker and Richards Auto",EQF,R10,Online,09/02/2025,,Closed
D0000152,C000173,MI,45-54,F001,"Rodriguez, Figueroa and Sanchez Collections",Trans Union,R06,MAIL,17-Nov-2025,12/13/2025,Closed
D0005937,C000221,AZ,45-54,F012,Dudley Group Auto,experian,XX99,web,2025-03-21,13-Apr-2025,Closed
D0004093,C000254,GA,35-44,F004,Davis and Sons Bank,TransUnion,,PHONE,03/31/2026,05-Apr-2026,Closed
D0003741,C000013,NC,25-34,F005,"Guzman, Hoffman and Baldwin Collections",experian,R01,Phone,23-Jun-2026,01-Aug-2026,Closed
D0001253,C000043,AZ,35-44,F001,"Rodriguez, Figueroa and Sanchez Collections",transunion,R10,web,26-May-2026,2026-06-02,Closed
D0002388,C000782,TX,45-54,F029,"Ross, Robinson and Bright Collections",Experian,see notes,web,2025-10-04,10/20/2025,Closed
D0004900,C000098,GA,18-24,F013,Arnold Ltd Bank,experian,R01,web,20-Mar-2026,03/31/2026,Closed
D0000064,C000406,MI,18-24,F011,Blair PLC Retail,TU,R04,web,01/25/2026,07-Feb-2026,Closed
D0001976,C000369,CA,45-54,F026,Wilkerson-Day Collections,Experian,R05,web,29-Apr-2026,05/02/2026,Closed
D0000307,C000291,FL,45-54,F006,"Gardner, Robinson and Lawrence Credit",equifax,R02,MAIL,06/22/2025,,Closed
D0003783,C000345,IL,25-34,F028,"Hoffman, Baker and Richards Auto",Experian,r02,MAIL,2025-04-16,19-Apr-2025,Closed
D0001723,C000096,NC,18-24,F017,James Group Collections,TU,R02,MAIL,03/13/2026,2026-03-20,Closed
D0002781,C000565,NC,18-24,F005,"Guzman, Hoffman and Baldwin Collections",EXP,R05,call center,08/07/2025,,Closed
D0000618,C000459,MI,35-44,F004,Davis and Sons Bank,experian,R01,MAIL,22-Jul-2026,,Open
D0005265,C000061,PA,65+,F014,"Mcclure, Ward and Lee Bank",EQUIFAX,see notes,phone,13-Jun-2025,07/08/2025,Closed
D0001533,C000409,PA,65+,F028,"Hoffman, Baker and Richards Auto",experian,R10,Phone,2026-04-18,,Open
D0001607,C000186,MI,55-64,F026,Wilkerson-Day Collections,TU,R03,Phone,2026-07-06,07/15/2026,Closed
D0005826,C000538,IL,65+,F015,Williams and Sons Retail,transunion,R09,call center,2026-02-06,02/09/2026,Closed
D0005401,C000026,MI,35-44,F025,"Walter, Edwards and Rios Bank",Equifax,R08,mail,23-Aug-2025,26-Aug-2025,Closed
D0003577,C000103,TX,65+,F017,James Group Collections,transunion,R01,call center,2025-01-12,11-Feb-2025,Closed
D0000964,C000302,GA,45-54,F014,"Mcclure, Ward and Lee Bank",Trans Union,r01,Phone,05-Apr-2026,2026-04-23,Closed
D0005005,C000366,FL,45-54,F003,"Mcclain, Miller and Henderson Bank",Trans Union,R04,Online,23-Oct-2025,10-Nov-2025,Closed
D0003925,C000710,AZ,65+,F015,Williams and Sons Retail,Experian,R03,call center,20-Mar-2025,,Open
D0004029,C000066,IL,65+,F012,Dudley Group Auto,Experian,R03,MAIL,12-Dec-2025,,Open
D0004053,,GA,55-64,F018,"Flowers, Martin and Kelly Bank",Experian,R10,online,04-Aug-2025,25-Aug-2025,Closed
D0000969,C000633,AZ,18-24,F012,Dudley Group Auto,EQF,R06,ONLINE,24-Jul-2026,2026-08-13,Closed
D0004919,C000400,WA,35-44,F030,"Snyder, Campos and Callahan Collections",EXP,R10,call center,27-Feb-2025,03/15/2025,Closed
D0000431,C000018,IL,18-24,F012,Dudley Group Auto,equifax,R09,mail,2026-07-26,2026-08-01,Closed
D0001809,C000434,FL,18-24,F007,Blake and Sons Credit,TU,R07,mail,26-Jun-2026,16-Jul-2026,Closed
D0002681,C000513,AZ,18-24,F010,Abbott-Munoz Retail,Trans Union,R02,Phone,09/12/2025,2025-09-17,Closed
D0005794,C000163,PA,65+,F011,Blair PLC Retail,Experian,R07,Phone,11/11/2025,26-Nov-2025,Closed
D0002215,C000538,IL,65+,F018,"Flowers, Martin and Kelly Bank",TransUnion,R06,ONLINE,11-Jun-2025,,Closed
D0002713,C000388,CA,65+,F015,Williams and Sons Retail,EQF,,online,02/11/2026,04/06/2026,Closed
D0000637,C000599,WA,25-34,F019,"Adams, Zuniga and Wong Auto",Equifax,R10,mail,06-Jul-2025,24-Jul-2025,Closed
D0001111,C000749,TX,65+,,James Group Collections,Equifax,R01,online,2025-03-31,,Closed
D0003405,C000442,FL,35-44,F026,Wilkerson-Day Collections,equifax,R06,online,2026-09-01,2026-09-09,Closed
D0001495,C000358,MI,65+,F025,"Walter, Edwards and Rios Bank",equifax,R07,MAIL,05-Aug-2025,09/02/2025,Closed
D0005336,C000263,NC,35-44,F010,Abbott-Munoz Retail,Equifax,R08,mail,2025-06-13,2025-06-22,Closed
D0002200,C000251,TX,45-54,F017,James Group Collections,Experian,R05,web,15-Nov-2025,,Open
D0001653,C000232,CA,35-44,F015,Williams and Sons Retail,EQUIFAX,R05,PHONE,2025-08-01,08/28/2025,Closed
D0002525,C000221,AZ,45-54,F005,"Guzman, Hoffman and Baldwin Collections",EQUIFAX,R08,MAIL,2025-09-12,2025-11-05,Closed
D0005177,C000207,CA,65+,F019,"Adams, Zuniga and Wong Auto",experian,R03,mail,16-Apr-2026,05-Jun-2026,Closed
D0003389,C000111,NC,65+,F006,"Gardner, Robinson and Lawrence Credit",TransUnion,R06,web,27-Aug-2026,05-Oct-2026,Closed
D0004603,C000519,MI,45-54,F006,"Gardner, Robinson and Lawrence Credit",Trans Union,,call center,2026-01-09,15-Feb-2026,Closed
D0001968,C000422,PA,45-54,F001,"Rodriguez, Figueroa and Sanchez Collections",Equifax,R05,MAIL,06-Aug-2026,08/24/2026,Closed
D0001828,C000640,FL,65+,F013,Arnold Ltd Bank,TU,,ONLINE,05/24/2026,2026-07-12,Closed
D0000060,C000407,IL,55-64,F025,"Walter, Edwards and Rios Bank",EXP,R07,call center,01-Dec-2025,,Open
D0002604,C000519,MI,45-54,F010,Abbott-Munoz Retail,Equifax,r07,call center,2026-05-02,31-May-2026,Closed
D0002661,C000346,IL,35-44,F021,Gray-Mayo Collections,equifax,R06,web,08/30/2026,2026-09-18,Closed
D0003284,C000653,NC,45-54,F029,"Ross, Robinson and Bright Collections",EXP,R05,Online,2025-09-05,09-Sep-2025,Closed
D0003955,C000601,PA,35-44,F028,"Hoffman, Baker and Richards Auto",EQF,R07,Phone,06/27/2026,2026-07-07,Closed
D0003995,C000072,CA,18-24,F029,"Ross, Robinson and Bright Collections",EXP,R08,phone,04/14/2025,,Open
D0003886,C000209,AZ,18-24,F015,Williams and Sons Retail,TransUnion,R06,Mail,10/16/2025,,Open
D0001792,C000200,NY,35-44,F008,"Henderson, Ramirez and Lewis Auto",EQUIFAX,R04,call center,2026-02-09,2026-03-05,Closed
D0000058,C000044,WA,65+,F008,"Henderson, Ramirez and Lewis Auto",EXP,R03,mail,05-Aug-2025,26-Aug-2025,Closed
D0004946,C000450,GA,55-64,F027,Baker and Sons Retail,Experian,R03,mail,21-Jul-2026,13-Aug-2026,Closed
D0004719,C000395,MI,25-34,F021,Gray-Mayo Collections,Trans Union,R05,Mail,27-Jul-2025,,Open
D0002645,C000620,AZ,25-34,F021,Gray-Mayo Collections,EQUIFAX,R05,mail,02/11/2026,03/23/2026,Closed
D0003751,C000411,MI,65+,F009,Garcia-James Bank,Equifax,r10,Mail,15-Dec-2025,2026-01-05,Closed
D0000265,C000158,FL,45-54,F006,"Gardner, Robinson and Lawrence Credit",Experian,R01,mail,01-Sep-2025,,Open
D0005221,C000238,FL,65+,F025,"Walter, Edwards and Rios Bank",Experian,R10,web,2026-01-29,,Open
D0003391,C000197,TX,18-24,F029,"Ross, Robinson and Bright Collections",EQF,R01,mail,18-Feb-2025,,Open
D0002798,C000739,PA,55-64,F007,Blake and Sons Credit,TU,r06,phone,25-Nov-2025,,Open
D0005694,C000774,CA,25-34,F006,"Gardner, Robinson and Lawrence Credit",Experian,R10,phone,2025-01-21,07-Feb-2025,Closed
D0004614,C000003,IL,25-34,F014,"Mcclure, Ward and Lee Bank",equifax,R06,Phone,2026-01-09,29-Jan-2026,Closed
D0005873,C000630,GA,35-44,F025,"Walter, Edwards and Rios Bank",Equifax,R02,web,07/13/2025,,Open
D0001385,C000349,NY,25-34,F008,"Henderson, Ramirez and Lewis Auto",TU,R06,online,04/20/2025,,Open
D0000815,C000008,MI,45-54,F008,"Henderson, Ramirez and Lewis Auto",experian,R10,call center,10/20/2025,,Open
D0002220,C000031,IL,65+,F027,Baker and Sons Retail,EXP,R07,Mail,2025-11-10,11/18/2025,Closed
D0004144,C000166,GA,25-34,F001,"Rodriguez, Figueroa and Sanchez Collections",Experian,R10,web,2026-04-09,21-May-2026,Closed
D0003063,C000439,OH,18-24,F024,Morales-Jones Auto,EQUIFAX,r10,Online,19-Jun-2025,14-Jul-2025,Closed
D0001922,C000459,MI,35-44,F025,"Walter, Edwards and Rios Bank",Equifax,R10,phone,2025-11-06,06-Dec-2025,Closed
D0000306,C000153,CA,65+,F002,Doyle Ltd Collections,experian,R09,mail,2025-08-24,2025-09-01,Closed
D0002292,C000329,TX,45-54,F012,Dudley Group Auto,transunion,R09,ONLINE,08/02/2026,10-Aug-2026,Closed
D0002168,C000082,AZ,55-64,F018,"Flowers, Martin and Kelly Bank",experian,r07,phone,,2025-12-08,Closed
D0000380,,TX,35-44,F005,"Guzman, Hoffman and Baldwin Collections",Trans Union,R10,Online,2025-09-18,10/12/2025,Closed
D0002083,C000553,AZ,45-54,F001,"Rodriguez, Figueroa and Sanchez Collections",Equifax,r09,Mail,2025-04-03,04/16/2025,Closed
D0000792,C000291,FL,45-54,F025,"Walter, Edwards and Rios Bank",TransUnion,R09,Online,2025-03-31,,Open
D0001604,C000055,CA,35-44,F023,Perez Inc Credit,Trans Union,R04,Mail,2025-05-14,,Open
D0001945,C000605,MI,55-64,F015,Williams and Sons Retail,Trans Union,R10,Mail,04/05/2025,04/23/2025,Closed
D0000368,C000286,NC,35-44,F027,Baker and Sons Retail,Equifax,R03,Online,15-Jun-2025,06/21/2025,Closed
D0003486,C000286,NC,35-44,F015,Williams and Sons Retail,Experian,R03,mail,01/13/2025,02/09/2025,Closed
D0003416,C000266,MI,35-44,F023,Perez Inc Credit,TransUnion,R07,phone,01/01/2026,02-Feb-2026,Closed
D0002264,C000403,WA,65+,F013,Arnold Ltd Bank,experian,R03,ONLINE,17-Aug-2025,08/23/2025,Closed
D0002833,C000724,NC,35-44,F011,Blair PLC Retail,EQF,R02,web,2025-01-19,11-Feb-2025,Closed
D0001161,C000432,WA,55-64,F016,Galloway-Wyatt Collections,Trans Union,r05,Online,01/02/2026,01/20/2026,Closed
D0002558,C000099,TX,35-44,F027,Baker and Sons Retail,EXP,R06,call center,05/29/2026,26-Jun-2026,Closed
D0004478,C000717,AZ,65+,F029,"Ross, Robinson and Bright Collections",TU,R08,Phone,29-May-2025,,Closed
D0005123,C000168,FL,18-24,F015,Williams and Sons Retail,TransUnion,R07,web,05/21/2025,,Open
D0003386,C000161,PA,35-44,F029,"Ross, Robinson and Bright Collections",Experian,r08,online,19-Aug-2026,09/08/2026,Closed
D0001746,C000128,NC,25-34,F010,Abbott-Munoz Retail,TU,R05,online,05/18/2025,,Open
D0004298,C000561,NY,35-44,F002,Doyle Ltd Collections,Experian,R02,call center,01/25/2025,,Closed
D0001625,C000072,CA,18-24,F002,Doyle Ltd Collections,Experian,R10,Mail,04/01/2025,,Open
D0001561,C000786,NC,35-44,F024,Morales-Jones Auto,TransUnion,r08,Online,2025-02-24,,Open
D0005723,C000514,NY,25-34,F024,Morales-Jones Auto,EQUIFAX,R03,MAIL,2025-06-26,2025-07-01,Closed
D0003559,C000174,NC,55-64,F013,Arnold Ltd Bank,equifax,R06,ONLINE,05-Oct-2025,11-Oct-2025,Closed
D0001451,C000635,NC,45-54,F019,"Adams, Zuniga and Wong Auto",EQF,R10,mail,05-Aug-2026,08/15/2026,Closed
D0004555,C000618,WA,45-54,F023,Perez Inc Credit,experian,XX99,Mail,08/20/2025,2025-09-12,Closed
D0002929,C000246,NY,65+,F010,Abbott-Munoz Retail,Experian,R07,web,04/03/2025,,Open
D0004026,C000303,AZ,25-34,F003,"Mcclain, Miller and Henderson Bank",EQF,R09,call center,05-Dec-2025,12/27/2025,Closed
D0000663,C000110,PA,25-34,,"Ross, Robinson and Bright Collections",EXP,r02,Online,01-Jan-2025,2025-01-31,Closed
D0003188,C000694,CA,35-44,F017,James Group Collections,experian,R04,web,04/20/2025,05/19/2025,Closed
D0005603,C000338,GA,45-54,F012,Dudley Group Auto,EQUIFAX,r01,call center,2026-08-26,09/17/2026,Closed
D0005742,C000574,OH,55-64,F004,Davis and Sons Bank,TransUnion,R10,web,02-Jan-2026,,Open
D0005886,C000258,PA,35-44,F007,Blake and Sons Credit,EQUIFAX,R08,Phone,2025-08-14,09/11/2025,Closed
D0003537,C000700,PA,25-34,F018,"Flowers, Martin and Kelly Bank",Trans Union,XX99,online,16-Apr-2026,,Open
D0000573,C000258,PA,35-44,F025,"Walter, Edwards and Rios Bank",transunion,R09,call center,2026-02-21,03/01/2026,Closed
D0001331,C000587,TX,25-34,F026,Wilkerson-Day Collections,transunion,R09,Online,2025-03-30,20-Apr-2025,Closed
D0002085,C000356,CA,25-34,F018,"Flowers, Martin and Kelly Bank",EQUIFAX,R04,Online,02/11/2026,26-Feb-2026,Closed
D0000677,C000538,IL,65+,F029,"Ross, Robinson and Bright Collections",EQF,R06,Phone,2026-01-13,2026-01-31,Closed
D0003135,C000721,TX,65+,F005,"Guzman, Hoffman and Baldwin Collections",TU,R05,MAIL,2025-08-24,14-Sep-2025,Closed
D0001464,C000261,AZ,55-64,F030,"Snyder, Campos and Callahan Collections",EQUIFAX,R05,Online,2026-01-03,31-Jan-2026,Closed
D0001113,C000678,WA,35-44,F011,Blair PLC Retail,TU,R06,online,21-Sep-2025,09-Nov-2025,Closed
D0002229,C000308,AZ,65+,F001,"Rodriguez, Figueroa and Sanchez Collections",Trans Union,R07,Online,06-Oct-2025,19-Oct-2025,Closed
D0004423,C000624,TX,45-54,F016,Galloway-Wyatt Collections,TransUnion,r01,ONLINE,27-Aug-2026,08/31/2026,Closed
D0000424,C000503,MI,25-34,F024,Morales-Jones Auto,Equifax,R08,mail,2025-07-04,2025-07-12,Closed
D0000413,C000612,OH,25-34,F024,Morales-Jones Auto,transunion,R02,Phone,01/09/2025,27-Jan-2025,Closed
D0003249,C000372,WA,25-34,F029,"Ross, Robinson and Bright Collections",transunion,r04,online,03/12/2026,03/28/2026,Closed
D0004227,C000651,OH,45-54,F030,"Snyder, Campos and Callahan Collections",EQUIFAX,R03,web,10-Jan-2025,01/28/2025,Closed
D0004518,C000396,FL,25-34,F027,Baker and Sons Retail,Experian,r01,online,22-Dec-2025,2026-02-10,Closed
D0002437,C000280,FL,35-44,F003,"Mcclain, Miller and Henderson Bank",EXP,R09,Mail,2026-07-22,2026-07-27,Closed
D0004169,C000111,NC,65+,F008,"Henderson, Ramirez and Lewis Auto",Trans Union,R10,Online,27-Jun-2025,2025-07-11,Closed
D0004826,C000537,GA,65+,F011,Blair PLC Retail,EQF,R04,MAIL,04/30/2025,05/23/2025,Closed
D0005907,C000342,AZ,25-34,F010,Abbott-Munoz Retail,EXP,r09,online,2026-05-24,,Open
D0000791,C000222,IL,18-24,F024,Morales-Jones Auto,EQUIFAX,r01,PHONE,2025-06-27,10-Aug-2025,Closed
D0001869,C000573,FL,55-64,F003,"Mcclain, Miller and Henderson Bank",experian,R07,mail,19-Jul-2026,17-Aug-2026,Closed
D0000911,C000687,FL,65+,F028,"Hoffman, Baker and Richards Auto",experian,R10,mail,2026-08-03,2026-09-24,Closed
D0003103,C000042,OH,25-34,F014,"Mcclure, Ward and Lee Bank",equifax,R04,Mail,11-Feb-2026,01-Apr-2026,Closed
D0003055,C000127,OH,18-24,F014,"Mcclure, Ward and Lee Bank",equifax,R07,web,18-Feb-2025,,Open
D0002642,C000329,TX,45-54,F024,Morales-Jones Auto,experian,R09,Phone,2025-07-11,08/07/2025,Closed
D0003778,C000675,FL,45-54,F024,Morales-Jones Auto,EQF,R07,web,2026-04-24,17-May-2026,Closed
D0000166,C000405,IL,18-24,F013,Arnold Ltd Bank,TU,R05,web,24-Aug-2026,,Closed
D0005160,C000523,WA,45-54,F024,Morales-Jones Auto,EQUIFAX,R07,ONLINE,22-Feb-2025,2025-03-08,Closed
D0004319,C000746,OH,25-34,F004,Davis and Sons Bank,Trans Union,R02,web,2025-03-29,04/16/2025,Closed
D0002512,C000542,TX,55-64,F009,Garcia-James Bank,Equifax,R10,Mail,02/26/2026,2026-03-18,Closed
D0004831,C000034,WA,18-24,F002,Doyle Ltd Collections,equifax,R06,Phone,04/14/2026,03-Jun-2026,Closed
D0004913,C000659,FL,45-54,F019,"Adams, Zuniga and Wong Auto",EQUIFAX,r08,mail,07/18/2026,08/14/2026,Closed
D0005686,C000004,FL,25-34,F021,Gray-Mayo Collections,TU,r06,online,26-Aug-2026,,Open
D0003612,C000484,NC,35-44,F029,"Ross, Robinson and Bright Collections",Equifax,r01,PHONE,02-Feb-2025,,Open
D0005967,C000570,CA,65+,F026,Wilkerson-Day Collections,experian,R04,call center,16-Feb-2026,04-Mar-2026,Closed
D0005360,C000418,PA,65+,F012,Dudley Group Auto,transunion,R03,call center,02/09/2026,2026-03-01,Closed
D0001901,C000412,AZ,25-34,F018,"Flowers, Martin and Kelly Bank",Equifax,R08,Mail,08/18/2026,,Open
D0005203,C000502,MI,55-64,F009,Garcia-James Bank,Experian,R01,call center,2025-05-02,09-May-2025,Closed
D0005090,C000775,IL,18-24,F018,"Flowers, Martin and Kelly Bank",transunion,R04,call center,02/04/2025,01-Mar-2025,Closed
D0001543,C000057,TX,25-34,F019,"Adams, Zuniga and Wong Auto",TransUnion,r06,online,29-Nov-2025,2025-12-02,Closed
D0001032,C000600,TX,35-44,F026,Wilkerson-Day Collections,Equifax,R08,Online,03/11/2026,03/29/2026,Closed
D0002984,C000078,GA,55-64,F025,"Walter, Edwards and Rios Bank",Trans Union,R08,mail,2025-08-18,2025-08-29,Closed
D0003377,C000385,PA,35-44,F021,Gray-Mayo Collections,TransUnion,R02,ONLINE,2025-08-04,,Open
D0000732,C000475,MI,55-64,F006,"Gardner, Robinson and Lawrence Credit",experian,R01,phone,03/04/2025,2025-04-27,Closed
D0002017,C000057,TX,25-34,F008,"Henderson, Ramirez and Lewis Auto",EQUIFAX,r03,Mail,06/15/2026,2026-07-27,Closed
D0000568,C000029,TX,45-54,F028,"Hoffman, Baker and Richards Auto",transunion,R03,PHONE,08/05/2025,08/08/2025,Closed
D0000324,C000323,WA,18-24,F013,Arnold Ltd Bank,EQF,R09,PHONE,2025-06-18,22-Jun-2025,Closed
D0005585,C000076,TX,45-54,F013,Arnold Ltd Bank,TransUnion,R09,phone,02/17/2026,02/22/2026,Closed
D0002323,C000535,MI,35-44,F008,"Henderson, Ramirez and Lewis Auto",EXP,R06,call center,12/20/2025,2025-12-23,Closed
D0003826,C000453,WA,45-54,F008,"Henderson, Ramirez and Lewis Auto",experian,R01,Online,2025-06-26,25-Jul-2025,Closed
D0005076,C000560,AZ,18-24,F003,"Mcclain, Miller and Henderson Bank",Experian,R01,call center,16-Jan-2025,18-Feb-2025,Closed
D0004945,C000493,TX,18-24,F010,Abbott-Munoz Retail,Experian,R09,call center,2025-05-06,2025-06-01,Closed
D0000582,C000078,GA,55-64,F019,"Adams, Zuniga and Wong Auto",transunion,R07,Mail,05-Apr-2025,04/25/2025,Closed
D0004646,C000266,MI,35-44,F027,Baker and Sons Retail,experian,R09,web,04/23/2026,05/05/2026,Closed
D0001952,C000187,OH,35-44,F023,Perez Inc Credit,Trans Union,other,Phone,25-Aug-2026,2026-09-21,Closed
D0005286,C000537,GA,65+,F010,Abbott-Munoz Retail,TransUnion,R10,Online,23-Sep-2025,10/08/2025,Closed
D0002526,C000630,GA,35-44,F018,"Flowers, Martin and Kelly Bank",TransUnion,R08,online,2025-01-01,,Open
D0000505,C000384,OH,35-44,F016,Galloway-Wyatt Collections,EQF,R09,PHONE,10/29/2025,2025-11-02,Closed
D0005001,C000583,FL,65+,F024,Morales-Jones Auto,EQF,R04,MAIL,2025-06-18,12-Aug-2025,Closed
D0003628,C000550,IL,55-64,F023,Perez Inc Credit,EQF,R03,ONLINE,06/30/2026,16-Aug-2026,Closed
D0003306,C000379,PA,25-34,F018,"Flowers, Martin and Kelly Bank",Equifax,R08,web,02/26/2026,,Open
D0005700,C000345,IL,25-34,F021,Gray-Mayo Collections,Equifax,R04,mail,05/30/2026,06/09/2026,Closed
D0005200,C000089,NC,25-34,F004,Davis and Sons Bank,Trans Union,R08,Phone,2025-01-15,01/24/2025,Closed
D0005897,C000544,WA,35-44,F012,Dudley Group Auto,Experian,R10,MAIL,,10/21/2025,Closed
D0002028,C000003,IL,25-34,F028,"Hoffman, Baker and Richards Auto",Trans Union,R03,MAIL,2026-08-12,07-Sep-2026,Closed
D0004944,C000354,OH,55-64,F030,"Snyder, Campos and Callahan Collections",Experian,R03,phone,06/06/2026,07/02/2026,Closed
D0000217,C000289,WA,35-44,F009,Garcia-James Bank,EXP,R03,MAIL,03/11/2025,24-Mar-2025,Closed
D0005454,C000172,CA,18-24,F020,"Reid, Ferguson and Sanchez Bank",Trans Union,r01,Online,09-Jun-2025,07/22/2025,Closed
D0000557,C000066,IL,65+,F020,"Reid, Ferguson and Sanchez Bank",EXP,XX99,Mail,2025-10-22,08-Nov-2025,Closed
D0000296,C000758,CA,18-24,F022,"Watts, Robinson and Nguyen Bank",TransUnion,R04,mail,02/25/2025,03/07/2025,Closed
D0005496,C000563,GA,35-44,F010,Abbott-Munoz Retail,transunion,r05,Online,2025-01-27,01-Feb-2025,Closed
D0004032,C000546,CA,18-24,F017,James Group Collections,EXP,R09,ONLINE,04/20/2025,2025-05-01,Closed
D0005034,C000526,AZ,55-64,F027,Baker and Sons Retail,experian,R02,mail,22-Aug-2025,,Open
D0005587,C000340,AZ,35-44,F005,"Guzman, Hoffman and Baldwin Collections",EQUIFAX,R01,mail,2026-06-14,30-Jun-2026,Closed
D0000774,C000579,IL,45-54,F023,Perez Inc Credit,EQUIFAX,R03,Mail,2025-03-10,03/25/2025,Closed
D0005528,C000633,AZ,18-24,F004,Davis and Sons Bank,TU,R08,phone,08/11/2026,05-Sep-2026,Closed
D0005185,C000323,WA,18-24,F029,"Ross, Robinson and Bright Collections",EQF,R03,MAIL,03/23/2026,09-Apr-2026,Closed
D0003082,C000415,MI,18-24,F009,Garcia-James Bank,UNK,R08,Mail,2025-05-24,06/19/2025,Closed
D0001579,C000002,CA,65+,F004,Davis and Sons Bank,EXP,,Online,08/17/2025,2025-08-20,Closed
D0005905,C000460,GA,55-64,F024,Morales-Jones Auto,transunion,R09,online,03/17/2026,04/10/2026,Closed
D0000454,C000797,MI,65+,F012,Dudley Group Auto,EXP,R02,phone,11-Jul-2025,2025-08-20,Closed
D0004597,C000124,WA,65+,F028,"Hoffman, Baker and Richards Auto",Trans Union,R05,MAIL,,2025-06-22,Closed
D0004971,C000360,PA,45-54,F004,Davis and Sons Bank,Experian,R02,Mail,20-May-2025,06/09/2025,Closed
D0001152,C000053,AZ,35-44,F021,Gray-Mayo Collections,TransUnion,R07,phone,15-Apr-2025,06/05/2025,Closed
D0001990,C000193,IL,45-54,F007,Blake and Sons Credit,Equifax,R04,mail,2025-11-11,,Open
D0003239,C000255,IL,25-34,F021,Gray-Mayo Collections,EXP,R10,PHONE,11-Feb-2025,2025-03-05,Closed
D0000586,C000458,IL,65+,F015,Williams and Sons Retail,TransUnion,R04,MAIL,13-Feb-2026,03/06/2026,Closed
D0001638,C000636,OH,65+,,Blair PLC Retail,TU,R02,MAIL,07-Nov-2025,11/22/2025,Closed
D0002004,C000664,AZ,18-24,,"Rodriguez, Figueroa and Sanchez Collections",Trans Union,R10,Phone,2025-10-14,2025-10-24,Closed
D0001282,C000237,CA,35-44,F001,"Rodriguez, Figueroa and Sanchez Collections",Equifax,R10,Phone,29-Jan-2025,22-Feb-2025,Closed
D0002371,C000062,GA,25-34,F019,"Adams, Zuniga and Wong Auto",equifax,R10,online,2026-08-16,23-Aug-2026,Closed
D0002663,C000091,AZ,35-44,F001,"Rodriguez, Figueroa and Sanchez Collections",Equifax,R09,phone,09/19/2025,2025-11-09,Closed
D0003936,C000785,WA,65+,F005,"Guzman, Hoffman and Baldwin Collections",EXP,R06,phone,02/17/2026,2026-03-03,Closed
D0001197,C000655,NY,25-34,F023,Perez Inc Credit,Equifax,R01,ONLINE,04-Jan-2026,2026-01-08,Closed
D0003319,C000140,WA,18-24,F005,"Guzman, Hoffman and Baldwin Collections",Trans Union,R04,call center,09/26/2025,2025-10-01,Closed
D0002641,C000656,NY,18-24,F011,Blair PLC Retail,TransUnion,R05,Online,07/20/2025,08/05/2025,Closed
D0001624,C000438,AZ,45-54,F009,Garcia-James Bank,EXP,R05,Phone,08-Feb-2026,18-Feb-2026,Closed
D0005081,C000594,GA,45-54,F017,James Group Collections,EQUIFAX,R06,mail,09/13/2025,09/18/2025,Closed
D0003672,C000701,FL,25-34,F011,Blair PLC Retail,Trans Union,R01,Mail,2025-01-31,,Open
D0000982,C000104,GA,18-24,F028,"Hoffman, Baker and Richards Auto",Experian,R09,Mail,05/30/2026,12-Jun-2026,Closed
D0003517,C000174,NC,55-64,F017,James Group Collections,transunion,R09,call center,2025-01-20,2025-02-14,Closed
D0000344,C000417,OH,55-64,F009,Garcia-James Bank,EQUIFAX,r06,ONLINE,05-May-2025,19-May-2025,Closed
D0000377,C000391,AZ,18-24,F014,"Mcclure, Ward and Lee Bank",experian,R09,ONLINE,03/27/2025,2025-05-16,Closed
D0002916,C000625,TX,55-64,F009,Garcia-James Bank,EQUIFAX,R09,Mail,06/11/2026,07/28/2026,Closed
D0000168,C000601,PA,35-44,F028,"Hoffman, Baker and Richards Auto",EQUIFAX,R09,PHONE,2025-01-29,13-Feb-2025,Closed
D0000579,C000138,OH,45-54,F029,"Ross, Robinson and Bright Collections",TransUnion,R06,PHONE,03/17/2025,2025-04-02,Closed
D0003829,C000474,IL,65+,F027,Baker and Sons Retail,Experian,R06,Phone,2025-06-29,03-Aug-2025,Closed
D0001068,C000388,CA,65+,F027,Baker and Sons Retail,TransUnion,R01,ONLINE,05/21/2025,06/01/2025,Closed
D0002439,C000489,GA,45-54,F011,Blair PLC Retail,Equifax,R07,phone,10/16/2025,2025-11-06,Closed
D0001819,C000054,CA,25-34,F006,"Gardner, Robinson and Lawrence Credit",transunion,r03,mail,08-May-2026,06/27/2026,Closed
D0004885,C000526,AZ,55-64,F001,"Rodriguez, Figueroa and Sanchez Collections",Trans Union,R08,ONLINE,05-Apr-2025,,Closed
D0005567,C000208,NC,35-44,F004,Davis and Sons Bank,EQUIFAX,R07,phone,12/29/2025,01/07/2026,Closed
D0002626,C000349,NY,25-34,F011,Blair PLC Retail,transunion,R06,Online,,08-Jul-2025,Closed
D0000426,C000088,WA,35-44,F007,Blake and Sons Credit,EQF,r02,online,2025-05-23,06/09/2025,Closed
D0002693,C000709,NY,25-34,F028,"Hoffman, Baker and Richards Auto",EXP,R10,MAIL,2025-06-18,2025-07-14,Closed
D0004222,C000547,FL,65+,F012,Dudley Group Auto,experian,R06,online,2025-12-25,,Open
D0005435,C000520,IL,18-24,F002,Doyle Ltd Collections,EQUIFAX,R05,mail,28-Jul-2025,23-Aug-2025,Closed
D0005484,C000063,IL,25-34,F022,"Watts, Robinson and Nguyen Bank",transunion,R03,Phone,13-Apr-2025,2025-05-10,Closed
D0004000,C000182,MI,55-64,F016,Galloway-Wyatt Collections,transunion,R06,MAIL,2026-07-22,09/14/2026,Closed
D0002177,C000166,GA,25-34,F013,Arnold Ltd Bank,EQF,R10,Mail,18-Apr-2026,21-Apr-2026,Closed
D0002159,C000627,WA,25-34,F013,Arnold Ltd Bank,experian,R03,mail,2025-12-05,,Closed
D0005780,C000177,NY,18-24,F008,"Henderson, Ramirez and Lewis Auto",Equifax,R04,PHONE,08-Feb-2025,2025-02-26,Closed
D0000508,C000129,IL,65+,F030,"Snyder, Campos and Callahan Collections",Experian,R07,web,2026-07-05,08/26/2026,Closed
D0005065,C000177,NY,18-24,F029,"Ross, Robinson and Bright Collections",EXP,R03,phone,13-Jan-2025,2025-02-04,Closed
D0000907,C000361,CA,35-44,F027,Baker and Sons Retail,transunion,XX99,MAIL,2025-08-07,2025-08-14,Closed
D0002210,C000626,GA,18-24,F029,"Ross, Robinson and Bright Collections",Experian,R10,web,17-Jul-2026,01-Aug-2026,Closed
D0000405,C000515,NY,55-64,F010,Abbott-Munoz Retail,EQUIFAX,R02,Online,2025-10-10,2025-11-04,Closed
D0000953,C000765,NY,55-64,F003,"Mcclain, Miller and Henderson Bank",experian,R07,online,2026-06-02,25-Jun-2026,Closed
D0005489,C000610,NC,55-64,F002,Doyle Ltd Collections,EXP,R05,PHONE,05/10/2026,05/19/2026,Closed
D0005279,C000142,AZ,18-24,F022,"Watts, Robinson and Nguyen Bank",Experian,R10,Mail,2026-06-05,03-Jul-2026,Closed
D0004718,C000683,CA,55-64,F005,"Guzman, Hoffman and Baldwin Collections",Trans Union,R03,mail,08/09/2026,26-Aug-2026,Closed
D0004465,C000537,GA,65+,F023,Perez Inc Credit,EXP,r01,PHONE,2026-02-04,03-Mar-2026,Closed
D0000686,C000386,PA,35-44,F027,Baker and Sons Retail,TU,R07,web,07/18/2026,07/27/2026,Closed
D0002671,C000540,NC,55-64,F025,"Walter, Edwards and Rios Bank",EXP,R03,mail,04-Aug-2026,2026-08-20,Closed
D0000885,C000770,AZ,18-24,F018,"Flowers, Martin and Kelly Bank",Equifax,R08,PHONE,01/07/2025,2025-01-15,Closed
D0002883,C000503,MI,25-34,F011,Blair PLC Retail,TransUnion,R07,PHONE,12/26/2025,01/04/2026,Closed
D0004027,C000361,CA,35-44,F001,"Rodriguez, Figueroa and Sanchez Collections",EQUIFAX,r01,call center,19-Jun-2026,23-Jun-2026,Closed
D0003178,C000218,IL,55-64,F018,"Flowers, Martin and Kelly Bank",TU,R04,Mail,11-Apr-2026,26-Apr-2026,Closed
D0001970,C000360,PA,45-54,F014,"Mcclure, Ward and Lee Bank",Trans Union,R06,call center,27-May-2026,06/09/2026,Closed
D0001006,C000582,AZ,55-64,F003,"Mcclain, Miller and Henderson Bank",EXP,R04,mail,05-May-2025,08-May-2025,Closed
D0001879,,WA,55-64,F018,"Flowers, Martin and Kelly Bank",Experian,R03,Mail,27-Jun-2026,30-Jul-2026,Closed
D0001515,C000071,GA,18-24,F012,Dudley Group Auto,experian,R01,MAIL,08/21/2026,09/02/2026,Closed
D0004361,C000326,WA,55-64,F002,Doyle Ltd Collections,EXP,R08,Online,04-Apr-2025,,Open
D0000641,C000132,WA,55-64,F026,Wilkerson-Day Collections,UNK,XX99,phone,20-Apr-2025,04/25/2025,Closed
D0003841,C000229,CA,18-24,F014,"Mcclure, Ward and Lee Bank",TransUnion,R05,Mail,2025-04-11,05/01/2025,Closed
D0002040,C000551,CA,25-34,F004,Davis and Sons Bank,experian,R08,phone,08/06/2026,2026-09-19,Closed
D0003298,C000253,FL,25-34,F018,"Flowers, Martin and Kelly Bank",Equifax,R02,Mail,09-Jan-2025,2025-01-21,Closed
D0003586,C000185,AZ,55-64,F019,"Adams, Zuniga and Wong Auto",TransUnion,R05,web,2026-06-02,2026-07-01,Closed
D0004737,C000346,IL,35-44,F029,"Ross, Robinson and Bright Collections",EXP,R05,phone,09/03/2025,09/07/2025,Closed
D0004503,C000272,TX,45-54,F007,Blake and Sons Credit,EXP,R10,mail,06/01/2025,,Open
D0000540,C000714,CA,35-44,F003,"Mcclain, Miller and Henderson Bank",transunion,R04,mail,2026-08-03,08-Aug-2026,Closed
D0000564,C000164,WA,55-64,F008,"Henderson, Ramirez and Lewis Auto",Experian,R05,phone,19-Apr-2026,15-May-2026,Closed
D0005440,C000788,CA,18-24,F010,Abbott-Munoz Retail,TU,R07,MAIL,2026-07-03,23-Jul-2026,Closed
D0002834,C000712,NC,35-44,F001,"Rodriguez, Figueroa and Sanchez Collections",TU,R10,Online,2025-10-05,11/04/2025,Closed
D0004969,C000416,MI,18-24,F002,Doyle Ltd Collections,experian,R04,call center,07-Jul-2025,,Closed
D0002721,C000103,TX,65+,F003,"Mcclain, Miller and Henderson Bank",transunion,r04,Mail,2026-07-24,2026-08-23,Closed
D0005340,C000730,TX,25-34,F029,"Ross, Robinson and Bright Collections",EQUIFAX,R06,ONLINE,20-Apr-2025,05/06/2025,Closed
D0004451,C000264,CA,18-24,F004,Davis and Sons Bank,EQUIFAX,R06,ONLINE,,2025-06-11,Closed
D0004355,C000271,MI,55-64,F028,"Hoffman, Baker and Richards Auto",experian,R01,Mail,07/31/2026,2026-09-08,Closed
D0005911,C000318,MI,25-34,F011,Blair PLC Retail,TU,R06,ONLINE,11-Jun-2025,2025-07-01,Closed
D0000719,C000296,PA,55-64,F010,Abbott-Munoz Retail,Equifax,R05,web,10-Jul-2026,15-Jul-2026,Closed
D0001307,C000550,IL,55-64,F019,"Adams, Zuniga and Wong Auto",equifax,R08,web,06/21/2025,2025-07-25,Closed
D0001733,C000304,NC,45-54,F007,Blake and Sons Credit,TU,R10,PHONE,2025-05-08,17-May-2025,Closed
D0001610,C000020,PA,35-44,F010,Abbott-Munoz Retail,TU,R06,PHONE,07/27/2026,08-Sep-2026,Closed
D0002614,C000267,CA,18-24,F019,"Adams, Zuniga and Wong Auto",EQUIFAX,R05,Online,07/30/2025,,Open
D0001700,C000106,NY,65+,F026,Wilkerson-Day Collections,Trans Union,R07,MAIL,07/19/2026,2026-09-06,Closed
D0002612,C000008,MI,45-54,F013,Arnold Ltd Bank,transunion,R03,mail,2025-01-03,01/09/2025,Closed
D0002084,C000173,MI,45-54,F023,Perez Inc Credit,EXP,R02,mail,02/18/2025,28-Feb-2025,Closed
D0001417,C000360,PA,45-54,F022,"Watts, Robinson and Nguyen Bank",transunion,r03,Online,01/10/2026,2026-01-22,Closed
D0001557,C000592,NC,65+,F012,Dudley Group Auto,equifax,r04,web,01/04/2025,02/10/2025,Closed
D0001527,C000120,CA,55-64,F005,"Guzman, Hoffman and Baldwin Collections",EQF,R03,phone,27-Jan-2025,2025-02-21,Closed
D0000749,C000175,NY,18-24,F026,Wilkerson-Day Collections,EQUIFAX,R01,Phone,2026-08-14,2026-09-08,Closed
D0002837,C000281,PA,18-24,F019,"Adams, Zuniga and Wong Auto",EQUIFAX,R02,phone,2025-03-07,03/11/2025,Closed
D0003686,C000424,OH,65+,F001,"Rodriguez, Figueroa and Sanchez Collections",Equifax,R03,ONLINE,01/12/2025,,Open
D0003788,C000796,NY,35-44,F004,Davis and Sons Bank,EQF,R02,phone,2026-02-05,2026-02-27,Closed
D0003203,C000033,MI,25-34,F028,"Hoffman, Baker and Richards Auto",transunion,R08,Phone,21-May-2026,2026-06-15,Closed
D0000922,C000629,NY,18-24,F010,Abbott-Munoz Retail,experian,R06,MAIL,22-Jun-2026,2026-07-13,Closed
D0004717,C000389,NC,18-24,F003,"Mcclain, Miller and Henderson Bank",TU,R05,web,06/26/2025,29-Jun-2025,Closed
D0005338,C000421,OH,18-24,F005,"Guzman, Hoffman and Baldwin Collections",experian,R10,phone,2025-01-19,26-Jan-2025,Closed
D0003885,C000431,GA,45-54,F020,"Reid, Ferguson and Sanchez Bank",Experian,R10,Mail,2026-06-23,,Open
D0000844,C000529,NC,25-34,F013,Arnold Ltd Bank,Experian,R05,call center,2026-05-08,06/12/2026,Closed
D0000666,,IL,18-24,F001,"Rodriguez, Figueroa and Sanchez Collections",Trans Union,R08,phone,2025-10-06,10/31/2025,Closed
D0003598,C000262,PA,65+,F022,"Watts, Robinson and Nguyen Bank",EQUIFAX,R10,web,04/28/2025,10-Jun-2025,Closed
D0005355,C000753,IL,25-34,F003,"Mcclain, Miller and Henderson Bank",EQUIFAX,R07,phone,04/03/2026,2026-04-13,Closed
D0003141,C000141,AZ,65+,F001,"Rodriguez, Figueroa and Sanchez Collections",Trans Union,R10,web,13-Aug-2025,2025-09-29,Closed
D0004089,C000275,WA,45-54,F018,"Flowers, Martin and Kelly Bank",EQF,R03,Mail,04/26/2025,2025-05-07,Closed
D0005650,C000192,AZ,65+,F027,Baker and Sons Retail,equifax,R06,Mail,25-May-2025,06/07/2025,Closed
D0004720,,AZ,35-44,F024,Morales-Jones Auto,equifax,R04,phone,01/03/2025,2025-02-15,Closed
D0002807,C000410,FL,18-24,F021,Gray-Mayo Collections,TU,R04,mail,2025-12-15,2026-02-07,Closed
D0001436,C000250,NY,65+,F030,"Snyder, Campos and Callahan Collections",experian,R07,call center,01/02/2025,01/14/2025,Closed
D0005419,C000497,CA,25-34,F029,"Ross, Robinson and Bright Collections",TransUnion,R07,PHONE,2025-03-31,,Open
D0001350,C000315,GA,55-64,F020,"Reid, Ferguson and Sanchez Bank",TU,R08,Mail,06/19/2025,2025-07-05,Closed
D0005699,C000492,IL,45-54,F023,Perez Inc Credit,equifax,R01,call center,2025-11-23,01-Dec-2025,Closed
D0005084,C000425,GA,65+,F016,Galloway-Wyatt Collections,EXP,R07,Phone,09/01/2026,2026-09-22,Closed
D0005753,C000427,NY,65+,F016,Galloway-Wyatt Collections,Equifax,R01,ONLINE,12/20/2025,,Open
D0005095,C000587,TX,25-34,F022,"Watts, Robinson and Nguyen Bank",TransUnion,R07,Phone,2025-04-18,05/22/2025,Closed
D0003804,C000579,IL,45-54,F015,Williams and Sons Retail,Equifax,R05,Mail,03/04/2025,11-Mar-2025,Closed
D0004116,C000662,AZ,35-44,F015,Williams and Sons Retail,EQF,R05,MAIL,02/23/2026,2026-03-06,Closed
D0003621,C000590,NY,45-54,F014,"Mcclure, Ward and Lee Bank",TransUnion,r08,Online,27-Dec-2025,13-Feb-2026,Closed
D0003230,C000150,GA,25-34,F023,Perez Inc Credit,Experian,R02,Mail,06/01/2026,06/23/2026,Closed
D0002407,C000356,CA,25-34,F002,Doyle Ltd Collections,TU,R03,MAIL,2026-02-11,06-Mar-2026,Closed
D0003485,C000748,FL,35-44,F003,"Mcclain, Miller and Henderson Bank",experian,R01,MAIL,2025-03-13,04/04/2025,Closed
D0000116,,PA,55-64,F025,"Walter, Edwards and Rios Bank",EXP,R07,Mail,01/10/2025,18-Jan-2025,Closed
D0001981,C000728,WA,35-44,F018,"Flowers, Martin and Kelly Bank",Experian,R02,call center,01/19/2025,14-Mar-2025,Closed
D0000766,C000579,IL,45-54,F004,Davis and Sons Bank,transunion,R04,ONLINE,10/29/2025,,Open
D0000423,C000642,FL,65+,F021,Gray-Mayo Collections,Experian,R07,mail,07/19/2026,2026-08-01,Closed
D0005576,C000241,NC,45-54,F010,Abbott-Munoz Retail,TransUnion,r08,Phone,11/07/2025,,Open
D0005529,C000781,NC,55-64,F007,Blake and Sons Credit,Trans Union,R10,online,04/12/2026,15-Apr-2026,Closed
D0005305,C000772,OH,25-34,F018,"Flowers, Martin and Kelly Bank",TransUnion,R08,Phone,01-May-2025,2025-05-31,Closed
D0003369,C000252,CA,45-54,F030,"Snyder, Campos and Callahan Collections",transunion,R07,Mail,2025-07-22,04-Aug-2025,Closed
D0001163,C000655,NY,25-34,F006,"Gardner, Robinson and Lawrence Credit",EQF,other,PHONE,13-May-2026,2026-05-24,Closed
D0004989,C000280,FL,35-44,F023,Perez Inc Credit,EQUIFAX,R05,Mail,10-Jan-2025,2025-01-18,Closed
D0004739,C000526,AZ,55-64,F011,Blair PLC Retail,Experian,R09,mail,03/27/2025,10-Apr-2025,Closed
D0000267,C000579,IL,45-54,F024,Morales-Jones Auto,EXP,R08,mail,2026-03-29,2026-04-16,Closed
D0004938,C000473,WA,45-54,F029,"Ross, Robinson and Bright Collections",TU,R05,mail,05/02/2025,16-Jun-2025,Closed
D0003013,C000655,NY,25-34,F028,"Hoffman, Baker and Richards Auto",Trans Union,R05,Mail,2025-11-09,11/26/2025,Closed
D0004876,C000569,PA,55-64,F030,"Snyder, Campos and Callahan Collections",equifax,R06,Mail,23-Oct-2025,16-Nov-2025,Closed
D0001319,,IL,18-24,F017,James Group Collections,Trans Union,R01,MAIL,11-Mar-2025,2025-03-21,Closed
D0005366,C000039,IL,45-54,F012,Dudley Group Auto,transunion,R10,Mail,02/17/2025,2025-02-20,Closed
D0003233,C000482,NY,35-44,F018,"Flowers, Martin and Kelly Bank",Equifax,R06,phone,03/12/2026,03/16/2026,Closed
D0000009,C000177,NY,18-24,F002,Doyle Ltd Collections,experian,R01,PHONE,2025-09-11,10/28/2025,Closed
D0002043,C000074,NY,65+,,Baker and Sons Retail,EQF,XX99,call center,09/18/2025,10/04/2025,Closed
D0003367,C000281,PA,18-24,F009,Garcia-James Bank,transunion,R03,Mail,03/11/2025,2025-03-25,Closed
D0004798,C000104,GA,18-24,F026,Wilkerson-Day Collections,EXP,R04,PHONE,23-Aug-2025,2025-09-05,Closed
D0005233,C000508,MI,55-64,F018,"Flowers, Martin and Kelly Bank",Equifax,R09,mail,2025-08-11,2025-08-31,Closed
D0003797,C000292,AZ,45-54,F016,Galloway-Wyatt Collections,EXP,R10,mail,2025-04-12,2025-05-05,Closed
D0005690,C000652,NY,25-34,F011,Blair PLC Retail,experian,R10,mail,06/20/2026,19-Jul-2026,Closed
D0005771,C000566,GA,18-24,F019,"Adams, Zuniga and Wong Auto",Equifax,r03,ONLINE,2025-12-23,01/13/2026,Closed
D0002953,C000048,WA,25-34,F019,"Adams, Zuniga and Wong Auto",equifax,R01,ONLINE,2026-08-10,08/15/2026,Closed
D0004627,C000226,WA,45-54,F029,"Ross, Robinson and Bright Collections",experian,R03,call center,10/02/2025,10/12/2025,Closed
D0002884,C000308,AZ,65+,F030,"Snyder, Campos and Callahan Collections",transunion,R04,PHONE,2026-02-02,23-Mar-2026,Closed
D0005188,C000686,MI,35-44,F017,James Group Collections,transunion,R06,phone,03/11/2025,04/19/2025,Closed
D0002494,C000033,MI,25-34,F028,"Hoffman, Baker and Richards Auto",EQF,R01,call center,2025-01-26,02/21/2025,Closed
D0002049,C000593,IL,45-54,F015,Williams and Sons Retail,TransUnion,R10,Mail,29-Nov-2025,12/29/2025,Closed
D0005006,C000390,OH,25-34,F013,Arnold Ltd Bank,TransUnion,R02,MAIL,01/29/2025,2025-03-07,Closed
D0004492,C000230,TX,65+,F008,"Henderson, Ramirez and Lewis Auto",Experian,R03,Mail,26-Jul-2026,16-Aug-2026,Closed
D0003996,C000387,TX,45-54,F001,"Rodriguez, Figueroa and Sanchez Collections",equifax,r05,Mail,2025-10-24,11/24/2025,Closed
D0003446,C000228,PA,55-64,F017,James Group Collections,equifax,R06,Mail,2026-08-15,08/31/2026,Closed
D0004892,C000763,MI,25-34,F001,"Rodriguez, Figueroa and Sanchez Collections",Equifax,R01,phone,2026-01-14,01/17/2026,Closed
D0003754,C000364,WA,65+,F023,Perez Inc Credit,Trans Union,other,Mail,2025-11-09,2025-12-05,Closed
D0001203,C000010,TX,25-34,F018,"Flowers, Martin and Kelly Bank",EQF,R03,PHONE,10/16/2025,10/23/2025,Closed
D0004974,C000338,GA,45-54,,Blake and Sons Credit,EQUIFAX,R07,phone,09/08/2025,,Open
D0002843,C000265,IL,25-34,F021,Gray-Mayo Collections,experian,R08,ONLINE,10/26/2025,20-Nov-2025,Closed
D0001978,C000134,FL,45-54,F021,Gray-Mayo Collections,Trans Union,R05,Mail,05-May-2026,,Open
D0004344,C000710,AZ,65+,F002,Doyle Ltd Collections,EQUIFAX,R03,ONLINE,18-Aug-2025,2025-09-03,Closed
D0004774,C000290,NC,25-34,F002,Doyle Ltd Collections,TransUnion,R02,web,07/10/2026,07-Aug-2026,Closed
D0000695,C000069,OH,25-34,F025,"Walter, Edwards and Rios Bank",transunion,R01,ONLINE,2025-04-14,2025-05-04,Closed
D0003853,C000189,WA,35-44,F026,Wilkerson-Day Collections,EXP,r08,phone,01-Jun-2026,,Open
D0005310,C000598,MI,55-64,F003,"Mcclain, Miller and Henderson Bank",EQF,R07,Phone,13-Mar-2026,2026-04-06,Closed
D0003762,C000185,AZ,55-64,F009,Garcia-James Bank,EXP,R08,Mail,03-Mar-2025,03/29/2025,Closed
D0000364,C000163,PA,65+,F020,"Reid, Ferguson and Sanchez Bank",EQUIFAX,R04,call center,12-Aug-2026,2026-08-31,Closed
D0004081,C000374,MI,55-64,F026,Wilkerson-Day Collections,TransUnion,R09,call center,2025-10-05,27-Oct-2025,Closed
D0001060,C000174,NC,55-64,,Wilkerson-Day Collections,EQUIFAX,r08,Mail,,06/28/2025,Closed
D0000611,C000230,TX,65+,F015,Williams and Sons Retail,EQUIFAX,R01,MAIL,03-Oct-2025,25-Oct-2025,Closed
D0005778,C000182,MI,55-64,F012,Dudley Group Auto,Trans Union,R07,online,04-Jul-2026,,Open
D0003690,C000363,PA,55-64,F010,Abbott-Munoz Retail,Equifax,R09,online,2026-05-20,18-Jun-2026,Closed
D0004371,C000430,NC,45-54,F003,"Mcclain, Miller and Henderson Bank",experian,R01,MAIL,2025-01-07,20-Jan-2025,Closed
D0000108,C000451,FL,65+,F015,Williams and Sons Retail,Trans Union,R10,web,09/27/2025,01-Oct-2025,Closed
D0000445,C000095,NY,55-64,F029,"Ross, Robinson and Bright Collections",transunion,R07,call center,15-Mar-2026,23-Mar-2026,Closed
D0001997,C000669,MI,35-44,F006,"Gardner, Robinson and Lawrence Credit",EXP,R03,MAIL,2025-05-27,07/14/2025,Closed
D0002429,C000356,CA,25-34,F022,"Watts, Robinson and Nguyen Bank",Equifax,R03,web,04/17/2025,04/14/2025,Closed
D0005523,C000715,NC,18-24,F004,Davis and Sons Bank,EQUIFAX,R06,Phone,10-May-2026,07-May-2026,Closed
D0005392,C000449,WA,45-54,F015,Williams and Sons Retail,Trans Union,R08,Phone,08/24/2025,2025-09-12,Closed
D0002666,C000319,WA,65+,F026,Wilkerson-Day Collections,Equifax,R09,MAIL,07/06/2026,07/29/2026,Closed
D0004386,C000241,NC,45-54,F007,Blake and Sons Credit,EXP,R06,web,26-Mar-2025,2025-04-12,Closed
D0003173,C000518,GA,65+,F008,"Henderson, Ramirez and Lewis Auto",experian,R04,MAIL,01-May-2026,2026-05-06,Closed
D0001413,C000401,OH,25-34,F022,"Watts, Robinson and Nguyen Bank",TransUnion,R06,phone,28-Apr-2025,17-May-2025,Closed
D0001914,C000720,AZ,35-44,F012,Dudley Group Auto,Experian,R01,call center,02/03/2025,02/08/2025,Closed
D0003301,C000663,GA,35-44,F013,Arnold Ltd Bank,TU,r08,web,10/04/2025,11/24/2025,Closed
D0004574,C000778,TX,65+,F016,Galloway-Wyatt Collections,Experian,R07,Mail,27-Feb-2026,20-Mar-2026,Closed
D0005641,C000778,TX,65+,F011,Blair PLC Retail,TU,R10,PHONE,2026-05-19,06/01/2026,Closed
D0003183,C000494,PA,45-54,F019,"Adams, Zuniga and Wong Auto",Trans Union,R01,Phone,08/07/2026,11-Aug-2026,Closed
D0000728,C000699,OH,65+,F017,James Group Collections,equifax,R04,mail,09/02/2025,09/21/2025,Closed
D0000478,C000364,WA,65+,F008,"Henderson, Ramirez and Lewis Auto",EQF,R03,ONLINE,31-Jan-2026,03/06/2026,Closed
D0002620,C000344,TX,65+,F010,Abbott-Munoz Retail,Experian,R03,Mail,06-Dec-2025,12/27/2025,Closed
D0004999,C000640,FL,65+,F007,Blake and Sons Credit,experian,R04,mail,06-Jun-2026,2026-06-11,Closed
D0003566,C000263,NC,35-44,F021,Gray-Mayo Collections,equifax,R04,phone,11/13/2025,11/22/2025,Closed
D0002867,C000021,IL,25-34,F018,"Flowers, Martin and Kelly Bank",equifax,R03,online,15-Aug-2025,30-Aug-2025,Closed
D0001571,C000738,WA,55-64,F024,Morales-Jones Auto,EXP,R04,PHONE,24-Jan-2025,2025-02-23,Closed
D0004761,C000732,IL,45-54,F010,Abbott-Munoz Retail,EQF,R05,Mail,30-May-2025,,Open
D0005570,C000418,PA,65+,F012,Dudley Group Auto,equifax,R06,MAIL,2026-04-26,05/13/2026,Closed
D0000035,C000429,IL,55-64,F005,"Guzman, Hoffman and Baldwin Collections",transunion,R09,call center,02/27/2026,03/26/2026,Closed
D0001259,C000651,OH,45-54,F026,Wilkerson-Day Collections,EQF,R01,phone,12/20/2025,,Closed
D0004713,C000540,NC,55-64,F014,"Mcclure, Ward and Lee Bank",transunion,R01,online,23-Jan-2025,02/05/2025,Closed
D0000290,C000215,FL,65+,F012,Dudley Group Auto,EXP,R09,Online,2025-03-20,17-Apr-2025,Closed
D0000165,C000612,OH,25-34,F002,Doyle Ltd Collections,equifax,R01,phone,2025-06-29,07/08/2025,Closed
D0003314,C000528,PA,18-24,F015,Williams and Sons Retail,Equifax,R09,ONLINE,2026-08-20,2026-09-19,Closed
D0001421,C000732,IL,45-54,F009,Garcia-James Bank,EXP,R04,call center,04/19/2025,05/12/2025,Closed
D0002483,C000169,MI,65+,F002,Doyle Ltd Collections,EXP,R06,web,11-Jun-2026,18-Jun-2026,Closed
D0004034,C000708,GA,18-24,F014,"Mcclure, Ward and Lee Bank",transunion,R06,Mail,28-Jul-2026,,Closed
D0003765,C000636,OH,65+,F028,"Hoffman, Baker and Richards Auto",EXP,R10,ONLINE,08/16/2025,2025-08-19,Closed
D0003049,C000419,OH,18-24,F027,Baker and Sons Retail,Trans Union,r10,call center,04/21/2026,,Open
D0001178,C000243,NY,25-34,F020,"Reid, Ferguson and Sanchez Bank",equifax,r02,web,07/14/2026,2026-07-20,Closed
D0000417,C000109,NC,55-64,F005,"Guzman, Hoffman and Baldwin Collections",EQUIFAX,R02,PHONE,05/04/2025,,Open
D0004660,C000032,MI,35-44,F026,Wilkerson-Day Collections,Experian,R07,call center,09-Dec-2025,01/26/2026,Closed
D0001659,C000671,WA,35-44,F025,"Walter, Edwards and Rios Bank",Experian,R10,ONLINE,30-Oct-2025,2025-11-13,Closed
D0004375,C000548,MI,55-64,F024,Morales-Jones Auto,Experian,R06,ONLINE,08-Jun-2026,19-Jul-2026,Closed
D0002355,C000198,NC,25-34,F015,Williams and Sons Retail,EXP,R06,web,10/07/2025,10/14/2025,Closed
D0005348,C000193,IL,45-54,F013,Arnold Ltd Bank,Equifax,R04,Mail,2025-08-15,2025-09-17,Closed
D0005399,C000571,NC,45-54,F028,"Hoffman, Baker and Richards Auto",TransUnion,R08,phone,02/13/2026,10-Mar-2026,Closed
D0000323,C000425,GA,65+,F012,Dudley Group Auto,EXP,R06,mail,09-Sep-2025,2025-09-25,Closed
D0004313,,FL,25-34,F023,Perez Inc Credit,experian,r09,PHONE,28-Feb-2026,2026-03-14,Closed
D0002864,C000022,FL,35-44,F005,"Guzman, Hoffman and Baldwin Collections",experian,R09,Mail,04-Jul-2026,07-Jul-2026,Closed
D0005664,C000600,TX,35-44,F019,"Adams, Zuniga and Wong Auto",experian,R08,Phone,2025-01-13,2025-01-19,Closed
D0001466,C000726,AZ,18-24,F010,Abbott-Munoz Retail,EQUIFAX,XX99,call center,2025-12-06,2026-01-20,Closed
D0005513,C000179,AZ,25-34,F025,"Walter, Edwards and Rios Bank",equifax,R09,phone,12/18/2025,17-Jan-2026,Closed
D0002855,C000333,OH,45-54,F024,Morales-Jones Auto,EQUIFAX,other,Online,2026-06-20,07/13/2026,Closed
D0005339,C000395,MI,25-34,F018,"Flowers, Martin and Kelly Bank",transunion,R01,Phone,2026-03-09,04/08/2026,Closed
D0000783,C000299,PA,55-64,F021,Gray-Mayo Collections,TU,R09,web,2025-05-14,13-Jun-2025,Closed
D0001665,C000596,NC,25-34,F010,Abbott-Munoz Retail,TU,R06,phone,2025-07-12,31-Jul-2025,Closed
D0001661,C000458,IL,65+,F008,"Henderson, Ramirez and Lewis Auto",Experian,R07,mail,2025-06-08,,Open
D0002793,C000697,WA,25-34,F028,"Hoffman, Baker and Richards Auto",transunion,R04,MAIL,09-Mar-2025,04/04/2025,Closed
D0002291,C000711,AZ,45-54,F015,Williams and Sons Retail,experian,R08,ONLINE,01-Aug-2026,08/04/2026,Closed
D0003575,C000146,FL,25-34,F030,"Snyder, Campos and Callahan Collections",transunion,R08,call center,25-Jan-2026,02/24/2026,Closed
D0000696,C000172,CA,18-24,F002,Doyle Ltd Collections,Experian,R04,phone,04/26/2026,05/26/2026,Closed
D0001317,C000514,NY,25-34,F019,"Adams, Zuniga and Wong Auto",Trans Union,R05,ONLINE,08/29/2026,2026-10-01,Closed
D0004444,C000024,PA,18-24,F018,"Flowers, Martin and Kelly Bank",TransUnion,R07,phone,05/28/2026,2026-06-06,Closed
D0003983,C000244,NY,25-34,F014,"Mcclure, Ward and Lee Bank",transunion,r02,mail,07-Nov-2025,12/03/2025,Closed
D0000583,C000664,AZ,18-24,F019,"Adams, Zuniga and Wong Auto",Trans Union,other,Mail,2025-12-14,01/09/2026,Closed
D0003580,C000094,NY,35-44,F005,"Guzman, Hoffman and Baldwin Collections",EQF,R09,mail,04/18/2026,2026-05-05,Closed
D0001995,C000123,CA,18-24,F028,"Hoffman, Baker and Richards Auto",EQF,R04,phone,2025-08-16,2025-10-09,Closed
D0005080,C000616,CA,35-44,F025,"Walter, Edwards and Rios Bank",Trans Union,R02,Online,10-Jan-2025,2025-02-16,Closed
D0004777,C000649,OH,18-24,F018,"Flowers, Martin and Kelly Bank",EQUIFAX,R07,Phone,2026-08-09,2026-08-22,Closed
D0002629,C000210,NY,35-44,F007,Blake and Sons Credit,EXP,R09,mail,06/19/2025,2025-07-08,Closed
D0005750,C000229,CA,18-24,F015,Williams and Sons Retail,Experian,R09,phone,04/21/2025,17-May-2025,Closed
D0003409,C000149,NY,35-44,F022,"Watts, Robinson and Nguyen Bank",EXP,R07,mail,2026-01-02,27-Jan-2026,Closed
D0004600,C000643,TX,45-54,F014,"Mcclure, Ward and Lee Bank",equifax,R02,web,03/27/2026,06-Apr-2026,Closed
D0001924,C000657,MI,45-54,F017,James Group Collections,EQUIFAX,r07,online,03/19/2026,03/23/2026,Closed
D0003897,C000270,OH,45-54,F027,Baker and Sons Retail,EXP,R09,MAIL,2025-08-15,2025-10-03,Closed
D0004446,C000260,IL,35-44,F026,Wilkerson-Day Collections,TU,R10,web,12/30/2025,28-Dec-2025,Closed
D0000639,C000270,OH,45-54,F015,Williams and Sons Retail,Equifax,R01,web,2026-03-20,04/16/2026,Closed
D0001207,C000006,AZ,65+,F013,Arnold Ltd Bank,TransUnion,r06,online,15-Aug-2025,2025-10-09,Closed
D0000340,C000781,NC,55-64,F013,Arnold Ltd Bank,Trans Union,R06,MAIL,2026-07-06,,Open
D0002401,C000303,AZ,25-34,F027,Baker and Sons Retail,equifax,R04,phone,02-Apr-2026,04/19/2026,Closed
D0001877,C000026,MI,35-44,F007,Blake and Sons Credit,Equifax,R04,Phone,24-Jul-2026,2026-09-08,Closed
D0005765,C000149,NY,35-44,F003,"Mcclain, Miller and Henderson Bank",EQF,R03,phone,21-Jul-2026,,Open
D0004400,C000335,NC,45-54,F014,"Mcclure, Ward and Lee Bank",Trans Union,R10,Online,2025-03-10,,Open
D0001655,C000406,MI,18-24,F021,Gray-Mayo Collections,Equifax,R02,Mail,05/06/2026,2026-05-17,Closed
D0001389,C000540,NC,55-64,F016,Galloway-Wyatt Collections,EQUIFAX,R06,web,11/16/2025,19-Nov-2025,Closed
D0005829,C000055,CA,35-44,F011,Blair PLC Retail,experian,R09,mail,09/15/2025,28-Sep-2025,Closed
D0003426,C000759,OH,25-34,F017,James Group Collections,Equifax,R03,Mail,01/13/2026,01/28/2026,Closed
D0001892,C000576,GA,18-24,F025,"Walter, Edwards and Rios Bank",EQUIFAX,R03,ONLINE,12/31/2025,01/10/2026,Closed
D0005418,C000241,NC,45-54,F022,"Watts, Robinson and Nguyen Bank",Experian,R04,mail,2026-07-13,05-Aug-2026,Closed
D0003273,C000706,IL,65+,F029,"Ross, Robinson and Bright Collections",TransUnion,R08,phone,24-Jul-2026,13-Sep-2026,Closed
D0002190,C000577,FL,35-44,F013,Arnold Ltd Bank,Equifax,r10,phone,07/04/2025,29-Jul-2025,Closed
D0003193,C000364,WA,65+,F020,"Reid, Ferguson and Sanchez Bank",EQUIFAX,R06,online,05-Feb-2025,2025-02-22,Closed
D0004037,C000529,NC,25-34,F025,"Walter, Edwards and Rios Bank",experian,r05,mail,20-May-2025,2025-06-04,Closed
D0005284,C000163,PA,65+,F026,Wilkerson-Day Collections,EXP,R09,web,2026-01-30,02/13/2026,Closed
D0004973,C000683,CA,55-64,F012,Dudley Group Auto,Experian,R05,MAIL,2025-08-21,2025-09-18,Closed
D0001817,C000762,NC,25-34,F019,"Adams, Zuniga and Wong Auto",transunion,R05,online,02/03/2026,,Open
D0002546,C000261,AZ,55-64,,Galloway-Wyatt Collections,experian,R09,MAIL,10/05/2025,2025-10-16,Closed
D0000624,C000786,NC,35-44,F015,Williams and Sons Retail,EQF,R05,call center,05/12/2025,04-Jun-2025,Closed
D0003847,C000327,GA,18-24,F010,Abbott-Munoz Retail,TransUnion,R10,Mail,06-Jan-2026,01/14/2026,Closed
D0000862,C000617,WA,45-54,F006,"Gardner, Robinson and Lawrence Credit",TransUnion,R10,web,2025-03-18,,Open
D0000882,C000424,OH,65+,F017,James Group Collections,Equifax,R06,Mail,17-Sep-2025,23-Sep-2025,Closed
D0004543,C000095,NY,55-64,F024,Morales-Jones Auto,equifax,R09,PHONE,01/27/2026,02/21/2026,Closed
D0000908,C000434,FL,18-24,F014,"Mcclure, Ward and Lee Bank",Experian,R08,Online,2025-03-31,2025-05-16,Closed
D0004102,C000593,IL,45-54,F023,Perez Inc Credit,EXP,R07,MAIL,20-Jun-2026,04-Aug-2026,Closed
D0002507,C000507,PA,35-44,F029,"Ross, Robinson and Bright Collections",experian,R09,phone,06/25/2026,09-Aug-2026,Closed
D0003763,C000269,OH,65+,F015,Williams and Sons Retail,experian,R07,PHONE,01-Feb-2025,2025-03-05,Closed
D0001127,C000747,GA,45-54,F003,"Mcclain, Miller and Henderson Bank",EQUIFAX,R09,phone,17-Oct-2025,2025-11-08,Closed
D0005865,C000680,PA,35-44,F016,Galloway-Wyatt Collections,transunion,other,Mail,27-Dec-2025,2026-01-14,Closed
D0004138,C000655,NY,25-34,F010,Abbott-Munoz Retail,equifax,R09,MAIL,12/26/2025,2026-01-14,Closed
D0002653,C000608,NC,45-54,F025,"Walter, Edwards and Rios Bank",experian,R05,mail,01/28/2026,02/26/2026,Closed
D0001087,C000326,WA,55-64,F005,"Guzman, Hoffman and Baldwin Collections",Experian,R08,MAIL,,,Open
D0004605,C000770,AZ,18-24,F002,Doyle Ltd Collections,transunion,R08,Mail,13-Jul-2026,2026-08-19,Closed
D0004628,C000260,IL,35-44,F010,Abbott-Munoz Retail,EXP,R09,mail,12-Jun-2026,2026-07-10,Closed
D0004070,C000717,AZ,65+,F018,"Flowers, Martin and Kelly Bank",equifax,R04,Phone,2025-06-23,,Open
D0000602,C000507,PA,35-44,F008,"Henderson, Ramirez and Lewis Auto",Trans Union,R02,phone,2026-08-29,2026-09-25,Closed
D0002966,C000393,CA,25-34,F008,"Henderson, Ramirez and Lewis Auto",Experian,R01,Mail,03/14/2026,,Closed
D0002348,C000231,NY,55-64,F006,"Gardner, Robinson and Lawrence Credit",Equifax,R05,call center,2026-07-24,2026-07-29,Closed
D0004593,C000200,NY,35-44,F009,Garcia-James Bank,EXP,R09,Phone,2026-05-22,,Open
D0003822,C000578,NC,25-34,F019,"Adams, Zuniga and Wong Auto",EXP,R06,Online,07/18/2025,2025-08-20,Closed
D0005362,C000742,AZ,18-24,F015,Williams and Sons Retail,Equifax,R10,phone,2026-07-07,,Open
D0000065,C000590,NY,45-54,F026,Wilkerson-Day Collections,transunion,r09,call center,2025-09-06,10/04/2025,Closed
D0001754,C000387,TX,45-54,F004,Davis and Sons Bank,Trans Union,R05,call center,12-Oct-2025,10/29/2025,Closed
D0005314,C000160,PA,18-24,F025,"Walter, Edwards and Rios Bank",Experian,r01,mail,06-Jan-2026,18-Jan-2026,Closed
D0002235,C000325,FL,25-34,F001,"Rodriguez, Figueroa and Sanchez Collections",experian,R02,MAIL,,01/26/2026,Closed
D0004656,C000531,IL,25-34,F025,"Walter, Edwards and Rios Bank",Equifax,R07,phone,28-Jun-2026,07/05/2026,Closed
D0000659,C000042,OH,25-34,F007,Blake and Sons Credit,EXP,R09,web,27-Aug-2026,,Open
D0004134,C000632,WA,45-54,F020,"Reid, Ferguson and Sanchez Bank",Experian,R05,online,2026-06-19,2026-07-24,Closed
D0002374,C000341,NC,45-54,F020,"Reid, Ferguson and Sanchez Bank",TransUnion,R02,mail,05/14/2025,01-Jun-2025,Closed
D0003697,C000520,IL,18-24,F007,Blake and Sons Credit,Experian,R02,phone,31-Mar-2025,2025-04-08,Closed
D0001423,C000520,IL,18-24,F029,"Ross, Robinson and Bright Collections",equifax,R09,Mail,2025-01-13,01/29/2025,Closed
D0004059,C000059,OH,25-34,F016,Galloway-Wyatt Collections,EQUIFAX,R04,Mail,11/18/2025,2025-12-02,Closed
D0000315,C000017,GA,55-64,F023,Perez Inc Credit,TU,R03,online,2025-07-12,08/04/2025,Closed
D0001306,C000020,PA,35-44,F029,"Ross, Robinson and Bright Collections",transunion,r05,PHONE,12-Oct-2025,12/02/2025,Closed
D0002548,C000590,NY,45-54,F026,Wilkerson-Day Collections,Experian,R02,Mail,2025-08-14,2025-10-03,Closed
D0000800,C000496,AZ,65+,F005,"Guzman, Hoffman and Baldwin Collections",Trans Union,R09,web,2026-01-24,2026-01-28,Closed
D0005409,C000330,NY,45-54,F021,Gray-Mayo Collections,TransUnion,R07,Mail,03/30/2026,04/07/2026,Closed
D0001463,C000090,NC,18-24,F004,Davis and Sons Bank,EXP,r07,web,04-Dec-2025,,Closed
D0004816,C000662,AZ,35-44,F004,Davis and Sons Bank,Equifax,R08,web,2025-10-27,,Open
D0003382,C000523,WA,45-54,F030,"Snyder, Campos and Callahan Collections",Experian,R02,Mail,21-Jan-2025,,Open
D0001964,C000636,OH,65+,F003,"Mcclain, Miller and Henderson Bank",transunion,R03,online,07/16/2026,08/31/2026,Closed
D0005732,C000045,AZ,18-24,F017,James Group Collections,TransUnion,r02,mail,18-Jan-2026,01/28/2026,Closed
D0000916,C000207,CA,65+,F019,"Adams, Zuniga and Wong Auto",EXP,R02,Mail,07-Sep-2025,2025-09-29,Closed
D0005413,C000462,PA,65+,F014,"Mcclure, Ward and Lee Bank",Trans Union,R08,ONLINE,10/13/2025,,Open
D0001970,C000360,PA,45-54,F014,"Mcclure, Ward and Lee Bank",Trans Union,R06,call center,27-May-2026,06/09/2026,Closed
D0002240,C000016,PA,25-34,F022,"Watts, Robinson and Nguyen Bank",Equifax,R09,MAIL,03-Aug-2026,09/02/2026,Closed
D0003414,,AZ,45-54,F029,"Ross, Robinson and Bright Collections",EXP,R07,web,03/16/2026,09-May-2026,Closed
D0001739,C000199,NC,35-44,F029,"Ross, Robinson and Bright Collections",experian,R06,online,2025-09-15,30-Sep-2025,Closed
D0003019,C000712,NC,35-44,F013,Arnold Ltd Bank,TU,r05,mail,11-Jan-2026,10-Feb-2026,Closed
D0000824,C000179,AZ,25-34,F025,"Walter, Edwards and Rios Bank",TransUnion,R08,ONLINE,11/27/2025,22-Dec-2025,Closed
D0003403,C000506,IL,55-64,F011,Blair PLC Retail,EQF,R07,Online,2025-01-15,2025-01-24,Closed
D0001808,C000569,PA,55-64,F016,Galloway-Wyatt Collections,EQF,R01,mail,30-Aug-2025,07-Sep-2025,Closed
D0004889,C000293,AZ,65+,F001,"Rodriguez, Figueroa and Sanchez Collections",equifax,R10,MAIL,06/02/2025,30-Jun-2025,Closed
D0001115,,OH,18-24,F004,Davis and Sons Bank,Trans Union,r07,ONLINE,2026-03-07,03/23/2026,Closed
D0002217,C000072,CA,18-24,F022,"Watts, Robinson and Nguyen Bank",Trans Union,r10,web,06/17/2025,,Open
D0000612,C000259,IL,18-24,F029,"Ross, Robinson and Bright Collections",TU,R10,call center,29-Jan-2025,23-Feb-2025,Closed
D0000089,C000732,IL,45-54,F024,Morales-Jones Auto,Equifax,R09,mail,03/06/2026,04/01/2026,Closed
D0002506,C000628,PA,65+,F015,Williams and Sons Retail,Equifax,R05,Phone,08/12/2026,08/30/2026,Closed
D0000395,C000173,MI,45-54,F030,"Snyder, Campos and Callahan Collections",EQF,R03,mail,2025-02-27,,Open
D0001339,C000680,PA,35-44,F022,"Watts, Robinson and Nguyen Bank",Equifax,R03,online,02-Jul-2026,08/07/2026,Closed
D0003599,C000784,MI,18-24,F009,Garcia-James Bank,transunion,R04,online,16-Mar-2025,04/01/2025,Closed
D0004784,C000431,GA,45-54,F009,Garcia-James Bank,EXP,r09,mail,2026-04-18,05/01/2026,Closed
D0002202,C000337,NY,65+,F029,"Ross, Robinson and Bright Collections",Equifax,R10,PHONE,08/04/2026,08-Aug-2026,Closed
D0000134,C000688,FL,55-64,F015,Williams and Sons Retail,TU,r02,Phone,,26-Dec-2025,Closed
D0004129,C000260,IL,35-44,F026,Wilkerson-Day Collections,TU,R02,Mail,09/19/2025,2025-10-17,Closed
D0001616,C000313,NY,18-24,F008,"Henderson, Ramirez and Lewis Auto",transunion,R06,mail,27-Jun-2025,,Open
D0001042,C000436,FL,45-54,F019,"Adams, Zuniga and Wong Auto",TransUnion,R05,Mail,2025-01-09,14-Feb-2025,Closed
D0005524,C000314,CA,25-34,F027,Baker and Sons Retail,experian,R10,phone,08/31/2026,03-Sep-2026,Closed
D0002087,C000773,MI,35-44,F002,Doyle Ltd Collections,equifax,R01,Online,02/22/2025,07-Mar-2025,Closed
D0004035,C000726,AZ,18-24,F004,Davis and Sons Bank,UNK,R01,ONLINE,23-Feb-2025,11-Mar-2025,Closed
D0002156,C000162,GA,35-44,F021,Gray-Mayo Collections,EXP,R03,phone,01/05/2026,2026-02-28,Closed
D0003868,C000027,CA,65+,F024,Morales-Jones Auto,transunion,R09,ONLINE,,06/23/2026,Closed
D0002015,C000325,FL,25-34,F010,Abbott-Munoz Retail,Equifax,R05,Phone,13-May-2025,2025-06-07,Closed
D0000717,C000281,PA,18-24,F018,"Flowers, Martin and Kelly Bank",EXP,R10,PHONE,2026-07-14,08/13/2026,Closed
D0005564,C000357,PA,45-54,F009,Garcia-James Bank,Experian,R06,Online,04/20/2026,2026-06-12,Closed
D0004217,C000201,TX,25-34,F001,"Rodriguez, Figueroa and Sanchez Collections",Trans Union,r08,Online,2025-01-26,16-Feb-2025,Closed
D0002454,C000299,PA,55-64,F030,"Snyder, Campos and Callahan Collections",EXP,R09,Phone,2026-04-08,04/18/2026,Closed
D0002237,C000689,IL,65+,F001,"Rodriguez, Figueroa and Sanchez Collections",EQUIFAX,R06,phone,2025-03-04,30-Mar-2025,Closed
D0003757,C000677,MI,35-44,F018,"Flowers, Martin and Kelly Bank",equifax,R06,ONLINE,01/06/2026,,Closed
D0002905,C000545,MI,35-44,F005,"Guzman, Hoffman and Baldwin Collections",EQUIFAX,R06,mail,08-Jun-2025,10-Jul-2025,Closed
D0004056,C000412,AZ,25-34,F019,"Adams, Zuniga and Wong Auto",experian,r10,phone,2025-01-02,2025-01-21,Closed
D0005321,C000224,NY,65+,F010,Abbott-Munoz Retail,equifax,R10,mail,02/20/2026,2026-03-08,Closed
D0005032,C000005,WA,18-24,F010,Abbott-Munoz Retail,transunion,R08,online,02/16/2026,04/08/2026,Closed
D0002100,C000710,AZ,65+,F030,"Snyder, Campos and Callahan Collections",experian,R03,phone,10-Feb-2026,03/01/2026,Closed
D0003857,C000382,PA,35-44,F001,"Rodriguez, Figueroa and Sanchez Collections",transunion,R08,Mail,03-Jul-2025,30-Jul-2025,Closed
D0000929,C000255,IL,25-34,F007,Blake and Sons Credit,Trans Union,R07,phone,14-Nov-2025,30-Nov-2025,Closed
D0005166,C000478,IL,25-34,F019,"Adams, Zuniga and Wong Auto",EQF,R03,Phone,24-Jun-2025,18-Jul-2025,Closed
D0004495,C000516,TX,25-34,F020,"Reid, Ferguson and Sanchez Bank",EQF,R03,MAIL,25-Feb-2025,01-Mar-2025,Closed
D0000388,C000109,NC,55-64,F014,"Mcclure, Ward and Lee Bank",EXP,R03,call center,30-Jan-2025,2025-03-14,Closed
D0005137,C000101,CA,25-34,F022,"Watts, Robinson and Nguyen Bank",experian,r09,phone,16-May-2026,06/08/2026,Closed
D0001779,C000339,IL,25-34,F010,Abbott-Munoz Retail,TU,R07,Online,02/17/2026,07-Mar-2026,Closed
D0003380,C000660,MI,25-34,F003,"Mcclain, Miller and Henderson Bank",TransUnion,XX99,phone,14-May-2025,06/04/2025,Closed
D0000739,C000366,FL,45-54,F025,"Walter, Edwards and Rios Bank",Experian,R01,Online,04/09/2026,05-May-2026,Closed
D0005438,C000189,WA,35-44,F009,Garcia-James Bank,Experian,R10,Online,2025-12-25,2026-01-19,Closed
D0002199,C000166,GA,25-34,F021,Gray-Mayo Collections,TU,R09,online,05/15/2026,2026-05-21,Closed
D0001208,C000659,FL,45-54,,"Henderson, Ramirez and Lewis Auto",TU,R07,Mail,05-Aug-2025,08/27/2025,Closed
D0002362,C000121,NC,25-34,F013,Arnold Ltd Bank,EXP,R10,Mail,03/12/2026,18-Mar-2026,Closed
D0005571,C000425,GA,65+,F016,Galloway-Wyatt Collections,EQUIFAX,R03,online,2026-08-18,2026-08-25,Closed
D0000443,C000720,AZ,35-44,F024,Morales-Jones Auto,Experian,R01,mail,05/03/2026,,Open
D0000174,C000708,GA,18-24,F006,"Gardner, Robinson and Lawrence Credit",EXP,R05,mail,03-Mar-2025,2025-04-01,Closed
D0004611,C000475,MI,55-64,F023,Perez Inc Credit,Experian,R06,phone,2025-04-26,2025-04-29,Closed
D0000566,C000348,TX,25-34,F005,"Guzman, Hoffman and Baldwin Collections",transunion,R06,Mail,06-Sep-2025,09/12/2025,Closed
D0004165,C000480,IL,18-24,F005,"Guzman, Hoffman and Baldwin Collections",TransUnion,r09,Online,2025-05-14,21-May-2025,Closed
D0005713,C000327,GA,18-24,F013,Arnold Ltd Bank,Experian,R03,Mail,,04/12/2025,Closed
D0000320,C000066,IL,65+,F011,Blair PLC Retail,experian,R01,PHONE,17-Mar-2026,,Open
D0004789,C000372,WA,25-34,F013,Arnold Ltd Bank,Equifax,R07,Mail,23-Dec-2025,2025-12-26,Closed
D0000439,C000397,GA,65+,F008,"Henderson, Ramirez and Lewis Auto",EQF,R02,Mail,08/02/2025,08/09/2025,Closed
D0005747,C000709,NY,25-34,F018,"Flowers, Martin and Kelly Bank",EXP,R08,web,11-May-2025,,Open
D0001895,C000415,MI,18-24,F013,Arnold Ltd Bank,Experian,,phone,06-Jan-2025,21-Jan-2025,Closed
D0000687,C000321,PA,25-34,F004,Davis and Sons Bank,EQF,R02,call center,24-May-2025,2025-06-21,Closed
D0000968,C000611,PA,45-54,F002,Doyle Ltd Collections,transunion,R03,Mail,01/04/2025,28-Jan-2025,Closed
D0000055,C000518,GA,65+,F015,Williams and Sons Retail,Experian,see notes,online,01/18/2026,,Open
D0000121,C000306,AZ,18-24,F014,"Mcclure, Ward and Lee Bank",EXP,R02,Phone,2025-02-25,,Closed
D0004396,C000593,IL,45-54,F014,"Mcclure, Ward and Lee Bank",EXP,r08,Phone,2025-08-01,08/26/2025,Closed
D0005790,C000102,MI,18-24,F024,Morales-Jones Auto,equifax,R10,web,04/05/2026,08-May-2026,Closed
D0003137,C000128,NC,25-34,F019,"Adams, Zuniga and Wong Auto",TU,R08,phone,22-Dec-2025,01/25/2026,Closed
D0001146,C000527,AZ,25-34,F003,"Mcclain, Miller and Henderson Bank",Trans Union,R09,MAIL,12/28/2025,2026-01-19,Closed
D0000132,C000508,MI,55-64,F028,"Hoffman, Baker and Richards Auto",Experian,R07,online,19-Jun-2025,,Open
D0004620,C000671,WA,35-44,F012,Dudley Group Auto,TU,R02,Online,22-Jul-2025,08/19/2025,Closed
D0000242,C000183,CA,55-64,F021,Gray-Mayo Collections,Trans Union,r02,ONLINE,2026-05-19,,Open
D0002364,C000145,TX,25-34,F011,Blair PLC Retail,Equifax,R04,Online,2026-04-13,04/22/2026,Closed
D0004505,C000452,GA,65+,F012,Dudley Group Auto,EQF,R04,MAIL,04/04/2026,2026-04-08,Closed
D0003919,C000534,MI,65+,F026,Wilkerson-Day Collections,transunion,R06,MAIL,,2025-12-31,Closed
D0005133,C000229,CA,18-24,F024,Morales-Jones Auto,EXP,R10,Phone,,10/27/2025,Closed
D0001294,C000124,WA,65+,F016,Galloway-Wyatt Collections,TU,R10,Phone,2025-08-20,2025-10-12,Closed
D0005596,,WA,35-44,F028,"Hoffman, Baker and Richards Auto",experian,r05,MAIL,04-Dec-2025,12/23/2025,Closed
D0001856,C000135,PA,25-34,F019,"Adams, Zuniga and Wong Auto",experian,R07,Online,09-Nov-2025,12/06/2025,Closed
D0005979,C000699,OH,65+,F014,"Mcclure, Ward and Lee Bank",TU,R01,online,12/14/2025,2025-12-31,Closed
D0005835,C000125,CA,25-34,F004,Davis and Sons Bank,EQF,R09,phone,2025-07-16,11-Aug-2025,Closed
D0001640,C000157,GA,45-54,F015,Williams and Sons Retail,Experian,R02,call center,03/26/2026,2026-04-22,Closed
D0000269,C000734,FL,55-64,F028,"Hoffman, Baker and Richards Auto",Trans Union,R07,mail,03/14/2026,03/26/2026,Closed
D0002996,C000615,FL,45-54,F001,"Rodriguez, Figueroa and Sanchez Collections",experian,R10,Phone,2025-09-15,2025-11-01,Closed
D0001401,C000249,FL,35-44,F027,Baker and Sons Retail,EXP,other,web,2025-11-27,12/22/2025,Closed
D0004209,C000424,OH,65+,F017,James Group Collections,Experian,R04,web,19-May-2026,06/23/2026,Closed
D0003542,C000372,WA,25-34,F013,Arnold Ltd Bank,Experian,R07,ONLINE,02-Jul-2026,07/21/2026,Closed
D0002598,C000396,FL,25-34,F007,Blake and Sons Credit,EXP,r09,PHONE,2025-07-20,06-Aug-2025,Closed
D0004590,C000017,GA,55-64,F006,"Gardner, Robinson and Lawrence Credit",EQF,R07,ONLINE,24-Mar-2025,04/17/2025,Closed
D0001962,C000542,TX,55-64,F017,James Group Collections,Trans Union,R02,PHONE,12/25/2025,10-Feb-2026,Closed
D0005774,C000196,MI,55-64,F002,Doyle Ltd Collections,EQUIFAX,R04,call center,05-Apr-2025,2025-05-24,Closed
D0001905,C000377,AZ,18-24,F007,Blake and Sons Credit,EQF,r08,web,04/22/2026,20-May-2026,Closed
D0005247,C000528,PA,18-24,F008,"Henderson, Ramirez and Lewis Auto",Equifax,R10,online,03/14/2025,03/22/2025,Closed
D0001630,C000749,TX,65+,F009,Garcia-James Bank,EQF,R01,MAIL,2026-06-09,17-Jul-2026,Closed
D0000679,C000013,NC,25-34,F004,Davis and Sons Bank,equifax,R08,online,22-Jun-2026,25-Jun-2026,Closed
D0005971,C000701,FL,25-34,F018,"Flowers, Martin and Kelly Bank",EXP,R05,online,04/02/2025,2025-04-16,Closed
D0004459,C000756,FL,65+,F019,"Adams, Zuniga and Wong Auto",EQUIFAX,see notes,online,2026-07-01,07/18/2026,Closed
D0000237,C000056,PA,35-44,F021,Gray-Mayo Collections,Trans Union,R03,mail,09/28/2025,10/06/2025,Closed
D0001277,,TX,45-54,F026,Wilkerson-Day Collections,Equifax,R05,Mail,2026-06-30,07/08/2026,Closed
D0004934,C000124,WA,65+,F021,Gray-Mayo Collections,EQF,R09,MAIL,03/26/2025,2025-04-14,Closed
D0000932,C000588,TX,45-54,F004,Davis and Sons Bank,Equifax,R07,mail,08/09/2025,08/12/2025,Closed
D0000668,C000260,IL,35-44,F029,"Ross, Robinson and Bright Collections",equifax,R09,Phone,21-May-2025,2025-06-07,Closed
D0002351,C000036,FL,35-44,F025,"Walter, Edwards and Rios Bank",EXP,R08,mail,11/25/2025,2025-12-13,Closed
D0003835,C000030,TX,55-64,F008,"Henderson, Ramirez and Lewis Auto",experian,R07,phone,07/14/2025,07/19/2025,Closed
D0002813,C000418,PA,65+,F024,Morales-Jones Auto,experian,r02,MAIL,01/20/2026,2026-02-02,Closed
D0004182,C000063,IL,25-34,F015,Williams and Sons Retail,transunion,R02,web,07/01/2026,07/22/2026,Closed
D0003335,C000313,NY,18-24,F022,"Watts, Robinson and Nguyen Bank",TransUnion,R10,ONLINE,06-Oct-2025,2025-10-23,Closed
D0003973,C000079,IL,55-64,F026,Wilkerson-Day Collections,transunion,R02,MAIL,03/14/2026,,Open
D0002082,C000228,PA,55-64,F007,Blake and Sons Credit,TransUnion,R10,MAIL,03/09/2026,20-Mar-2026,Closed
D0005614,C000128,NC,25-34,F006,"Gardner, Robinson and Lawrence Credit",Experian,R09,web,27-Jun-2026,,Open
D0005216,C000721,TX,65+,F020,"Reid, Ferguson and Sanchez Bank",equifax,R07,Mail,2026-03-05,03/20/2026,Closed
D0004686,C000236,IL,35-44,F004,Davis and Sons Bank,EXP,r10,Mail,21-Aug-2025,08/31/2025,Closed
D0003442,C000279,WA,65+,F004,Davis and Sons Bank,EXP,R01,mail,12/17/2025,12/24/2025,Closed
D0000411,C000166,GA,25-34,F005,"Guzman, Hoffman and Baldwin Collections",EQF,R03,MAIL,2025-12-29,28-Jan-2026,Closed
D0001859,C000685,IL,25-34,F005,"Guzman, Hoffman and Baldwin Collections",EQUIFAX,R08,web,2025-01-30,03/22/2025,Closed
D0001834,C000052,NC,25-34,F005,"Guzman, Hoffman and Baldwin Collections",transunion,R04,Online,26-Jan-2026,02/09/2026,Closed
D0000030,C000592,NC,65+,F024,Morales-Jones Auto,EQUIFAX,R04,online,17-Nov-2025,06-Dec-2025,Closed
D0005957,C000048,WA,25-34,F029,"Ross, Robinson and Bright Collections",Equifax,R07,Mail,2026-07-13,,Open
D0000462,C000128,NC,25-34,F015,Williams and Sons Retail,Trans Union,r07,phone,2025-06-25,2025-07-05,Closed
D0003652,C000785,WA,65+,F002,Doyle Ltd Collections,Equifax,R01,online,28-Jan-2026,02/19/2026,Closed
D0003279,C000439,OH,18-24,F008,"Henderson, Ramirez and Lewis Auto",Equifax,R08,Phone,2026-05-25,2026-06-11,Closed
D0000258,C000245,PA,18-24,F021,Gray-Mayo Collections,EXP,R08,web,04/03/2025,,Open
D0003980,C000163,PA,65+,F020,"Reid, Ferguson and Sanchez Bank",EQF,r05,online,01/23/2026,2026-01-31,Closed
D0004216,C000284,AZ,18-24,F015,Williams and Sons Retail,EXP,R08,MAIL,11-Sep-2025,15-Sep-2025,Closed
D0004274,C000108,NY,35-44,F017,James Group Collections,Experian,other,ONLINE,07/29/2025,08/20/2025,Closed
D0005818,C000514,NY,25-34,F020,"Reid, Ferguson and Sanchez Bank",EQUIFAX,r01,Mail,2026-08-03,08/15/2026,Closed
D0005684,C000436,FL,45-54,F007,Blake and Sons Credit,transunion,R03,Phone,07/18/2025,2025-07-28,Closed
D0001171,C000382,PA,35-44,F013,Arnold Ltd Bank,EQF,R04,Online,2025-05-24,17-Jun-2025,Closed
D0003901,C000516,TX,25-34,F024,Morales-Jones Auto,equifax,R10,phone,06/11/2025,2025-07-03,Closed
D0000650,C000379,PA,25-34,F019,"Adams, Zuniga and Wong Auto",equifax,R06,Mail,30-Apr-2026,,Open
D0003772,C000280,FL,35-44,F021,Gray-Mayo Collections,EXP,R04,Phone,04/02/2025,2025-04-12,Closed
D0001708,C000343,IL,45-54,F026,Wilkerson-Day Collections,transunion,R05,MAIL,2026-08-19,2026-08-22,Closed
D0003411,C000161,PA,35-44,F014,"Mcclure, Ward and Lee Bank",equifax,R06,MAIL,11/11/2025,2025-12-05,Closed
D0002465,C000468,WA,25-34,F001,"Rodriguez, Figueroa and Sanchez Collections",TU,R07,call center,14-Nov-2025,2025-11-29,Closed
D0003407,C000636,OH,65+,F005,"Guzman, Hoffman and Baldwin Collections",TransUnion,R09,phone,07/22/2026,09-Aug-2026,Closed
D0002939,C000545,MI,35-44,F001,"Rodriguez, Figueroa and Sanchez Collections",TU,R03,PHONE,2026-01-19,15-Feb-2026,Closed
D0002318,C000422,PA,45-54,F018,"Flowers, Martin and Kelly Bank",transunion,R03,Mail,09/11/2025,10/07/2025,Closed
D0004944,C000354,OH,55-64,F030,"Snyder, Campos and Callahan Collections",Experian,R03,phone,06/06/2026,07/02/2026,Closed
D0002607,,GA,55-64,F012,Dudley Group Auto,Equifax,R07,ONLINE,2025-05-13,05/25/2025,Closed
D0000675,C000463,NC,35-44,F010,Abbott-Munoz Retail,TransUnion,R08,MAIL,2025-06-16,,Open
D0003154,C000713,TX,45-54,F008,"Henderson, Ramirez and Lewis Auto",TU,R07,PHONE,12/02/2025,12/12/2025,Closed
D0001647,C000081,WA,18-24,F003,"Mcclain, Miller and Henderson Bank",transunion,R10,MAIL,2025-04-21,2025-04-25,Closed
D0002498,C000020,PA,35-44,F007,Blake and Sons Credit,Experian,R08,ONLINE,01/31/2026,02/14/2026,Closed
D0005866,C000521,FL,35-44,F024,Morales-Jones Auto,TU,R01,phone,2025-03-10,04/04/2025,Closed
D0000434,C000466,IL,35-44,F018,"Flowers, Martin and Kelly Bank",equifax,R07,web,22-Sep-2025,17-Oct-2025,Closed
D0002356,C000350,PA,65+,F022,"Watts, Robinson and Nguyen Bank",transunion,R06,mail,09/22/2025,,Open
D0001190,C000444,IL,55-64,F022,"Watts, Robinson and Nguyen Bank",EQUIFAX,r02,PHONE,09-Jul-2025,20-Jul-2025,Closed
D0001777,C000725,MI,25-34,F001,"Rodriguez, Figueroa and Sanchez Collections",EXP,R08,MAIL,2025-02-27,2025-03-16,Closed
D0002978,C000039,IL,45-54,F011,Blair PLC Retail,TU,R10,Online,07/15/2025,08/02/2025,Closed
D0001215,C000106,NY,65+,F016,Galloway-Wyatt Collections,equifax,R02,phone,07/22/2026,08/07/2026,Closed
D0000899,C000746,OH,25-34,F020,"Reid, Ferguson and Sanchez Bank",Experian,R01,PHONE,05/30/2026,07/13/2026,Closed
D0003087,C000534,MI,65+,F016,Galloway-Wyatt Collections,transunion,R05,Phone,02/17/2025,03/25/2025,Closed
D0000221,C000529,NC,25-34,,"Watts, Robinson and Nguyen Bank",Equifax,R01,PHONE,,31-May-2025,Closed
D0001377,C000431,GA,45-54,F024,Morales-Jones Auto,EQF,R09,PHONE,04/08/2026,2026-04-26,Closed
D0004145,,GA,55-64,F020,"Reid, Ferguson and Sanchez Bank",experian,R01,web,04/05/2025,,Open
D0004239,C000513,AZ,18-24,F003,"Mcclain, Miller and Henderson Bank",Trans Union,R07,MAIL,2025-08-10,2025-09-02,Closed
D0005479,C000403,WA,65+,F026,Wilkerson-Day Collections,transunion,R03,Phone,03-Aug-2025,2025-08-18,Closed
D0004906,C000655,NY,25-34,F015,Williams and Sons Retail,transunion,R04,web,04/23/2025,2025-04-27,Closed
D0003661,C000121,NC,25-34,F023,Perez Inc Credit,transunion,r07,Phone,29-Jan-2026,,Closed
D0002365,C000293,AZ,65+,F016,Galloway-Wyatt Collections,EQF,R02,web,04/09/2025,22-Apr-2025,Closed
D0001266,C000221,AZ,45-54,F009,Garcia-James Bank,equifax,R06,web,2025-08-23,2025-09-12,Closed
D0005475,C000293,AZ,65+,F009,Garcia-James Bank,EQUIFAX,R08,ONLINE,21-Jan-2026,2026-03-04,Closed
D0005784,C000541,GA,45-54,F014,"Mcclure, Ward and Lee Bank",Equifax,R07,online,06-Jan-2025,02-Mar-2025,Closed
D0001987,C000455,TX,35-44,F008,"Henderson, Ramirez and Lewis Auto",UNK,R05,ONLINE,09/01/2026,,Closed
D0000326,C000533,NY,35-44,F018,"Flowers, Martin and Kelly Bank",EQF,R05,phone,10/18/2025,30-Oct-2025,Closed
D0002895,C000197,TX,18-24,F025,"Walter, Edwards and Rios Bank",Experian,R01,Phone,,10/24/2025,Closed
D0002035,C000493,TX,18-24,F019,"Adams, Zuniga and Wong Auto",experian,R04,web,07/21/2026,06-Sep-2026,Closed
D0000435,C000710,AZ,65+,F015,Williams and Sons Retail,Experian,R06,mail,2026-05-04,2026-06-02,Closed
D0004953,C000582,AZ,55-64,F016,Galloway-Wyatt Collections,TU,R09,Phone,12/15/2025,25-Jan-2026,Closed
D0000527,C000632,WA,45-54,F027,Baker and Sons Retail,Experian,see notes,ONLINE,30-Apr-2026,24-Jun-2026,Closed
D0003045,C000681,CA,55-64,F015,Williams and Sons Retail,TU,R07,call center,10/08/2025,10/21/2025,Closed
D0000507,C000590,NY,45-54,F010,Abbott-Munoz Retail,Trans Union,R06,ONLINE,07-Sep-2025,09/21/2025,Closed
D0002321,C000174,NC,55-64,F023,Perez Inc Credit,Experian,see notes,mail,2025-07-16,2025-08-13,Closed
D0003875,C000115,AZ,35-44,F023,Perez Inc Credit,equifax,R04,MAIL,18-Feb-2026,08-Apr-2026,Closed
D0000765,C000587,TX,25-34,F026,Wilkerson-Day Collections,Trans Union,R09,PHONE,20-Jan-2026,2026-02-18,Closed
D0000317,C000695,GA,18-24,F029,"Ross, Robinson and Bright Collections",Trans Union,R10,Mail,2026-05-15,18-May-2026,Closed
D0003942,C000228,PA,55-64,F025,"Walter, Edwards and Rios Bank",TU,R01,online,03/30/2025,2025-04-11,Closed
D0005559,C000334,MI,65+,F014,"Mcclure, Ward and Lee Bank",EXP,R03,ONLINE,17-Aug-2026,,Open
D0002742,C000002,CA,65+,F003,"Mcclain, Miller and Henderson Bank",experian,R10,call center,04-Aug-2026,,Open
D0003218,C000357,PA,45-54,F019,"Adams, Zuniga and Wong Auto",TransUnion,r04,call center,07-Apr-2026,17-Apr-2026,Closed
D0004025,C000317,PA,65+,F020,"Reid, Ferguson and Sanchez Bank",EQF,R06,ONLINE,11/02/2025,,Open
D0003421,C000093,MI,25-34,F006,"Gardner, Robinson and Lawrence Credit",EXP,R05,online,27-Jun-2025,07/15/2025,Closed
D0001258,C000475,MI,55-64,F006,"Gardner, Robinson and Lawrence Credit",TransUnion,R08,call center,09-Jan-2025,,Open
D0000235,C000640,FL,65+,F001,"Rodriguez, Figueroa and Sanchez Collections",experian,,Phone,21-Oct-2025,10/26/2025,Closed
D0003984,C000039,IL,45-54,F008,"Henderson, Ramirez and Lewis Auto",TransUnion,R05,Mail,06/25/2025,15-Aug-2025,Closed
D0005346,C000713,TX,45-54,F014,"Mcclure, Ward and Lee Bank",EXP,R09,online,29-Apr-2025,05/15/2025,Closed
D0004486,C000053,AZ,35-44,F005,"Guzman, Hoffman and Baldwin Collections",Trans Union,R02,MAIL,,01-Jul-2025,Closed
D0001224,C000446,NC,18-24,F029,"Ross, Robinson and Bright Collections",Experian,R04,PHONE,2025-05-17,,Open
D0002138,C000024,PA,18-24,F028,"Hoffman, Baker and Richards Auto",EQF,r10,MAIL,05-Mar-2026,04/15/2026,Closed
D0004658,C000521,FL,35-44,F002,Doyle Ltd Collections,EQUIFAX,R01,Online,20-Sep-2025,2025-10-07,Closed
D0004526,C000459,MI,35-44,F001,"Rodriguez, Figueroa and Sanchez Collections",transunion,R08,online,04/07/2026,,Closed
D0000622,C000508,MI,55-64,F007,Blake and Sons Credit,EQF,R07,Mail,2026-08-08,23-Aug-2026,Closed
D0002382,C000762,NC,25-34,F003,"Mcclain, Miller and Henderson Bank",Equifax,XX99,PHONE,21-Jul-2026,,Open
D0004091,C000100,IL,25-34,F026,Wilkerson-Day Collections,EQF,R01,online,2026-08-17,13-Sep-2026,Closed
D0001782,C000164,WA,55-64,F006,"Gardner, Robinson and Lawrence Credit",transunion,R07,mail,05/11/2025,2025-05-24,Closed
D0000768,C000687,FL,65+,F022,"Watts, Robinson and Nguyen Bank",experian,R02,call center,06-Jan-2026,2026-02-22,Closed
D0005507,C000163,PA,65+,F013,Arnold Ltd Bank,EXP,R09,web,27-Apr-2025,18-May-2025,Closed
D0002423,C000078,GA,55-64,F022,"Watts, Robinson and Nguyen Bank",Equifax,R10,MAIL,2026-05-29,,Open
D0001587,C000415,MI,18-24,F026,Wilkerson-Day Collections,EXP,R10,ONLINE,08-Oct-2025,11/25/2025,Closed
D0001585,C000630,GA,35-44,F028,"Hoffman, Baker and Richards Auto",transunion,R03,MAIL,08/15/2025,29-Aug-2025,Closed
D0003552,C000778,TX,65+,F008,"Henderson, Ramirez and Lewis Auto",experian,R04,phone,2026-04-07,04/10/2026,Closed
D0004269,,NC,25-34,F029,"Ross, Robinson and Bright Collections",Experian,R10,PHONE,01-Feb-2025,,Open
D0002075,C000270,OH,45-54,F022,"Watts, Robinson and Nguyen Bank",equifax,R08,ONLINE,2026-05-28,06/23/2026,Closed
D0003473,C000026,MI,35-44,F022,"Watts, Robinson and Nguyen Bank",EQF,R06,mail,2026-08-10,17-Aug-2026,Closed
D0004560,C000359,CA,55-64,F026,Wilkerson-Day Collections,TransUnion,R10,Phone,03/31/2026,04/11/2026,Closed
D0003790,C000400,WA,35-44,F030,"Snyder, Campos and Callahan Collections",EQF,R07,web,12-May-2026,06/05/2026,Closed
D0005655,C000117,GA,18-24,F026,Wilkerson-Day Collections,Experian,R10,MAIL,28-Feb-2025,03/21/2025,Closed
D0003240,C000014,WA,65+,F018,"Flowers, Martin and Kelly Bank",experian,R02,web,26-Aug-2026,2026-09-10,Closed
D0003908,C000106,NY,65+,F006,"Gardner, Robinson and Lawrence Credit",transunion,R03,online,,14-Jun-2026,Closed
D0004819,C000506,IL,55-64,F023,Perez Inc Credit,TU,R02,Mail,2025-10-18,,Closed
D0005494,C000522,WA,35-44,F018,"Flowers, Martin and Kelly Bank",transunion,R01,PHONE,04/29/2026,26-May-2026,Closed
D0003501,C000608,NC,45-54,F019,"Adams, Zuniga and Wong Auto",Experian,R08,Phone,03/22/2025,25-Mar-2025,Closed
D0001176,C000650,IL,35-44,F029,"Ross, Robinson and Bright Collections",EXP,R02,Online,14-Aug-2026,08/24/2026,Closed
D0001458,C000656,NY,18-24,F009,Garcia-James Bank,Equifax,R02,call center,07/22/2025,07/31/2025,Closed
D0001711,C000300,MI,65+,F004,Davis and Sons Bank,equifax,R03,PHONE,24-Jul-2025,06-Aug-2025,Closed
D0002648,C000426,NY,45-54,F024,Morales-Jones Auto,equifax,R09,MAIL,02/12/2025,2025-03-05,Closed
D0000422,C000271,MI,55-64,,Morales-Jones Auto,experian,R01,phone,17-May-2025,30-May-2025,Closed
D0005269,C000503,MI,25-34,F013,Arnold Ltd Bank,experian,R07,Online,2025-03-11,2025-03-16,Closed
D0004499,C000661,FL,45-54,F007,Blake and Sons Credit,Equifax,R08,online,01/22/2026,2026-02-06,Closed
D0001907,C000042,OH,25-34,F015,Williams and Sons Retail,experian,R04,MAIL,13-May-2026,08-Jun-2026,Closed
D0004213,C000213,NY,35-44,F025,"Walter, Edwards and Rios Bank",experian,R10,mail,08-Apr-2025,24-Apr-2025,Closed
D0003061,,WA,25-34,,Davis and Sons Bank,EQF,R08,phone,09-May-2025,2025-06-11,Closed
D0005343,C000419,OH,18-24,F001,"Rodriguez, Figueroa and Sanchez Collections",transunion,R03,call center,2026-08-11,,Open
D0003443,C000686,MI,35-44,F023,Perez Inc Credit,transunion,R02,Mail,05/14/2026,21-May-2026,Closed
D0005481,C000567,OH,35-44,F008,"Henderson, Ramirez and Lewis Auto",TransUnion,R05,PHONE,2025-06-25,2025-07-20,Closed
D0003336,C000175,NY,18-24,F020,"Reid, Ferguson and Sanchez Bank",TransUnion,R04,MAIL,2026-03-24,15-Apr-2026,Closed
D0005725,C000551,CA,25-34,F018,"Flowers, Martin and Kelly Bank",Experian,R03,Phone,07/18/2026,2026-08-01,Closed
D0002910,C000082,AZ,55-64,F010,Abbott-Munoz Retail,EQF,R09,web,,18-May-2025,Closed
D0004171,C000236,IL,35-44,F027,Baker and Sons Retail,TransUnion,R01,call center,28-May-2025,,Closed
D0001322,C000773,MI,35-44,F028,"Hoffman, Baker and Richards Auto",Equifax,r04,MAIL,02/21/2026,04/08/2026,Closed
D0004825,C000042,OH,25-34,F027,Baker and Sons Retail,EXP,R10,phone,2026-06-16,06/11/2026,Closed
D0002337,C000203,NY,45-54,F019,"Adams, Zuniga and Wong Auto",Experian,R06,mail,02-Mar-2025,03/22/2025,Closed
D0003607,C000476,MI,35-44,F005,"Guzman, Hoffman and Baldwin Collections",transunion,R02,Phone,13-Oct-2025,11/24/2025,Closed
D0002219,C000499,IL,18-24,F020,"Reid, Ferguson and Sanchez Bank",experian,r08,Mail,01/05/2026,2026-01-28,Closed
D0005459,C000253,FL,25-34,F024,Morales-Jones Auto,Equifax,,mail,2025-01-20,2025-03-14,Closed
D0003911,C000180,PA,18-24,F030,"Snyder, Campos and Callahan Collections",experian,R05,mail,2025-02-22,03/01/2025,Closed
D0003748,C000280,FL,35-44,F005,"Guzman, Hoffman and Baldwin Collections",EQF,R07,mail,08/02/2025,2025-08-24,Closed
D0001481,C000577,FL,35-44,F001,"Rodriguez, Figueroa and Sanchez Collections",EQUIFAX,R01,mail,2025-07-08,12-Jul-2025,Closed
D0005476,C000254,GA,35-44,F001,"Rodriguez, Figueroa and Sanchez Collections",TransUnion,R08,PHONE,20-Dec-2025,16-Jan-2026,Closed
D0004363,C000632,WA,45-54,F017,James Group Collections,equifax,R09,online,27-Mar-2026,12-Apr-2026,Closed
D0005311,C000066,IL,65+,F021,Gray-Mayo Collections,EQF,R10,web,2025-02-10,05-Mar-2025,Closed
D0001843,C000368,PA,45-54,F024,Morales-Jones Auto,Trans Union,R10,Online,25-Apr-2026,,Open
D0001393,C000029,TX,45-54,F020,"Reid, Ferguson and Sanchez Bank",transunion,R03,mail,13-May-2025,2025-05-17,Closed
D0005235,C000208,NC,35-44,F001,"Rodriguez, Figueroa and Sanchez Collections",equifax,R05,ONLINE,2026-07-17,2026-08-17,Closed
D0001657,C000384,OH,35-44,F021,Gray-Mayo Collections,Experian,R10,Mail,2025-04-14,05/14/2025,Closed
D0002119,C000795,NY,18-24,F023,Perez Inc Credit,EXP,R01,Mail,29-May-2025,06/22/2025,Closed
D0001388,C000162,GA,35-44,F026,Wilkerson-Day Collections,TU,R01,online,2025-11-14,22-Nov-2025,Closed
D0001973,C000115,AZ,35-44,F010,Abbott-Munoz Retail,EXP,XX99,Phone,11-Aug-2026,29-Aug-2026,Closed
D0004666,C000799,WA,35-44,F018,"Flowers, Martin and Kelly Bank",equifax,R03,PHONE,03/21/2025,,Open
D0003615,C000433,IL,35-44,F024,Morales-Jones Auto,TU,r04,phone,2026-08-17,,Open
D0002032,C000611,PA,45-54,F007,Blake and Sons Credit,experian,R10,online,03-Apr-2026,,Open
D0003907,C000710,AZ,65+,F018,"Flowers, Martin and Kelly Bank",equifax,R01,call center,02-May-2026,05/30/2026,Closed
D0005057,C000728,WA,35-44,F005,"Guzman, Hoffman and Baldwin Collections",EQUIFAX,R09,online,06/07/2025,2025-06-14,Closed
D0000636,C000566,GA,18-24,F021,Gray-Mayo Collections,Equifax,R03,Mail,2026-04-26,05/26/2026,Closed
D0000225,C000632,WA,45-54,F009,Garcia-James Bank,experian,R08,ONLINE,08-Jan-2026,01-Feb-2026,Closed
D0004745,C000492,IL,45-54,F001,"Rodriguez, Figueroa and Sanchez Collections",experian,R07,MAIL,2025-10-02,2025-10-18,Closed
D0004776,C000151,TX,45-54,F020,"Reid, Ferguson and Sanchez Bank",experian,R08,online,2025-07-28,09/07/2025,Closed
D0003362,C000440,GA,35-44,F027,Baker and Sons Retail,EXP,R07,call center,06/15/2025,19-Jun-2025,Closed
D0003658,C000577,FL,35-44,F018,"Flowers, Martin and Kelly Bank",EXP,,call center,2026-01-20,,Closed
D0005714,C000752,CA,45-54,F012,Dudley Group Auto,Equifax,other,ONLINE,2026-07-14,08/02/2026,Closed
D0004066,C000286,NC,35-44,F019,"Adams, Zuniga and Wong Auto",transunion,R10,Phone,03/04/2026,,Open
D0001982,C000459,MI,35-44,F007,Blake and Sons Credit,EXP,R01,PHONE,2025-03-17,07-Apr-2025,Closed
D0005499,C000493,TX,18-24,F028,"Hoffman, Baker and Richards Auto",Experian,R02,Mail,09-Mar-2026,04/13/2026,Closed
D0005847,C000532,TX,18-24,F005,"Guzman, Hoffman and Baldwin Collections",Trans Union,R04,Online,02-Apr-2026,16-Apr-2026,Closed
D0000522,C000567,OH,35-44,F003,"Mcclain, Miller and Henderson Bank",transunion,R06,Phone,2025-02-20,01-Mar-2025,Closed
D0003368,C000268,MI,45-54,F024,Morales-Jones Auto,experian,R01,web,2025-12-20,21-Jan-2026,Closed
D0001369,C000411,MI,65+,F009,Garcia-James Bank,TransUnion,R05,phone,16-Mar-2026,04/07/2026,Closed
D0001483,C000075,PA,55-64,F024,Morales-Jones Auto,Equifax,r07,Online,11-Jun-2025,07/04/2025,Closed
D0000854,C000571,NC,45-54,F030,"Snyder, Campos and Callahan Collections",EQUIFAX,R07,web,2025-08-06,,Closed
D0001429,C000304,NC,45-54,F022,"Watts, Robinson and Nguyen Bank",experian,R03,call center,2026-05-31,06/03/2026,Closed
D0005955,C000504,NC,45-54,F010,Abbott-Munoz Retail,TransUnion,R10,Online,,2025-12-08,Closed
D0005430,C000461,NC,35-44,F017,James Group Collections,Trans Union,r03,call center,31-May-2026,06/20/2026,Closed
D0004515,C000539,PA,35-44,F006,"Gardner, Robinson and Lawrence Credit",EQUIFAX,R04,Mail,08/26/2026,09/21/2026,Closed
D0001381,C000488,MI,35-44,F002,Doyle Ltd Collections,EQUIFAX,R04,Phone,03/30/2026,2026-05-14,Closed
D0005283,C000305,WA,25-34,F026,Wilkerson-Day Collections,Experian,R07,web,2026-01-25,02/20/2026,Closed
D0001704,C000761,FL,18-24,F011,Blair PLC Retail,TransUnion,see notes,Mail,10-Mar-2025,03/26/2025,Closed
D0000653,C000328,NC,25-34,F016,Galloway-Wyatt Collections,TransUnion,R04,PHONE,11/18/2025,2025-12-17,Closed
D0000231,C000017,GA,55-64,F005,"Guzman, Hoffman and Baldwin Collections",EXP,R07,MAIL,05/14/2026,2026-06-18,Closed
D0004857,C000390,OH,25-34,F020,"Reid, Ferguson and Sanchez Bank",experian,R05,ONLINE,06/18/2025,22-Jul-2025,Closed
D0003523,C000178,MI,18-24,F023,Perez Inc Credit,Trans Union,R03,PHONE,14-Apr-2025,2025-04-28,Closed
D0003349,C000049,NY,45-54,F028,"Hoffman, Baker and Richards Auto",EQUIFAX,R08,Mail,2026-05-17,2026-06-04,Closed
D0002317,C000744,PA,35-44,F024,Morales-Jones Auto,transunion,R06,PHONE,2025-08-19,2025-08-24,Closed
D0001684,C000594,GA,45-54,F021,Gray-Mayo Collections,EXP,R10,MAIL,2025-10-07,04-Nov-2025,Closed
D0004882,C000505,GA,45-54,F029,"Ross, Robinson and Bright Collections",experian,R10,web,01/29/2025,2025-02-27,Closed
D0002580,C000263,NC,35-44,F005,"Guzman, Hoffman and Baldwin Collections",EXP,R04,ONLINE,2026-02-02,,Open
D0003011,C000642,FL,65+,F017,James Group Collections,TransUnion,R09,Phone,2025-09-10,26-Oct-2025,Closed
D0001480,C000141,AZ,65+,F016,Galloway-Wyatt Collections,equifax,R04,MAIL,2026-02-24,03/22/2026,Closed
D0001619,C000421,OH,18-24,F009,Garcia-James Bank,TU,R05,call center,10/06/2025,10/21/2025,Closed
D0002457,C000757,AZ,55-64,F006,"Gardner, Robinson and Lawrence Credit",TU,R05,PHONE,2025-01-28,,Open
D0001346,C000765,NY,55-64,F016,Galloway-Wyatt Collections,Equifax,R07,MAIL,04/17/2025,2025-04-28,Closed
D0002844,C000078,GA,55-64,F015,Williams and Sons Retail,EXP,R03,call center,11/16/2025,,Open
D0003167,C000624,TX,45-54,F026,Wilkerson-Day Collections,TU,R02,mail,02-Sep-2025,09/07/2025,Closed
D0004705,C000105,NC,25-34,F009,Garcia-James Bank,Trans Union,R07,call center,23-Mar-2026,04/22/2026,Closed
D0003932,C000426,NY,45-54,F016,Galloway-Wyatt Collections,TU,r05,ONLINE,08/29/2025,06-Sep-2025,Closed
D0003275,C000585,NC,18-24,F025,"Walter, Edwards and Rios Bank",TransUnion,R04,web,2025-10-26,,Open
D0005122,C000090,NC,18-24,F027,Baker and Sons Retail,TransUnion,R10,Mail,2025-04-17,05/09/2025,Closed
D0000610,C000552,GA,55-64,F019,"Adams, Zuniga and Wong Auto",TU,R10,MAIL,12-May-2025,,Open
D0000700,C000302,GA,45-54,F012,Dudley Group Auto,Experian,,ONLINE,09-Jun-2026,09-Jul-2026,Closed
D0002197,C000559,OH,35-44,F015,Williams and Sons Retail,Trans Union,R03,online,2025-08-11,2025-08-20,Closed
D0005572,C000171,WA,35-44,F010,Abbott-Munoz Retail,equifax,R03,mail,12-Nov-2025,2025-11-18,Closed
D0004252,C000232,CA,35-44,F007,Blake and Sons Credit,experian,R01,MAIL,07/02/2026,08/01/2026,Closed
D0002116,C000590,NY,45-54,F021,Gray-Mayo Collections,equifax,R08,mail,11/10/2025,,Closed
D0002303,C000104,GA,18-24,F024,Morales-Jones Auto,Experian,R03,Online,2025-09-10,10/01/2025,Closed
D0005064,C000680,PA,35-44,,"Walter, Edwards and Rios Bank",transunion,R07,mail,08/12/2025,08/20/2025,Closed
D0000073,C000497,CA,25-34,F005,"Guzman, Hoffman and Baldwin Collections",Trans Union,r10,ONLINE,2025-07-19,2025-09-04,Closed
D0003224,C000621,GA,18-24,F025,"Walter, Edwards and Rios Bank",EXP,R10,online,12/20/2025,01/01/2026,Closed
D0000971,C000585,NC,18-24,F015,Williams and Sons Retail,transunion,R04,Online,24-Jul-2025,12-Sep-2025,Closed
D0001639,C000729,AZ,45-54,F010,Abbott-Munoz Retail,EXP,R04,MAIL,2025-02-12,01-Mar-2025,Closed
D0004341,C000612,OH,25-34,F002,Doyle Ltd Collections,Experian,R02,MAIL,23-Apr-2025,06/05/2025,Closed
D0001983,C000056,PA,35-44,F004,Davis and Sons Bank,EQF,R02,MAIL,01/26/2026,2026-02-11,Closed
D0004050,C000438,AZ,45-54,F009,Garcia-James Bank,Trans Union,r05,web,,2025-02-16,Closed
D0003827,C000151,TX,45-54,F014,"Mcclure, Ward and Lee Bank",EXP,R05,call center,01/07/2025,2025-01-26,Closed
D0001235,C000386,PA,35-44,F012,Dudley Group Auto,transunion,r05,PHONE,03/21/2026,17-Apr-2026,Closed
D0004850,C000103,TX,65+,F026,Wilkerson-Day Collections,Trans Union,XX99,call center,2025-01-30,02-Feb-2025,Closed
D0004782,,PA,18-24,F009,Garcia-James Bank,equifax,R01,phone,07/26/2025,2025-07-31,Closed
D0002528,C000591,WA,35-44,F025,"Walter, Edwards and Rios Bank",EXP,R03,mail,07-Mar-2025,2025-04-21,Closed
D0002130,C000021,IL,25-34,F026,Wilkerson-Day Collections,EXP,r08,ONLINE,2025-01-21,2025-02-09,Closed
D0000488,C000768,NC,35-44,F003,"Mcclain, Miller and Henderson Bank",EXP,R04,Mail,2026-03-29,2026-04-27,Closed
D0004875,C000647,WA,35-44,F014,"Mcclure, Ward and Lee Bank",EQF,R01,MAIL,2025-04-15,06/08/2025,Closed
D0001853,C000761,FL,18-24,F004,Davis and Sons Bank,Experian,r06,Phone,07/25/2025,07-Aug-2025,Closed
D0004432,C000005,WA,18-24,F008,"Henderson, Ramirez and Lewis Auto",EXP,R01,Phone,05/04/2026,2026-06-19,Closed
D0002590,C000664,AZ,18-24,F004,Davis and Sons Bank,TU,R09,call center,07-Mar-2025,2025-03-10,Closed
D0000823,C000655,NY,25-34,F008,"Henderson, Ramirez and Lewis Auto",Trans Union,R02,Mail,03/08/2025,04/01/2025,Closed
D0001081,C000460,GA,55-64,F025,"Walter, Edwards and Rios Bank",EQF,R01,phone,2025-02-17,,Open
D0000110,C000446,NC,18-24,F007,Blake and Sons Credit,experian,R01,call center,2025-06-01,27-Jun-2025,Closed
D0004132,C000683,CA,55-64,F015,Williams and Sons Retail,Experian,R03,MAIL,07/21/2026,2026-07-26,Closed
D0000523,C000408,AZ,45-54,F026,Wilkerson-Day Collections,transunion,,MAIL,12-May-2026,,Open
D0005985,C000023,TX,18-24,F020,"Reid, Ferguson and Sanchez Bank",Trans Union,R09,MAIL,2025-09-22,,Open
D0002815,C000275,WA,45-54,F019,"Adams, Zuniga and Wong Auto",experian,r09,MAIL,03/11/2025,16-Mar-2025,Closed
D0005532,C000004,FL,25-34,F015,Williams and Sons Retail,Experian,r01,PHONE,08/02/2026,,Open
D0001432,C000417,OH,55-64,F026,Wilkerson-Day Collections,EXP,R10,call center,07-Apr-2025,11-Apr-2025,Closed
D0003117,C000029,TX,45-54,F009,Garcia-James Bank,TU,R07,web,29-May-2026,2026-06-12,Closed
D0003209,C000747,GA,45-54,,"Hoffman, Baker and Richards Auto",transunion,R04,Mail,07/15/2025,2025-08-15,Closed
D0002960,C000168,FL,18-24,F026,Wilkerson-Day Collections,equifax,r08,web,2025-04-18,05/13/2025,Closed
D0003912,C000320,PA,45-54,F016,Galloway-Wyatt Collections,EQF,R02,web,05-Jul-2025,2025-07-12,Closed
D0004364,C000314,CA,25-34,F024,Morales-Jones Auto,EQF,other,Mail,27-May-2026,06/14/2026,Closed
D0000133,C000511,FL,65+,F015,Williams and Sons Retail,Equifax,R01,PHONE,20-Nov-2025,,Open
D0003499,C000358,MI,65+,F007,Blake and Sons Credit,EXP,r04,phone,11/13/2025,,Open
D0003410,C000401,OH,25-34,F003,"Mcclain, Miller and Henderson Bank",experian,R10,Phone,01/08/2025,15-Jan-2025,Closed
D0005878,C000546,CA,18-24,,Gray-Mayo Collections,EQF,r06,MAIL,02-Jun-2026,06/15/2026,Closed
D0005856,C000385,PA,35-44,F008,"Henderson, Ramirez and Lewis Auto",Trans Union,r04,PHONE,03/20/2026,2026-04-06,Closed
D0002088,C000726,AZ,18-24,F018,"Flowers, Martin and Kelly Bank",TU,R10,PHONE,2026-05-24,06/14/2026,Closed
D0001724,C000778,TX,65+,F015,Williams and Sons Retail,EQF,R03,Phone,2025-10-05,11/16/2025,Closed
D0001719,C000023,TX,18-24,F025,"Walter, Edwards and Rios Bank",experian,R01,mail,2025-11-14,12/18/2025,Closed
D0000485,C000470,WA,55-64,F009,Garcia-James Bank,TransUnion,R03,PHONE,2025-01-10,09-Feb-2025,Closed
D0001969,C000625,TX,55-64,F029,"Ross, Robinson and Bright Collections",equifax,R03,mail,,14-Feb-2025,Closed
D0002559,C000102,MI,18-24,F010,Abbott-Munoz Retail,Experian,R10,online,30-Mar-2025,09-May-2025,Closed
D0001765,C000254,GA,35-44,F022,"Watts, Robinson and Nguyen Bank",Experian,R09,MAIL,2025-07-28,25-Aug-2025,Closed
D0001770,C000321,PA,25-34,F028,"Hoffman, Baker and Richards Auto",TU,R05,Phone,2026-06-24,05-Jul-2026,Closed
D0002635,C000615,FL,45-54,F030,"Snyder, Campos and Callahan Collections",Trans Union,R05,Phone,12-Feb-2026,,Open
D0000873,C000105,NC,25-34,F029,"Ross, Robinson and Bright Collections",TransUnion,R01,MAIL,28-Aug-2025,,Open
D0003664,C000106,NY,65+,F002,Doyle Ltd Collections,TU,R02,PHONE,03/22/2026,,Closed
D0001067,C000225,IL,25-34,F015,Williams and Sons Retail,EXP,R10,phone,11/12/2025,12/09/2025,Closed
D0002467,C000230,TX,65+,F018,"Flowers, Martin and Kelly Bank",EQUIFAX,R02,MAIL,13-Jan-2025,08-Mar-2025,Closed
D0003676,C000501,NC,45-54,F001,"Rodriguez, Figueroa and Sanchez Collections",Equifax,R03,call center,2025-09-07,29-Oct-2025,Closed
D0001806,C000427,NY,65+,F029,"Ross, Robinson and Bright Collections",Equifax,R05,Mail,2025-03-14,2025-03-25,Closed
D0005445,C000373,GA,25-34,F002,Doyle Ltd Collections,Equifax,R06,MAIL,08-Jul-2026,,Open
D0004519,C000464,OH,65+,F009,Garcia-James Bank,EQUIFAX,R03,PHONE,23-Apr-2025,04/18/2025,Closed
D0003808,C000137,AZ,45-54,F009,Garcia-James Bank,Equifax,R02,Phone,19-Jun-2026,,Open
D0001503,C000286,NC,35-44,,Blair PLC Retail,transunion,R10,web,2026-06-10,22-Jun-2026,Closed
D0005712,C000340,AZ,35-44,F012,Dudley Group Auto,experian,R05,mail,2025-09-22,,Open
D0002128,C000410,FL,18-24,F026,Wilkerson-Day Collections,transunion,R05,call center,05/31/2025,16-Jun-2025,Closed
D0000973,C000314,CA,25-34,F014,"Mcclure, Ward and Lee Bank",TransUnion,R08,Mail,01-Dec-2025,14-Dec-2025,Closed
D0004727,C000390,OH,25-34,F003,"Mcclain, Miller and Henderson Bank",TransUnion,R10,ONLINE,2025-09-08,,Open
D0002271,C000767,NY,25-34,F010,Abbott-Munoz Retail,Trans Union,r09,Online,02/03/2025,2025-02-20,Closed
D0002135,C000092,AZ,55-64,F021,Gray-Mayo Collections,Trans Union,R02,MAIL,06/29/2026,2026-07-02,Closed
D0002704,C000060,AZ,45-54,F015,Williams and Sons Retail,EXP,R05,Mail,05/26/2026,2026-06-21,Closed
D0002534,C000330,NY,45-54,F026,Wilkerson-Day Collections,Trans Union,R07,Online,2025-10-14,12-Nov-2025,Closed
D0000185,C000683,CA,55-64,F007,Blake and Sons Credit,UNK,R08,ONLINE,2025-04-26,2025-04-29,Closed
D0004692,C000176,NC,18-24,F014,"Mcclure, Ward and Lee Bank",EXP,R08,phone,03-Jun-2026,07/26/2026,Closed
D0000492,C000270,OH,45-54,F021,Gray-Mayo Collections,EQF,R01,online,2025-01-31,,Open
D0000651,C000716,GA,35-44,F007,Blake and Sons Credit,equifax,R08,MAIL,05/11/2025,01-Jun-2025,Closed
D0005285,C000687,FL,65+,F017,James Group Collections,transunion,R09,Phone,07-Oct-2025,05-Nov-2025,Closed
D0001017,C000134,FL,45-54,F009,Garcia-James Bank,TU,R05,Online,20-Mar-2025,2025-04-06,Closed
D0001473,C000489,GA,45-54,F017,James Group Collections,EQUIFAX,R02,Mail,2025-11-13,25-Nov-2025,Closed
D0004411,C000685,IL,25-34,F007,Blake and Sons Credit,EQUIFAX,R10,MAIL,2026-06-20,2026-07-09,Closed
D0000832,C000798,MI,55-64,F008,"Henderson, Ramirez and Lewis Auto",Experian,R09,phone,30-Sep-2025,2025-10-19,Closed
D0000162,C000121,NC,25-34,F017,James Group Collections,TU,R07,PHONE,01/08/2025,02/05/2025,Closed
D0004065,,MI,55-64,F003,"Mcclain, Miller and Henderson Bank",equifax,R08,online,27-Jun-2025,07/23/2025,Closed
D0005061,C000147,NC,45-54,F015,Williams and Sons Retail,equifax,R05,phone,2026-05-04,10-Jun-2026,Closed
D0002814,C000507,PA,35-44,F004,Davis and Sons Bank,transunion,R01,online,17-Mar-2026,06-Apr-2026,Closed
D0002553,C000501,NC,45-54,F007,Blake and Sons Credit,experian,r06,ONLINE,07/26/2026,08/02/2026,Closed
D0001261,C000245,PA,18-24,F022,"Watts, Robinson and Nguyen Bank",experian,R07,PHONE,2025-12-28,01/27/2026,Closed
D0005509,C000295,MI,35-44,F029,"Ross, Robinson and Bright Collections",Equifax,R07,Phone,2025-04-11,25-Apr-2025,Closed
D0005422,C000275,WA,45-54,F021,Gray-Mayo Collections,TransUnion,R09,ONLINE,07/25/2025,01-Sep-2025,Closed
D0005326,C000345,IL,25-34,F003,"Mcclain, Miller and Henderson Bank",Equifax,R08,PHONE,25-Nov-2025,19-Dec-2025,Closed
D0000825,C000220,CA,18-24,F015,Williams and Sons Retail,Equifax,r05,phone,22-Feb-2025,11-Apr-2025,Closed
D0001334,C000043,AZ,35-44,F023,Perez Inc Credit,TU,R05,web,08/17/2026,,Open
D0002320,C000010,TX,25-34,F012,Dudley Group Auto,TransUnion,XX99,phone,06-Feb-2026,13-Feb-2026,Closed
D0001826,C000339,IL,25-34,F002,Doyle Ltd Collections,EQF,R06,Phone,2026-04-03,04/27/2026,Closed
D0002196,C000444,IL,55-64,F001,"Rodriguez, Figueroa and Sanchez Collections",transunion,R07,Online,06/16/2026,10-Jul-2026,Closed
D0004905,C000203,NY,45-54,F028,"Hoffman, Baker and Richards Auto",transunion,R07,MAIL,29-Sep-2025,29-Oct-2025,Closed
D0001885,C000793,TX,18-24,F014,"Mcclure, Ward and Lee Bank",TransUnion,R10,online,14-Feb-2025,2025-02-22,Closed
D0003789,C000687,FL,65+,F012,Dudley Group Auto,TU,R08,web,2025-03-10,03/22/2025,Closed
D0005901,C000517,CA,45-54,F016,Galloway-Wyatt Collections,EXP,R07,Online,29-May-2025,20-Jul-2025,Closed
D0001422,C000058,MI,65+,F001,"Rodriguez, Figueroa and Sanchez Collections",TransUnion,R02,phone,2025-06-19,29-Jun-2025,Closed
D0003792,C000031,IL,65+,F015,Williams and Sons Retail,TransUnion,R08,web,27-Aug-2025,2025-09-23,Closed
D0000577,C000722,FL,45-54,F007,Blake and Sons Credit,EXP,R04,Mail,2025-08-02,31-Aug-2025,Closed
D0000247,C000719,MI,45-54,F021,Gray-Mayo Collections,equifax,R02,online,14-May-2025,,Open
D0001526,C000117,GA,18-24,F007,Blake and Sons Credit,EQUIFAX,R08,mail,2025-11-06,2025-11-16,Closed
D0005627,C000628,PA,65+,,Davis and Sons Bank,EXP,R03,Online,,05-Jan-2026,Closed
D0001263,C000701,FL,25-34,F008,"Henderson, Ramirez and Lewis Auto",Experian,r07,online,04/10/2026,05/24/2026,Closed
D0001037,C000709,NY,25-34,F005,"Guzman, Hoffman and Baldwin Collections",Equifax,R09,call center,2026-01-02,21-Jan-2026,Closed
D0004790,C000328,NC,25-34,F005,"Guzman, Hoffman and Baldwin Collections",EQF,R07,web,2025-11-30,12/13/2025,Closed
D0003583,C000208,NC,35-44,F009,Garcia-James Bank,EXP,R09,Mail,2026-08-06,08/29/2026,Closed
D0001084,C000246,NY,65+,F020,"Reid, Ferguson and Sanchez Bank",Experian,R10,Phone,05/03/2025,31-May-2025,Closed
D0003329,C000238,FL,65+,F024,Morales-Jones Auto,Trans Union,r02,call center,2025-10-04,10/07/2025,Closed
D0005554,C000332,NC,55-64,F013,Arnold Ltd Bank,EXP,R07,Phone,2026-04-05,12-Apr-2026,Closed
D0003553,,OH,18-24,F023,Perez Inc Credit,TU,R09,call center,17-May-2025,2025-05-21,Closed
D0005112,C000071,GA,18-24,F002,Doyle Ltd Collections,equifax,R08,web,12/26/2025,2026-02-06,Closed
D0004616,C000630,GA,35-44,F027,Baker and Sons Retail,experian,R05,online,2026-06-14,,Open
D0004696,C000613,WA,25-34,F020,"Reid, Ferguson and Sanchez Bank",Equifax,R10,Phone,05/29/2026,16-Jun-2026,Closed
D0005415,C000741,NY,45-54,F010,Abbott-Munoz Retail,EQUIFAX,R01,PHONE,22-Jun-2025,28-Jun-2025,Closed
D0005728,C000155,TX,25-34,F004,Davis and Sons Bank,experian,R06,MAIL,2025-02-20,03/19/2025,Closed
D0000678,C000192,AZ,65+,F022,"Watts, Robinson and Nguyen Bank",Trans Union,R01,ONLINE,21-Jul-2025,09/01/2025,Closed
D0001849,C000067,MI,45-54,F001,"Rodriguez, Figueroa and Sanchez Collections",equifax,R09,Mail,11/02/2025,12/25/2025,Closed
D0004036,C000612,OH,25-34,F021,Gray-Mayo Collections,TransUnion,R10,Mail,2026-02-07,,Open
D0005594,C000379,PA,25-34,F026,Wilkerson-Day Collections,experian,R04,Online,09-May-2026,06/08/2026,Closed
D0004768,C000387,TX,45-54,F021,Gray-Mayo Collections,experian,R09,Phone,02/23/2026,01-Mar-2026,Closed
D0003269,C000131,NC,25-34,F003,"Mcclain, Miller and Henderson Bank",transunion,r07,online,11/20/2025,06-Dec-2025,Closed
D0000204,C000628,PA,65+,F028,"Hoffman, Baker and Richards Auto",transunion,R04,MAIL,21-Aug-2025,09/06/2025,Closed
D0005842,C000366,FL,45-54,F012,Dudley Group Auto,TransUnion,R10,call center,07/29/2025,2025-08-07,Closed
D0004279,C000518,GA,65+,F002,Doyle Ltd Collections,experian,R08,PHONE,2025-07-19,01-Aug-2025,Closed
D0005939,C000361,CA,35-44,F027,Baker and Sons Retail,experian,R01,Online,2026-05-20,06/17/2026,Closed
D0003487,C000648,CA,18-24,F015,Williams and Sons Retail,EQF,R06,mail,13-Dec-2025,01/06/2026,Closed
D0003067,C000087,CA,65+,F022,"Watts, Robinson and Nguyen Bank",Trans Union,R01,mail,2026-07-15,08/10/2026,Closed
D0004920,C000371,AZ,45-54,F011,Blair PLC Retail,TransUnion,R04,web,2025-02-23,03/23/2025,Closed
D0003022,C000199,NC,35-44,F014,"Mcclure, Ward and Lee Bank",transunion,R02,MAIL,08/19/2026,08/26/2026,Closed
D0000757,C000009,CA,18-24,F001,"Rodriguez, Figueroa and Sanchez Collections",Equifax,R07,call center,07/09/2025,06-Aug-2025,Closed
D0003370,C000426,NY,45-54,F030,"Snyder, Campos and Callahan Collections",Trans Union,R01,PHONE,04/09/2025,30-May-2025,Closed
D0001671,C000364,WA,65+,F027,Baker and Sons Retail,experian,R01,mail,06/02/2025,11-Jun-2025,Closed
D0002473,C000588,TX,45-54,F007,Blake and Sons Credit,TransUnion,r07,call center,2026-04-14,05/01/2026,Closed
D0001011,C000153,CA,65+,F029,"Ross, Robinson and Bright Collections",EQF,R04,Online,02/05/2026,,Closed
D0002951,C000771,NY,18-24,F005,"Guzman, Hoffman and Baldwin Collections",EQF,see notes,Mail,09-May-2026,,Open
D0003877,C000520,IL,18-24,F026,Wilkerson-Day Collections,Equifax,,Mail,,09/01/2026,Closed
D0004968,C000585,NC,18-24,F011,Blair PLC Retail,EQUIFAX,R03,MAIL,2026-02-02,2026-02-19,Closed
D0005015,C000623,MI,35-44,F002,Doyle Ltd Collections,experian,R04,PHONE,15-Feb-2025,,Open
D0002106,C000206,AZ,55-64,F023,Perez Inc Credit,EQF,R05,web,2025-03-21,27-Mar-2025,Closed
D0003604,C000161,PA,35-44,F016,Galloway-Wyatt Collections,TransUnion,R10,call center,28-Mar-2026,26-Apr-2026,Closed
D0001099,C000637,WA,45-54,F024,Morales-Jones Auto,equifax,R05,Mail,2026-08-21,08/30/2026,Closed
D0000172,C000266,MI,35-44,F006,"Gardner, Robinson and Lawrence Credit",experian,R07,Online,16-Jul-2026,2026-08-07,Closed
D0000779,C000238,FL,65+,F028,"Hoffman, Baker and Richards Auto",EQUIFAX,R01,call center,2026-07-07,26-Jul-2026,Closed
D0004886,C000752,CA,45-54,F028,"Hoffman, Baker and Richards Auto",transunion,R04,web,2025-11-09,2025-11-15,Closed
D0002735,C000511,FL,65+,F027,Baker and Sons Retail,transunion,R02,mail,02/02/2025,28-Feb-2025,Closed
D0002266,C000451,FL,65+,F009,Garcia-James Bank,EXP,R02,mail,2025-12-07,22-Jan-2026,Closed
D0000901,C000684,WA,45-54,F009,Garcia-James Bank,Experian,R01,mail,07/12/2026,20-Jul-2026,Closed
D0002288,C000538,IL,65+,F004,Davis and Sons Bank,Experian,R02,Mail,07/15/2025,2025-08-19,Closed
D0000298,C000068,MI,45-54,F012,Dudley Group Auto,Trans Union,r03,ONLINE,2026-03-07,2026-04-30,Closed
D0001353,C000785,WA,65+,F010,Abbott-Munoz Retail,experian,R06,Online,27-Sep-2025,21-Oct-2025,Closed
D0001959,C000455,TX,35-44,F015,Williams and Sons Retail,EQUIFAX,R03,phone,2025-10-11,10/21/2025,Closed
D0001366,C000077,PA,55-64,F009,Garcia-James Bank,Experian,R01,call center,06/19/2026,06/30/2026,Closed
D0004158,C000465,GA,35-44,F011,Blair PLC Retail,EXP,R06,Mail,2025-08-10,2025-09-03,Closed
D0001926,C000177,NY,18-24,F013,Arnold Ltd Bank,EXP,R02,Mail,05-Jan-2025,2025-01-15,Closed
D0004952,C000199,NC,35-44,F003,"Mcclain, Miller and Henderson Bank",EQUIFAX,R04,web,16-Nov-2025,2026-01-07,Closed
D0001348,C000366,FL,45-54,F011,Blair PLC Retail,equifax,R07,PHONE,11-Aug-2025,10/02/2025,Closed
D0004326,C000756,FL,65+,F010,Abbott-Munoz Retail,TU,R07,Mail,03/03/2026,,Open
D0004895,C000140,WA,18-24,F007,Blake and Sons Credit,EQUIFAX,R05,MAIL,08/24/2026,2026-08-28,Closed
D0004734,C000287,AZ,45-54,F020,"Reid, Ferguson and Sanchez Bank",Trans Union,R03,Mail,2025-11-23,2025-12-21,Closed
D0001144,C000122,MI,25-34,F015,Williams and Sons Retail,Trans Union,R05,call center,30-May-2026,06/06/2026,Closed
D0000436,C000012,MI,18-24,F025,"Walter, Edwards and Rios Bank",EQUIFAX,r06,mail,11/13/2025,17-Nov-2025,Closed
D0005772,C000340,AZ,35-44,F028,"Hoffman, Baker and Richards Auto",EXP,R05,Mail,09-Aug-2026,2026-08-24,Closed
D0003001,C000440,GA,35-44,F024,Morales-Jones Auto,TransUnion,R06,Online,08/20/2026,,Open
D0005915,C000127,OH,18-24,F025,"Walter, Edwards and Rios Bank",Experian,R03,MAIL,2026-06-23,07/06/2026,Closed
D0003534,C000207,CA,65+,F008,"Henderson, Ramirez and Lewis Auto",Experian,r02,Mail,06/14/2026,20-Jun-2026,Closed
D0003876,C000782,TX,45-54,F009,Garcia-James Bank,TU,R09,mail,2025-06-12,,Closed
D0004537,C000153,CA,65+,F009,Garcia-James Bank,Experian,R10,web,,10/23/2025,Closed
D0002480,C000488,MI,35-44,F004,Davis and Sons Bank,equifax,R03,web,2025-02-05,29-Mar-2025,Closed
D0004741,C000253,FL,25-34,F002,Doyle Ltd Collections,experian,R01,mail,02/26/2025,2025-03-12,Closed
D0005299,C000281,PA,18-24,F005,"Guzman, Hoffman and Baldwin Collections",EQF,r08,phone,23-Jun-2025,,Open
D0002549,C000442,FL,35-44,F023,Perez Inc Credit,equifax,R02,Mail,27-Mar-2026,04/03/2026,Closed
D0005639,C000706,IL,65+,F016,Galloway-Wyatt Collections,TransUnion,R03,MAIL,02/07/2026,16-Feb-2026,Closed
D0000936,C000152,NC,18-24,F011,Blair PLC Retail,Trans Union,R05,Phone,06/02/2026,2026-06-09,Closed
D0002593,C000053,AZ,35-44,F022,"Watts, Robinson and Nguyen Bank",Equifax,R07,PHONE,01/17/2026,02/05/2026,Closed
D0000069,C000357,PA,45-54,F016,Galloway-Wyatt Collections,Equifax,R03,Phone,10-Apr-2025,23-Apr-2025,Closed
D0001999,C000363,PA,55-64,F006,"Gardner, Robinson and Lawrence Credit",equifax,R01,web,2026-03-09,03/23/2026,Closed
D0000397,C000601,PA,35-44,F019,"Adams, Zuniga and Wong Auto",TU,R02,Phone,10-Aug-2026,,Closed
D0002665,C000063,IL,25-34,F009,Garcia-James Bank,Experian,R07,web,04/17/2025,04/22/2025,Closed
D0004659,C000546,CA,18-24,,"Gardner, Robinson and Lawrence Credit",EXP,R09,Mail,18-Jun-2025,,Open
D0003563,C000556,AZ,45-54,F016,Galloway-Wyatt Collections,EXP,R01,web,2026-07-11,2026-07-22,Closed
D0005628,C000513,AZ,18-24,F025,"Walter, Edwards and Rios Bank",EQUIFAX,R07,online,05/12/2026,2026-06-11,Closed
D0005261,C000574,OH,55-64,F020,"Reid, Ferguson and Sanchez Bank",EXP,R09,mail,02/11/2026,23-Feb-2026,Closed
D0001941,C000661,FL,45-54,F004,Davis and Sons Bank,transunion,R06,PHONE,24-Jan-2025,2025-02-04,Closed
D0000924,C000176,NC,18-24,F005,"Guzman, Hoffman and Baldwin Collections",transunion,R09,PHONE,2025-08-18,,Open
D0005860,C000485,WA,25-34,F002,Doyle Ltd Collections,EXP,R08,PHONE,04-Apr-2025,2025-04-29,Closed
D0000318,C000353,PA,45-54,F015,Williams and Sons Retail,TU,R07,PHONE,2025-08-26,09/19/2025,Closed
D0001009,C000317,PA,65+,F005,"Guzman, Hoffman and Baldwin Collections",EQUIFAX,XX99,MAIL,01/19/2025,18-Feb-2025,Closed
D0005759,C000496,AZ,65+,F020,"Reid, Ferguson and Sanchez Bank",equifax,R02,Mail,2025-11-25,2025-12-01,Closed
D0005447,C000014,WA,65+,F013,Arnold Ltd Bank,experian,R06,Phone,10/16/2025,11/11/2025,Closed
D0004353,C000126,TX,18-24,F018,"Flowers, Martin and Kelly Bank",EXP,R07,mail,03-Oct-2025,20-Oct-2025,Closed
D0001100,C000455,TX,35-44,F024,Morales-Jones Auto,EQUIFAX,R02,phone,02-Jul-2026,12-Jul-2026,Closed
D0001267,C000740,WA,65+,F008,"Henderson, Ramirez and Lewis Auto",TransUnion,R05,PHONE,2025-04-20,04-May-2025,Closed
D0001699,C000188,FL,65+,F014,"Mcclure, Ward and Lee Bank",EQUIFAX,R07,Phone,12/21/2025,2026-01-16,Closed
D0003266,C000569,PA,55-64,F029,"Ross, Robinson and Bright Collections",TU,R01,MAIL,10-Jul-2026,08/02/2026,Closed
D0003836,C000660,MI,25-34,F013,Arnold Ltd Bank,Experian,R01,online,27-May-2026,,Open
D0004289,C000662,AZ,35-44,F028,"Hoffman, Baker and Richards Auto",Equifax,R04,ONLINE,05/13/2025,2025-05-25,Closed
D0004978,C000687,FL,65+,F028,"Hoffman, Baker and Richards Auto",experian,R03,PHONE,07/31/2026,08/30/2026,Closed
D0002442,C000473,WA,45-54,F026,Wilkerson-Day Collections,Experian,R06,MAIL,29-Apr-2025,29-May-2025,Closed
D0005913,C000024,PA,18-24,F004,Davis and Sons Bank,Equifax,R08,web,09/21/2025,2025-09-27,Closed
D0000638,C000729,AZ,45-54,F026,Wilkerson-Day Collections,EQF,R05,web,2025-03-27,2025-05-12,Closed
D0000173,C000242,MI,65+,F018,"Flowers, Martin and Kelly Bank",equifax,R09,Mail,19-Mar-2026,2026-04-16,Closed
D0002852,C000784,MI,18-24,F006,"Gardner, Robinson and Lawrence Credit",Experian,R08,Phone,05/02/2026,05/14/2026,Closed
D0001406,C000777,PA,55-64,F016,Galloway-Wyatt Collections,transunion,R04,mail,2025-09-17,,Open
D0002298,C000119,TX,35-44,F008,"Henderson, Ramirez and Lewis Auto",TU,R03,web,01/18/2025,,Open
D0001033,C000350,PA,65+,F012,Dudley Group Auto,EQUIFAX,XX99,Mail,09/23/2025,11/13/2025,Closed
D0005234,C000714,CA,35-44,F022,"Watts, Robinson and Nguyen Bank",Experian,,MAIL,08/26/2025,19-Sep-2025,Closed
D0001139,C000694,CA,35-44,F001,"Rodriguez, Figueroa and Sanchez Collections",EQF,R01,ONLINE,11-Dec-2025,2025-12-31,Closed
D0002453,C000571,NC,45-54,F008,"Henderson, Ramirez and Lewis Auto",experian,R06,MAIL,2026-02-13,16-Feb-2026,Closed
D0002903,C000476,MI,35-44,F015,Williams and Sons Retail,TransUnion,R07,Mail,2025-01-06,01/17/2025,Closed
D0005272,C000032,MI,35-44,F029,"Ross, Robinson and Bright Collections",TU,R01,Mail,2025-10-02,2025-10-05,Closed
D0003993,C000654,MI,65+,F030,"Snyder, Campos and Callahan Collections",EXP,R10,Mail,21-Nov-2025,2025-12-07,Closed
D0002545,C000590,NY,45-54,F021,Gray-Mayo Collections,Experian,R10,MAIL,01/01/2026,,Open
D0005228,C000108,NY,35-44,F028,"Hoffman, Baker and Richards Auto",Experian,R10,MAIL,11-Jul-2026,07/19/2026,Closed
D0001304,C000637,WA,45-54,F015,Williams and Sons Retail,Trans Union,R07,Mail,03/26/2025,,Open
D0004524,C000228,PA,55-64,F009,Garcia-James Bank,experian,R10,Online,09/24/2025,17-Oct-2025,Closed
D0000530,C000629,NY,18-24,F023,Perez Inc Credit,EQUIFAX,see notes,Online,2026-01-16,2026-02-02,Closed
D0005558,C000209,AZ,18-24,F015,Williams and Sons Retail,Trans Union,R04,call center,05/20/2025,2025-07-03,Closed
D0000220,C000310,TX,25-34,F006,"Gardner, Robinson and Lawrence Credit",Experian,R08,PHONE,2025-04-25,2025-05-04,Closed
D0001449,C000512,FL,35-44,F016,Galloway-Wyatt Collections,transunion,R09,phone,03/29/2025,12-Apr-2025,Closed
D0003206,C000186,MI,55-64,F001,"Rodriguez, Figueroa and Sanchez Collections",TransUnion,R03,mail,30-Jan-2025,2025-03-25,Closed
D0003926,C000360,PA,45-54,F019,"Adams, Zuniga and Wong Auto",TU,R10,ONLINE,10/07/2025,23-Oct-2025,Closed
D0005948,C000253,FL,25-34,F001,"Rodriguez, Figueroa and Sanchez Collections",TU,r03,Online,05/26/2026,2026-06-08,Closed
D0000539,C000686,MI,35-44,F002,Doyle Ltd Collections,EXP,R03,ONLINE,03/08/2025,03/15/2025,Closed
D0002118,C000543,CA,45-54,F024,Morales-Jones Auto,equifax,R03,Mail,06/18/2025,07/18/2025,Closed
D0003705,C000605,MI,55-64,F016,Galloway-Wyatt Collections,EXP,R03,Phone,05/12/2026,,Open
D0001124,C000132,WA,55-64,F016,Galloway-Wyatt Collections,EQUIFAX,r08,mail,04/06/2026,04/11/2026,Closed
D0001174,C000793,TX,18-24,F003,"Mcclain, Miller and Henderson Bank",experian,R06,phone,12/09/2025,2026-01-21,Closed
D0002440,C000536,GA,18-24,F006,"Gardner, Robinson and Lawrence Credit",Experian,R05,MAIL,14-Jul-2025,,Open
D0005668,C000498,NY,55-64,F004,Davis and Sons Bank,TU,R07,phone,20-Feb-2025,2025-02-26,Closed
D0003297,C000166,GA,25-34,F024,Morales-Jones Auto,TU,R09,mail,2025-12-18,,Open
D0003513,C000365,NC,55-64,F011,Blair PLC Retail,experian,R10,MAIL,04/04/2026,03-May-2026,Closed
D0003399,C000029,TX,45-54,F023,Perez Inc Credit,experian,R08,ONLINE,26-Feb-2025,2025-03-09,Closed
D0002918,,AZ,65+,F005,"Guzman, Hoffman and Baldwin Collections",EQUIFAX,r09,Mail,13-Jul-2025,07/30/2025,Closed
D0000421,C000230,TX,65+,F002,Doyle Ltd Collections,equifax,R04,ONLINE,07/01/2026,08-Jul-2026,Closed
D0000804,C000597,PA,25-34,F015,Williams and Sons Retail,Trans Union,R04,mail,03-Jan-2025,08-Jan-2025,Closed
D0001687,C000127,OH,18-24,F027,Baker and Sons Retail,Equifax,R02,ONLINE,08/25/2025,2025-09-09,Closed
D0002347,C000706,IL,65+,F008,"Henderson, Ramirez and Lewis Auto",Experian,R05,call center,2026-08-12,08/21/2026,Closed
D0005552,C000035,CA,65+,F030,"Snyder, Campos and Callahan Collections",Equifax,R09,mail,02-Mar-2026,04/01/2026,Closed
D0005710,C000322,NY,65+,F025,"Walter, Edwards and Rios Bank",UNK,R05,online,10-Oct-2025,27-Oct-2025,Closed
D0004248,C000384,OH,35-44,F012,Dudley Group Auto,Experian,R03,online,03/13/2026,05-Apr-2026,Closed
D0001873,C000106,NY,65+,F027,Baker and Sons Retail,experian,R08,PHONE,04/25/2025,05-May-2025,Closed
D0005737,C000481,WA,55-64,F015,Williams and Sons Retail,EXP,r03,online,2025-05-14,2025-05-23,Closed
D0002576,C000543,CA,45-54,F005,"Guzman, Hoffman and Baldwin Collections",EQUIFAX,R03,web,20-Dec-2025,26-Jan-2026,Closed
D0004407,C000079,IL,55-64,F019,"Adams, Zuniga and Wong Auto",TransUnion,R07,MAIL,25-May-2025,,Closed
D0002660,C000183,CA,55-64,F027,Baker and Sons Retail,EQF,R02,online,2025-04-14,14-May-2025,Closed
D0004334,C000005,WA,18-24,F026,Wilkerson-Day Collections,Trans Union,R05,Mail,2025-07-06,01-Aug-2025,Closed
D0003647,C000775,IL,18-24,F021,Gray-Mayo Collections,Experian,R04,mail,05/15/2026,2026-06-04,Closed
D0001632,C000587,TX,25-34,F029,"Ross, Robinson and Bright Collections",experian,R06,phone,11/20/2025,23-Nov-2025,Closed
D0000038,C000576,GA,18-24,F023,Perez Inc Credit,Equifax,R06,Online,,2025-10-27,Closed
D0002556,C000239,FL,65+,F007,Blake and Sons Credit,TU,R08,phone,20-Jan-2026,2026-02-06,Closed
D0000563,C000331,AZ,55-64,F005,"Guzman, Hoffman and Baldwin Collections",EXP,R04,MAIL,28-Oct-2025,,Open
D0004167,C000095,NY,55-64,F019,"Adams, Zuniga and Wong Auto",TransUnion,R06,Phone,05-Jan-2025,13-Feb-2025,Closed
D0004516,C000041,NY,35-44,F026,Wilkerson-Day Collections,TU,R05,MAIL,12-Jul-2026,08/01/2026,Closed
D0004207,C000717,AZ,65+,F017,James Group Collections,EXP,R01,Mail,2026-04-22,11-Jun-2026,Closed
D0001854,C000069,OH,25-34,F005,"Guzman, Hoffman and Baldwin Collections",transunion,R03,phone,02/12/2026,03/14/2026,Closed
D0003115,C000026,MI,35-44,F015,Williams and Sons Retail,UNK,R09,PHONE,2026-07-26,2026-09-08,Closed
D0003043,C000153,CA,65+,F012,Dudley Group Auto,Experian,R08,Mail,09-Sep-2025,01-Oct-2025,Closed
D0004433,C000487,TX,18-24,F009,Garcia-James Bank,equifax,R03,Phone,01-Jul-2026,2026-07-20,Closed
D0002332,C000489,GA,45-54,F013,Arnold Ltd Bank,EQF,R07,call center,11-May-2026,2026-06-07,Closed
D0004270,C000023,TX,18-24,F016,Galloway-Wyatt Collections,EXP,R03,ONLINE,01/11/2026,,Open
D0005258,C000446,NC,18-24,F012,Dudley Group Auto,TU,R09,web,01/28/2025,21-Feb-2025,Closed
D0005589,C000194,OH,18-24,F020,"Reid, Ferguson and Sanchez Bank",EQF,R08,MAIL,28-Mar-2026,05/08/2026,Closed
D0001898,C000528,PA,18-24,F008,"Henderson, Ramirez and Lewis Auto",experian,r07,PHONE,14-Aug-2025,,Open
D0004271,C000628,PA,65+,F021,Gray-Mayo Collections,Experian,R08,MAIL,14-Mar-2026,2026-03-29,Closed
D0000517,C000386,PA,35-44,F028,"Hoffman, Baker and Richards Auto",Equifax,r04,web,2025-08-14,2025-08-21,Closed
D0005230,C000746,OH,25-34,F002,Doyle Ltd Collections,experian,R04,phone,2025-07-15,08/12/2025,Closed
D0004024,C000012,MI,18-24,F006,"Gardner, Robinson and Lawrence Credit",EQUIFAX,R03,ONLINE,01/29/2025,09-Feb-2025,Closed
D0001683,C000390,OH,25-34,F019,"Adams, Zuniga and Wong Auto",Trans Union,R08,PHONE,01/18/2026,02/03/2026,Closed
D0001764,C000624,TX,45-54,F015,Williams and Sons Retail,transunion,R08,Online,09/17/2025,06-Oct-2025,Closed
D0004681,C000250,NY,65+,F029,"Ross, Robinson and Bright Collections",TransUnion,R07,Mail,03/11/2026,,Open
D0000993,C000650,IL,35-44,F030,"Snyder, Campos and Callahan Collections",EQF,R10,Online,05/28/2025,2025-06-14,Closed
D0005868,C000780,GA,35-44,F025,"Walter, Edwards and Rios Bank",EQUIFAX,R08,MAIL,20-Sep-2025,10/03/2025,Closed
D0000619,C000533,NY,35-44,F003,"Mcclain, Miller and Henderson Bank",equifax,R04,call center,11/25/2025,2025-12-20,Closed
D0003994,,OH,25-34,F018,"Flowers, Martin and Kelly Bank",EQUIFAX,R01,call center,28-Jun-2025,2025-08-10,Closed
D0003753,C000146,FL,25-34,F028,"Hoffman, Baker and Richards Auto",Equifax,R02,phone,2026-01-07,26-Feb-2026,Closed
D0002948,C000427,NY,65+,F030,"Snyder, Campos and Callahan Collections",EQF,R08,mail,2025-08-09,04-Sep-2025,Closed
D0002451,C000704,IL,25-34,F021,Gray-Mayo Collections,EXP,R02,Phone,08/28/2025,09/01/2025,Closed
D0003593,C000744,PA,35-44,F022,"Watts, Robinson and Nguyen Bank",Trans Union,R10,PHONE,29-Jan-2026,01/28/2026,Closed
D0005408,C000324,TX,45-54,F018,"Flowers, Martin and Kelly Bank",equifax,R10,MAIL,05/08/2026,25-May-2026,Closed
D0002111,C000320,PA,45-54,F007,Blake and Sons Credit,experian,see notes,online,2026-05-18,05/30/2026,Closed
D0005498,C000185,AZ,55-64,F001,"Rodriguez, Figueroa and Sanchez Collections",Experian,R01,PHONE,2025-09-11,2025-09-20,Closed
D0005347,C000502,MI,55-64,F011,Blair PLC Retail,Experian,R07,MAIL,11/05/2025,08-Dec-2025,Closed
D0000302,C000419,OH,18-24,F026,Wilkerson-Day Collections,experian,r08,mail,30-May-2025,,Open
D0004275,C000728,WA,35-44,F009,Garcia-James Bank,TransUnion,R07,Phone,2026-01-16,2026-02-03,Closed
D0003503,C000013,NC,25-34,F007,Blake and Sons Credit,TU,r07,Mail,,27-Nov-2025,Closed
D0005630,C000376,MI,55-64,F027,Baker and Sons Retail,Equifax,R04,Phone,10/11/2025,10/19/2025,Closed
D0004536,C000547,FL,65+,,"Mcclain, Miller and Henderson Bank",TU,R03,online,11/15/2025,06-Dec-2025,Closed
D0002366,C000684,WA,45-54,F020,"Reid, Ferguson and Sanchez Bank",Experian,R05,mail,07/22/2025,28-Jul-2025,Closed
D0005337,C000783,NC,25-34,F026,Wilkerson-Day Collections,TransUnion,R09,web,03/03/2026,2026-04-05,Closed
D0005682,C000386,PA,35-44,F009,Garcia-James Bank,EQUIFAX,R04,MAIL,02/18/2026,2026-02-25,Closed
D0002738,C000505,GA,45-54,F002,Doyle Ltd Collections,EXP,R02,web,03/27/2025,26-Apr-2025,Closed
D0003413,C000412,AZ,25-34,F013,Arnold Ltd Bank,EQF,R01,online,15-Feb-2025,,Closed
D0004786,C000307,IL,55-64,F010,Abbott-Munoz Retail,Experian,R07,Phone,2025-09-08,03-Oct-2025,Closed
D0003733,C000027,CA,65+,F008,"Henderson, Ramirez and Lewis Auto",experian,R09,ONLINE,2026-04-25,02-May-2026,Closed
D0002617,C000534,MI,65+,F009,Garcia-James Bank,transunion,R02,Mail,28-Jul-2025,08/19/2025,Closed
D0002606,C000499,IL,18-24,F012,Dudley Group Auto,EQF,r02,ONLINE,02/22/2026,15-Mar-2026,Closed
D0004908,C000454,GA,18-24,F010,Abbott-Munoz Retail,EXP,see notes,Mail,06-Sep-2025,10/10/2025,Closed
D0004917,C000473,WA,45-54,F025,"Walter, Edwards and Rios Bank",TransUnion,R01,ONLINE,04/22/2025,04/29/2025,Closed
D0005273,C000097,MI,35-44,F018,"Flowers, Martin and Kelly Bank",EQF,R08,call center,2025-05-21,30-May-2025,Closed
D0005068,C000598,MI,55-64,,"Reid, Ferguson and Sanchez Bank",TU,R06,PHONE,2025-02-15,01-Apr-2025,Closed
D0004624,C000797,MI,65+,F007,Blake and Sons Credit,Trans Union,R09,call center,2025-12-03,,Open
D0002861,C000393,CA,25-34,F006,"Gardner, Robinson and Lawrence Credit",equifax,XX99,Mail,2026-02-04,02/25/2026,Closed
D0005548,C000417,OH,55-64,F020,"Reid, Ferguson and Sanchez Bank",TU,R07,online,01-Jan-2026,25-Jan-2026,Closed
D0002891,C000781,NC,55-64,F029,"Ross, Robinson and Bright Collections",experian,R05,online,2026-04-11,2026-05-02,Closed
D0004321,C000496,AZ,65+,F010,Abbott-Munoz Retail,Trans Union,R05,web,2026-02-24,08-Apr-2026,Closed
D0001744,C000004,FL,25-34,F029,"Ross, Robinson and Bright Collections",Equifax,R09,PHONE,10/17/2025,20-Oct-2025,Closed
D0001569,C000077,PA,55-64,F016,Galloway-Wyatt Collections,EQUIFAX,R07,Online,03/01/2025,03/05/2025,Closed
D0002092,C000651,OH,45-54,F009,Garcia-James Bank,TransUnion,R01,PHONE,03/31/2025,2025-04-05,Closed
D0004804,C000045,AZ,18-24,F012,Dudley Group Auto,equifax,R08,Mail,2026-03-22,,Closed
D0004558,C000400,WA,35-44,F005,"Guzman, Hoffman and Baldwin Collections",EXP,R03,Online,2026-08-16,14-Sep-2026,Closed
D0005470,C000233,MI,55-64,F024,Morales-Jones Auto,experian,R05,web,03-Oct-2025,,Open
D0004470,C000243,NY,25-34,F002,Doyle Ltd Collections,Experian,R08,Online,01/29/2025,16-Feb-2025,Closed
D0005819,C000150,GA,25-34,F006,"Gardner, Robinson and Lawrence Credit",EXP,R02,mail,10/26/2025,2025-11-04,Closed
D0005653,C000138,OH,45-54,F007,Blake and Sons Credit,equifax,R02,web,25-Mar-2025,2025-04-26,Closed
D0004415,C000543,CA,45-54,F028,"Hoffman, Baker and Richards Auto",Equifax,R07,mail,03-Aug-2026,2026-08-30,Closed
D0004995,C000040,AZ,35-44,F025,"Walter, Edwards and Rios Bank",transunion,R03,web,19-Aug-2025,09/08/2025,Closed
D0001384,C000196,MI,55-64,F011,Blair PLC Retail,EXP,R01,Mail,25-Mar-2026,21-Apr-2026,Closed
D0000802,C000335,NC,45-54,F022,"Watts, Robinson and Nguyen Bank",equifax,R06,Online,08/23/2026,,Open
D0003456,C000041,NY,35-44,F007,Blake and Sons Credit,TransUnion,R04,MAIL,2026-02-23,16-Mar-2026,Closed
D0003172,C000590,NY,45-54,F003,"Mcclain, Miller and Henderson Bank",Equifax,R06,web,10/26/2025,11-Nov-2025,Closed
D0003200,C000277,NC,65+,F030,"Snyder, Campos and Callahan Collections",Equifax,R06,call center,06/13/2025,2025-07-04,Closed
D0000414,C000106,NY,65+,F023,Perez Inc Credit,EQF,R03,Phone,2026-05-30,29-Jun-2026,Closed
D0003878,C000130,GA,25-34,F009,Garcia-James Bank,equifax,R04,Online,02/01/2025,,Closed
D0003546,C000625,TX,55-64,F008,"Henderson, Ramirez and Lewis Auto",EXP,r01,call center,2025-07-05,2025-07-21,Closed
D0001927,C000589,TX,65+,F020,"Reid, Ferguson and Sanchez Bank",EQF,see notes,ONLINE,2025-12-20,2026-01-08,Closed
D0004683,C000037,TX,25-34,F013,Arnold Ltd Bank,Experian,R09,ONLINE,04/07/2025,,Closed
D0003528,C000006,AZ,65+,F027,Baker and Sons Retail,TU,R10,web,25-Sep-2025,11/10/2025,Closed
D0005721,C000646,GA,25-34,F022,"Watts, Robinson and Nguyen Bank",EXP,R04,web,10/21/2025,,Closed
D0002944,C000164,WA,55-64,F026,Wilkerson-Day Collections,EXP,R05,Mail,2026-03-21,02-Apr-2026,Closed
D0003653,C000413,TX,65+,F004,Davis and Sons Bank,EXP,R01,Online,2025-09-19,,Open
D0002926,C000531,IL,25-34,F023,Perez Inc Credit,Trans Union,R08,online,03/18/2025,2025-03-28,Closed
D0002613,C000212,WA,55-64,F026,Wilkerson-Day Collections,TransUnion,R01,ONLINE,2026-05-24,23-Jun-2026,Closed
D0003623,C000385,PA,35-44,F001,"Rodriguez, Figueroa and Sanchez Collections",EQUIFAX,R01,Mail,2025-07-14,,Open
D0001057,C000633,AZ,18-24,F002,Doyle Ltd Collections,TU,R09,Phone,06/19/2025,13-Jul-2025,Closed
D0000630,C000652,NY,25-34,F015,Williams and Sons Retail,Trans Union,R03,web,2026-05-06,05/26/2026,Closed
D0001883,C000684,WA,45-54,F016,Galloway-Wyatt Collections,TransUnion,r02,phone,2025-10-16,11/01/2025,Closed
D0002188,C000412,AZ,25-34,F019,"Adams, Zuniga and Wong Auto",Equifax,R01,Mail,05/26/2025,14-Jul-2025,Closed
D0005844,C000665,GA,35-44,F004,Davis and Sons Bank,TU,R03,online,2025-07-09,12-Jul-2025,Closed
D0000721,C000776,NY,65+,F021,Gray-Mayo Collections,EXP,R07,web,26-Dec-2025,,Open
D0004193,C000462,PA,65+,F005,"Guzman, Hoffman and Baldwin Collections",EQF,R05,Mail,2025-07-18,12-Aug-2025,Closed
D0005225,C000174,NC,55-64,F012,Dudley Group Auto,equifax,R10,mail,2025-12-07,2025-12-30,Closed
D0004387,C000260,IL,35-44,F027,Baker and Sons Retail,transunion,R08,Phone,11-Aug-2025,08/18/2025,Closed
D0000600,C000773,MI,35-44,F030,"Snyder, Campos and Callahan Collections",Experian,R08,online,16-Dec-2025,17-Jan-2026,Closed
D0002370,C000028,GA,55-64,F013,Arnold Ltd Bank,equifax,R05,PHONE,24-Jan-2025,14-Mar-2025,Closed
D0000625,C000780,GA,35-44,F004,Davis and Sons Bank,Equifax,R01,online,2026-02-09,14-Mar-2026,Closed
D0005371,C000146,FL,25-34,F017,James Group Collections,TransUnion,R02,online,11/12/2025,12/12/2025,Closed
D0004854,C000289,WA,35-44,F023,Perez Inc Credit,EQUIFAX,R04,mail,08-Apr-2026,2026-04-23,Closed
D0000828,C000390,OH,25-34,F019,"Adams, Zuniga and Wong Auto",EXP,R03,MAIL,2025-03-29,04/25/2025,Closed
D0000490,C000746,OH,25-34,F021,Gray-Mayo Collections,TransUnion,R07,phone,25-Jun-2026,2026-08-13,Closed
D0000891,C000610,NC,55-64,F008,"Henderson, Ramirez and Lewis Auto",equifax,R02,phone,03/27/2026,2026-04-17,Closed
D0003930,C000202,OH,35-44,F005,"Guzman, Hoffman and Baldwin Collections",TransUnion,R03,MAIL,2025-01-15,,Open
D0003232,C000291,FL,45-54,F007,Blake and Sons Credit,EQF,r05,Phone,2026-03-10,2026-03-23,Closed
D0001538,C000729,AZ,45-54,F009,Garcia-James Bank,Experian,R08,ONLINE,04/11/2025,,Closed
D0001906,C000098,GA,18-24,F009,Garcia-James Bank,EQF,R03,online,11/09/2025,,Open
D0002431,C000181,MI,25-34,F019,"Adams, Zuniga and Wong Auto",experian,r06,ONLINE,10-Jan-2026,23-Jan-2026,Closed
D0002339,C000100,IL,25-34,F027,Baker and Sons Retail,EXP,R06,Mail,2026-02-19,,Open
D0003195,C000128,NC,25-34,F027,Baker and Sons Retail,Equifax,R09,PHONE,19-Feb-2025,03/21/2025,Closed
D0002871,C000679,CA,65+,F019,"Adams, Zuniga and Wong Auto",UNK,other,call center,,,Open
D0001609,C000349,NY,25-34,F017,James Group Collections,Experian,R03,MAIL,11-Oct-2025,11/13/2025,Closed
D0003080,C000707,OH,18-24,F012,Dudley Group Auto,experian,R02,Mail,01/08/2026,01/31/2026,Closed
D0001248,C000333,OH,45-54,F006,"Gardner, Robinson and Lawrence Credit",EXP,R06,Online,11-Jul-2025,08/04/2025,Closed
D0001505,C000686,MI,35-44,F012,Dudley Group Auto,experian,R03,online,02/21/2026,,Open
D0001129,C000600,TX,35-44,F023,Perez Inc Credit,Experian,,web,01-Jul-2026,2026-07-31,Closed
D0002659,C000359,CA,55-64,F003,"Mcclain, Miller and Henderson Bank",experian,R05,Online,18-Mar-2026,2026-03-23,Closed
D0000409,C000037,TX,25-34,F030,"Snyder, Campos and Callahan Collections",experian,R03,online,2026-04-20,22-May-2026,Closed
D0001935,C000133,MI,45-54,F005,"Guzman, Hoffman and Baldwin Collections",EXP,R03,PHONE,2025-09-28,11/13/2025,Closed
D0005248,C000711,AZ,45-54,F020,"Reid, Ferguson and Sanchez Bank",EXP,R05,Mail,03-Dec-2025,12/31/2025,Closed
D0001696,C000152,NC,18-24,F029,"Ross, Robinson and Bright Collections",equifax,R05,call center,2025-09-15,10/31/2025,Closed
D0004397,C000423,TX,45-54,F028,"Hoffman, Baker and Richards Auto",EXP,R06,Phone,2025-11-15,,Open
D0002239,C000454,GA,18-24,F018,"Flowers, Martin and Kelly Bank",EQF,R09,Mail,13-Aug-2025,02-Oct-2025,Closed
D0002801,C000534,MI,65+,F021,Gray-Mayo Collections,transunion,other,Phone,2026-05-30,06/04/2026,Closed
D0005703,C000623,MI,35-44,F018,"Flowers, Martin and Kelly Bank",EXP,r05,phone,08-Dec-2025,2026-01-21,Closed
D0000182,C000633,AZ,18-24,F015,Williams and Sons Retail,EQF,R08,online,10/06/2025,10/19/2025,Closed
D0000157,C000154,NC,18-24,F006,"Gardner, Robinson and Lawrence Credit",EQUIFAX,R10,mail,2025-06-11,2025-06-17,Closed
D0001621,C000280,FL,35-44,F022,"Watts, Robinson and Nguyen Bank",EQF,R01,MAIL,,2026-07-01,Closed
D0000253,C000030,TX,55-64,F016,Galloway-Wyatt Collections,Trans Union,R06,ONLINE,2026-06-12,,Open
D0003874,C000333,OH,45-54,F010,Abbott-Munoz Retail,EQUIFAX,R10,Phone,29-Apr-2026,05/31/2026,Closed
D0000120,C000188,FL,65+,F022,"Watts, Robinson and Nguyen Bank",EXP,R02,phone,2025-12-10,20-Dec-2025,Closed
D0001367,C000048,WA,25-34,F024,Morales-Jones Auto,EXP,R08,PHONE,,,Open
D0005245,C000458,IL,65+,F004,Davis and Sons Bank,EXP,R08,MAIL,28-Sep-2025,24-Oct-2025,Closed
D0002636,C000750,OH,55-64,F026,Wilkerson-Day Collections,Experian,,phone,02/14/2026,03/09/2026,Closed
D0000266,C000547,FL,65+,F010,Abbott-Munoz Retail,UNK,R09,PHONE,05/05/2025,23-May-2025,Closed
D0005187,C000421,OH,18-24,F010,Abbott-Munoz Retail,Trans Union,R05,PHONE,01-Oct-2025,10/19/2025,Closed
D0002923,,NY,65+,F018,"Flowers, Martin and Kelly Bank",transunion,R04,call center,2025-06-01,06/06/2025,Closed
D0001697,C000319,WA,65+,F025,"Walter, Edwards and Rios Bank",Trans Union,R08,call center,2025-05-18,06/10/2025,Closed
D0000524,,CA,65+,F003,"Mcclain, Miller and Henderson Bank",TransUnion,R07,PHONE,03/17/2025,2025-04-12,Closed
D0003721,C000624,TX,45-54,F004,Davis and Sons Bank,Experian,R04,MAIL,2025-07-13,2025-08-10,Closed
D0005841,C000054,CA,25-34,F005,"Guzman, Hoffman and Baldwin Collections",TransUnion,R06,MAIL,11/24/2025,,Open
D0003515,C000695,GA,18-24,F006,"Gardner, Robinson and Lawrence Credit",Experian,XX99,online,03/21/2026,,Open
D0002625,C000724,NC,35-44,F022,"Watts, Robinson and Nguyen Bank",transunion,R06,call center,2026-02-07,2026-02-18,Closed
D0005764,C000753,IL,25-34,F001,"Rodriguez, Figueroa and Sanchez Collections",experian,r04,call center,2025-05-19,2025-06-19,Closed
D0004223,C000197,TX,18-24,F013,Arnold Ltd Bank,TU,R03,MAIL,2025-04-07,2025-05-06,Closed
D0000358,C000560,AZ,18-24,F007,Blake and Sons Credit,equifax,R09,ONLINE,12/08/2025,12/20/2025,Closed
D0005823,C000140,WA,18-24,F002,Doyle Ltd Collections,Trans Union,R07,Phone,2026-02-10,,Open
D0003278,C000448,TX,25-34,F008,"Henderson, Ramirez and Lewis Auto",TransUnion,R09,ONLINE,2025-02-01,16-Feb-2025,Closed
D0005175,C000440,GA,35-44,F005,"Guzman, Hoffman and Baldwin Collections",TransUnion,R06,online,15-Oct-2025,10/30/2025,Closed
D0005954,C000254,GA,35-44,F006,"Gardner, Robinson and Lawrence Credit",equifax,R07,Mail,02/19/2026,13-Mar-2026,Closed
D0004640,C000306,AZ,18-24,F017,James Group Collections,EXP,R10,PHONE,07/22/2026,2026-08-20,Closed
D0002737,C000600,TX,35-44,F013,Arnold Ltd Bank,Trans Union,R07,ONLINE,,2025-10-02,Closed
D0000537,C000483,CA,18-24,F020,"Reid, Ferguson and Sanchez Bank",EXP,R03,online,2026-04-11,11-May-2026,Closed
D0004762,C000579,IL,45-54,F018,"Flowers, Martin and Kelly Bank",transunion,R03,phone,12-Mar-2026,04/27/2026,Closed
D0002880,C000160,PA,18-24,F006,"Gardner, Robinson and Lawrence Credit",experian,R03,Mail,2025-12-26,2026-01-10,Closed
D0005196,C000206,AZ,55-64,F022,"Watts, Robinson and Nguyen Bank",TU,R01,mail,02-Jan-2026,2026-01-16,Closed
D0001532,C000658,MI,65+,F017,James Group Collections,EQUIFAX,R01,call center,2025-03-20,,Open
D0005720,C000009,CA,18-24,F002,Doyle Ltd Collections,EQF,R01,online,12-Feb-2025,2025-04-08,Closed
D0004340,C000567,OH,35-44,F001,"Rodriguez, Figueroa and Sanchez Collections",EQUIFAX,R01,Online,01-Oct-2025,10/22/2025,Closed
D0002378,C000365,NC,55-64,F004,Davis and Sons Bank,TU,R10,online,2026-02-19,16-Mar-2026,Closed
D0002677,C000307,IL,55-64,F030,"Snyder, Campos and Callahan Collections",EXP,r05,ONLINE,2025-07-04,07/18/2025,Closed
D0003312,C000057,TX,25-34,F003,"Mcclain, Miller and Henderson Bank",equifax,r03,call center,27-May-2025,,Open
D0005821,C000799,WA,35-44,F020,"Reid, Ferguson and Sanchez Bank",Trans Union,R07,MAIL,01/25/2025,,Open
D0001566,C000799,WA,35-44,F003,"Mcclain, Miller and Henderson Bank",Experian,R08,Mail,2025-01-31,16-Feb-2025,Closed
D0005661,C000360,PA,45-54,F021,Gray-Mayo Collections,experian,R01,mail,01-Aug-2026,2026-08-15,Closed
D0000048,C000721,TX,65+,F028,"Hoffman, Baker and Richards Auto",EQF,R10,PHONE,2025-02-19,08-Mar-2025,Closed
D0001330,C000758,CA,18-24,F004,Davis and Sons Bank,EXP,R07,call center,2026-02-19,10-Mar-2026,Closed
D0000025,C000125,CA,25-34,F007,Blake and Sons Credit,TransUnion,R07,call center,05/23/2025,2025-06-06,Closed
D0004531,,OH,18-24,F010,Abbott-Munoz Retail,TU,r06,ONLINE,2025-10-10,11/09/2025,Closed
D0004104,C000675,FL,45-54,F013,Arnold Ltd Bank,EQUIFAX,R05,online,08/04/2025,,Closed
D0004987,C000076,TX,45-54,F009,Garcia-James Bank,Experian,R02,call center,06/18/2025,2025-07-13,Closed
D0002914,C000180,PA,18-24,F003,"Mcclain, Miller and Henderson Bank",experian,R03,web,2025-06-02,2025-06-06,Closed
D0000903,C000518,GA,65+,F026,Wilkerson-Day Collections,equifax,R01,Mail,2026-04-17,06/07/2026,Closed
D0000117,C000407,IL,55-64,F019,"Adams, Zuniga and Wong Auto",EXP,R05,mail,04/15/2025,,Open
D0004004,C000221,AZ,45-54,F014,"Mcclure, Ward and Lee Bank",EQUIFAX,R04,call center,18-Nov-2025,,Open
D0003184,C000652,NY,25-34,F004,Davis and Sons Bank,Trans Union,R09,MAIL,2026-07-13,,Open
D0001132,C000278,WA,65+,F013,Arnold Ltd Bank,EXP,R01,mail,2025-01-26,11-Feb-2025,Closed
D0005815,C000265,IL,25-34,F003,"Mcclain, Miller and Henderson Bank",experian,R06,PHONE,09/05/2025,09/28/2025,Closed
D0001121,C000608,NC,45-54,F021,Gray-Mayo Collections,transunion,R04,online,2025-07-11,21-Jul-2025,Closed
D0001537,C000501,NC,45-54,F007,Blake and Sons Credit,experian,R06,Mail,02/10/2026,19-Mar-2026,Closed
D0002198,C000658,MI,65+,F017,James Group Collections,equifax,R07,Online,24-Aug-2025,2025-08-29,Closed
D0004156,C000496,AZ,65+,F014,"Mcclure, Ward and Lee Bank",transunion,R08,web,2026-07-12,,Open
D0003675,C000164,WA,55-64,F024,Morales-Jones Auto,TransUnion,R03,PHONE,2025-11-30,01/04/2026,Closed
D0002099,C000060,AZ,45-54,F027,Baker and Sons Retail,EXP,R10,Mail,23-Jul-2026,08/27/2026,Closed
D0005375,C000428,NC,65+,F023,Perez Inc Credit,transunion,R01,phone,2025-09-14,2025-09-19,Closed
D0001601,C000303,AZ,25-34,F023,Perez Inc Credit,experian,R10,Mail,03/26/2025,2025-03-25,Closed
D0001247,C000026,MI,35-44,F003,"Mcclain, Miller and Henderson Bank",EQUIFAX,r09,Phone,02/11/2026,02/19/2026,Closed
D0003714,C000750,OH,55-64,F030,"Snyder, Campos and Callahan Collections",Experian,R08,PHONE,03/25/2025,2025-04-22,Closed
D0003253,C000680,PA,35-44,F011,Blair PLC Retail,TU,R09,call center,2025-01-18,01-Mar-2025,Closed
D0005503,C000800,PA,55-64,F019,"Adams, Zuniga and Wong Auto",Experian,R02,Mail,22-Jun-2026,07/06/2026,Closed
D0001791,C000506,IL,55-64,F020,"Reid, Ferguson and Sanchez Bank",Equifax,R06,Online,2025-09-11,2025-09-09,Closed
D0003170,C000007,NC,18-24,F025,"Walter, Edwards and Rios Bank",transunion,R01,online,15-May-2025,05/21/2025,Closed
D0003720,C000675,FL,45-54,F004,Davis and Sons Bank,equifax,R10,PHONE,2025-06-06,2025-07-05,Closed
D0004962,C000267,CA,18-24,F022,"Watts, Robinson and Nguyen Bank",transunion,R05,MAIL,28-Jan-2026,2026-02-10,Closed
D0003118,C000046,MI,65+,F013,Arnold Ltd Bank,Trans Union,R07,Mail,08/01/2025,09/16/2025,Closed
D0001400,C000337,NY,65+,F014,"Mcclure, Ward and Lee Bank",transunion,R10,PHONE,08/09/2026,12-Aug-2026,Closed
D0000303,C000218,IL,55-64,F023,Perez Inc Credit,EQF,R10,online,28-Jan-2026,02/08/2026,Closed
D0005654,C000108,NY,35-44,F009,Garcia-James Bank,Experian,R03,web,2025-01-23,02/03/2025,Closed
D0004903,C000112,WA,25-34,F025,"Walter, Edwards and Rios Bank",Equifax,R08,Phone,19-Nov-2025,11-Dec-2025,Closed
D0005506,C000627,WA,25-34,F022,"Watts, Robinson and Nguyen Bank",equifax,R01,mail,06/15/2025,2025-07-03,Closed
D0001285,C000128,NC,25-34,F004,Davis and Sons Bank,TransUnion,R01,mail,13-Oct-2025,26-Oct-2025,Closed
D0004153,C000728,WA,35-44,F019,"Adams, Zuniga and Wong Auto",EXP,R01,web,10/20/2025,2025-11-14,Closed
D0004457,C000060,AZ,45-54,F006,"Gardner, Robinson and Lawrence Credit",experian,R08,MAIL,07/20/2026,02-Aug-2026,Closed
D0003920,C000227,NC,65+,F020,"Reid, Ferguson and Sanchez Bank",EQF,r06,mail,2025-12-10,2026-01-05,Closed
D0000640,C000344,TX,65+,F012,Dudley Group Auto,experian,R02,phone,06/09/2026,2026-06-25,Closed
D0003143,C000600,TX,35-44,F026,Wilkerson-Day Collections,EQUIFAX,R10,call center,2026-07-19,01-Aug-2026,Closed
D0002234,C000433,IL,35-44,F026,Wilkerson-Day Collections,Trans Union,R02,mail,01/03/2025,05-Feb-2025,Closed
D0001172,C000120,CA,55-64,F026,Wilkerson-Day Collections,experian,R07,MAIL,2025-08-08,19-Aug-2025,Closed
D0005738,C000069,OH,25-34,F023,Perez Inc Credit,equifax,R09,Phone,2025-10-06,2025-10-22,Closed
D0000437,C000770,AZ,18-24,F013,Arnold Ltd Bank,transunion,see notes,MAIL,2025-12-31,2026-01-06,Closed
D0002685,C000575,GA,65+,F007,Blake and Sons Credit,TransUnion,R08,Phone,01-Aug-2026,18-Aug-2026,Closed
D0005158,C000262,PA,65+,F016,Galloway-Wyatt Collections,transunion,R08,Online,29-Jan-2025,24-Feb-2025,Closed
D0002886,C000362,IL,45-54,F012,Dudley Group Auto,Trans Union,R10,online,10-Apr-2025,,Open
D0000381,C000513,AZ,18-24,F018,"Flowers, Martin and Kelly Bank",TU,R05,call center,2026-01-27,02/23/2026,Closed
D0005788,C000274,IL,18-24,F002,Doyle Ltd Collections,equifax,R10,Phone,2026-04-12,10-May-2026,Closed
D0002688,C000582,AZ,55-64,F008,"Henderson, Ramirez and Lewis Auto",equifax,R09,ONLINE,29-Sep-2025,29-Oct-2025,Closed
D0001830,C000023,TX,18-24,F009,Garcia-James Bank,EQUIFAX,R04,Phone,03/02/2025,2025-03-17,Closed
D0002945,C000762,NC,25-34,F028,"Hoffman, Baker and Richards Auto",experian,XX99,MAIL,23-Jul-2025,07/20/2025,Closed
D0002041,C000323,WA,18-24,F009,Garcia-James Bank,Trans Union,r05,online,02/26/2025,03/03/2025,Closed
D0005867,C000331,AZ,55-64,F003,"Mcclain, Miller and Henderson Bank",Trans Union,R08,PHONE,02/14/2025,2025-03-15,Closed
D0005307,C000219,GA,35-44,F023,Perez Inc Credit,experian,R01,ONLINE,16-Dec-2025,2025-12-25,Closed
D0003128,C000079,IL,55-64,F027,Baker and Sons Retail,experian,R04,online,26-Oct-2025,2025-10-21,Closed
D0003851,C000020,PA,35-44,F021,Gray-Mayo Collections,equifax,R08,web,09-Feb-2025,,Open
D0004143,C000747,GA,45-54,F003,"Mcclain, Miller and Henderson Bank",experian,r02,phone,2025-07-31,29-Aug-2025,Closed
D0001321,C000621,GA,18-24,F009,Garcia-James Bank,transunion,R08,mail,16-Oct-2025,,Open
D0004902,C000726,AZ,18-24,F012,Dudley Group Auto,equifax,R10,Mail,02/23/2026,03/20/2026,Closed
D0003222,C000368,PA,45-54,F008,"Henderson, Ramirez and Lewis Auto",transunion,R01,online,16-Jul-2025,16-Aug-2025,Closed
D0004254,C000057,TX,25-34,F021,Gray-Mayo Collections,equifax,R07,MAIL,06/03/2025,18-Jun-2025,Closed
D0005427,C000563,GA,35-44,F014,"Mcclure, Ward and Lee Bank",Experian,R08,Mail,,2025-09-28,Closed
D0000542,C000791,TX,45-54,F021,Gray-Mayo Collections,equifax,R07,PHONE,20-Jun-2026,19-Jul-2026,Closed
D0004695,C000056,PA,35-44,F027,Baker and Sons Retail,TU,R06,phone,09/19/2025,2025-09-24,Closed
D0005836,C000549,CA,65+,F021,Gray-Mayo Collections,EXP,R08,Mail,2026-07-14,2026-08-13,Closed
D0000051,C000053,AZ,35-44,F009,Garcia-James Bank,Trans Union,R06,Online,22-Jan-2026,02/21/2026,Closed
D0001706,C000649,OH,18-24,F027,Baker and Sons Retail,transunion,R05,PHONE,2026-07-13,,Open
D0002191,C000112,WA,25-34,F030,"Snyder, Campos and Callahan Collections",EXP,R03,call center,29-Sep-2025,,Open
D0000562,C000750,OH,55-64,F014,"Mcclure, Ward and Lee Bank",EQUIFAX,R04,web,2025-01-24,14-Feb-2025,Closed
D0002821,C000654,MI,65+,F001,"Rodriguez, Figueroa and Sanchez Collections",equifax,,Online,18-Mar-2026,,Open
D0002195,C000525,FL,35-44,,"Flowers, Martin and Kelly Bank",TU,r04,MAIL,12/01/2025,2025-12-11,Closed
D0004422,C000213,NY,35-44,F016,Galloway-Wyatt Collections,experian,R05,Mail,21-May-2026,06/10/2026,Closed
D0000841,C000227,NC,65+,F007,Blake and Sons Credit,Experian,R03,MAIL,2026-06-03,06/10/2026,Closed
D0005325,C000158,FL,45-54,F014,"Mcclure, Ward and Lee Bank",EXP,R04,MAIL,09/21/2025,,Closed
D0004931,C000405,IL,18-24,F006,"Gardner, Robinson and Lawrence Credit",Trans Union,R06,call center,11/19/2025,21-Dec-2025,Closed
D0000077,C000254,GA,35-44,F025,"Walter, Edwards and Rios Bank",EQF,R06,Mail,07-Feb-2026,02/18/2026,Closed
D0001838,C000597,PA,25-34,F003,"Mcclain, Miller and Henderson Bank",Experian,r10,mail,2026-08-21,2026-10-03,Closed
D0000807,C000167,FL,35-44,F007,Blake and Sons Credit,TU,R02,Mail,08-Aug-2026,2026-09-08,Closed
D0004230,C000460,GA,55-64,F029,"Ross, Robinson and Bright Collections",experian,R03,mail,2026-04-25,06/05/2026,Closed
D0005980,C000336,NC,45-54,F014,"Mcclure, Ward and Lee Bank",Experian,R05,call center,12/15/2025,2025-12-28,Closed
D0000726,C000566,GA,18-24,F022,"Watts, Robinson and Nguyen Bank",experian,R06,Online,01-Nov-2025,,Open
D0001737,C000618,WA,45-54,F006,"Gardner, Robinson and Lawrence Credit",transunion,R07,mail,2025-02-08,03/04/2025,Closed
D0000442,C000075,PA,55-64,F008,"Henderson, Ramirez and Lewis Auto",Experian,R07,web,02/02/2026,16-Feb-2026,Closed
D0003706,C000369,CA,45-54,F020,"Reid, Ferguson and Sanchez Bank",EQUIFAX,R03,mail,2025-07-09,07/27/2025,Closed
D0005218,C000390,OH,25-34,F009,Garcia-James Bank,equifax,r07,mail,2025-05-17,12-Jun-2025,Closed
D0002208,C000195,CA,45-54,F025,"Walter, Edwards and Rios Bank",EQUIFAX,R01,MAIL,01/22/2026,,Open
D0004500,C000712,NC,35-44,F019,"Adams, Zuniga and Wong Auto",Equifax,R08,ONLINE,31-Aug-2026,2026-09-14,Closed
D0003391,C000197,TX,18-24,F029,"Ross, Robinson and Bright Collections",EQF,R01,mail,18-Feb-2025,,Open
D0005631,C000562,PA,65+,F011,Blair PLC Retail,TransUnion,R10,PHONE,2026-04-11,29-Apr-2026,Closed
D0001721,C000798,MI,55-64,F001,"Rodriguez, Figueroa and Sanchez Collections",equifax,R07,call center,08/25/2025,21-Sep-2025,Closed
D0002280,C000216,OH,25-34,F025,"Walter, Edwards and Rios Bank",Trans Union,R09,phone,,20-Dec-2025,Closed
D0000024,C000139,PA,45-54,F028,"Hoffman, Baker and Richards Auto",EXP,R09,mail,17-Mar-2025,05/01/2025,Closed
D0005333,C000750,OH,55-64,F012,Dudley Group Auto,transunion,R03,MAIL,01/29/2026,2026-02-10,Closed
D0005254,C000359,CA,55-64,F006,"Gardner, Robinson and Lawrence Credit",TransUnion,R02,web,22-May-2026,05-Jul-2026,Closed
D0002373,C000082,AZ,55-64,F026,Wilkerson-Day Collections,EQF,R04,phone,07/25/2025,,Open
D0003846,C000605,MI,55-64,F011,Blair PLC Retail,Trans Union,R04,MAIL,09/07/2025,,Closed
D0003968,C000021,IL,25-34,F005,"Guzman, Hoffman and Baldwin Collections",EQF,R05,mail,04/19/2026,05/30/2026,Closed
D0004912,C000539,PA,35-44,F015,Williams and Sons Retail,equifax,R07,mail,2025-10-29,15-Nov-2025,Closed
D0004044,C000535,MI,35-44,F012,Dudley Group Auto,Equifax,R01,Phone,16-May-2025,23-May-2025,Closed
D0002985,C000344,TX,65+,F004,Davis and Sons Bank,Trans Union,R04,Online,05/22/2025,11-Jul-2025,Closed
D0005495,C000227,NC,65+,F010,Abbott-Munoz Retail,Trans Union,r09,MAIL,06/22/2025,07/20/2025,Closed
D0003561,C000406,MI,18-24,F001,"Rodriguez, Figueroa and Sanchez Collections",TU,R08,ONLINE,28-Jul-2025,17-Aug-2025,Closed
D0000353,C000694,CA,35-44,F005,"Guzman, Hoffman and Baldwin Collections",EXP,R10,phone,2026-01-24,2026-03-06,Closed
D0002782,C000558,OH,45-54,F030,"Snyder, Campos and Callahan Collections",Experian,R09,mail,17-Jan-2026,2026-01-22,Closed
D0000778,C000604,WA,35-44,F018,"Flowers, Martin and Kelly Bank",EXP,R08,call center,07/06/2025,,Open
D0003108,C000043,AZ,35-44,F030,"Snyder, Campos and Callahan Collections",EXP,R09,MAIL,05-Dec-2025,12/08/2025,Closed
D0005152,C000425,GA,65+,F025,"Walter, Edwards and Rios Bank",Equifax,R10,phone,06/01/2026,06-Jun-2026,Closed
D0003844,C000030,TX,55-64,F027,Baker and Sons Retail,UNK,R10,Phone,02-Feb-2026,2026-03-23,Closed
D0004124,C000736,GA,35-44,F024,Morales-Jones Auto,EXP,R05,ONLINE,2025-06-30,2025-07-09,Closed
D0002038,C000047,NY,55-64,F016,Galloway-Wyatt Collections,experian,R04,mail,05/28/2025,26-Jun-2025,Closed
D0003030,C000687,FL,65+,F015,Williams and Sons Retail,equifax,R03,online,13-Jan-2026,02/15/2026,Closed
D0000994,C000015,WA,55-64,F009,Garcia-James Bank,Experian,r04,Online,08/08/2025,2025-08-28,Closed
D0000206,C000193,IL,45-54,F004,Davis and Sons Bank,TransUnion,R08,call center,05/15/2025,06/06/2025,Closed
D0004038,C000012,MI,18-24,F002,Doyle Ltd Collections,equifax,R02,Phone,06/12/2026,07/03/2026,Closed
D0000487,C000163,PA,65+,F008,"Henderson, Ramirez and Lewis Auto",TransUnion,R03,Mail,2025-04-09,2025-05-03,Closed
D0003818,C000741,NY,45-54,F001,"Rodriguez, Figueroa and Sanchez Collections",EXP,R08,online,2026-05-08,21-May-2026,Closed
D0000229,C000353,PA,45-54,F003,"Mcclain, Miller and Henderson Bank",Equifax,R09,ONLINE,08/20/2026,,Open
D0002411,C000684,WA,45-54,F028,"Hoffman, Baker and Richards Auto",Equifax,R03,Phone,27-Jun-2026,2026-07-16,Closed
D0005109,C000066,IL,65+,F015,Williams and Sons Retail,Trans Union,R07,PHONE,2025-01-04,02/01/2025,Closed
D0004188,C000528,PA,18-24,F026,Wilkerson-Day Collections,EQF,R06,call center,07-Aug-2026,08/25/2026,Closed
D0004362,C000126,TX,18-24,F027,Baker and Sons Retail,EQF,r06,Phone,07/26/2026,15-Aug-2026,Closed
D0001397,C000113,WA,35-44,F011,Blair PLC Retail,Equifax,R04,phone,2026-02-20,30-Mar-2026,Closed
D0002492,C000706,IL,65+,F019,"Adams, Zuniga and Wong Auto",TransUnion,R09,online,2026-06-13,02-Jul-2026,Closed
D0001080,C000386,PA,35-44,F021,Gray-Mayo Collections,EQF,R10,Phone,05-Oct-2025,10/18/2025,Closed
D0001357,C000382,PA,35-44,F023,Perez Inc Credit,Experian,R10,phone,02/17/2026,,Open
D0003543,C000534,MI,65+,F001,"Rodriguez, Figueroa and Sanchez Collections",transunion,R07,online,2025-05-08,,Open
D0003533,C000366,FL,45-54,F028,"Hoffman, Baker and Richards Auto",experian,R07,web,05/25/2025,,Open
D0004273,C000282,AZ,35-44,,"Guzman, Hoffman and Baldwin Collections",Trans Union,R04,MAIL,29-Sep-2025,2025-10-16,Closed
D0001520,C000684,WA,45-54,F029,"Ross, Robinson and Bright Collections",EQF,R04,mail,30-Oct-2025,2025-11-20,Closed
D0002584,C000232,CA,35-44,F027,Baker and Sons Retail,Trans Union,R10,Mail,2025-10-21,11/05/2025,Closed
D0004970,C000253,FL,25-34,F002,Doyle Ltd Collections,transunion,XX99,Mail,16-Jul-2026,2026-08-01,Closed
D0004325,C000185,AZ,55-64,F022,"Watts, Robinson and Nguyen Bank",EQF,R05,Mail,16-May-2025,2025-06-07,Closed
D0005063,C000676,MI,35-44,F008,"Henderson, Ramirez and Lewis Auto",TU,r06,Mail,15-Oct-2025,,Open
D0000389,C000785,WA,65+,F030,"Snyder, Campos and Callahan Collections",Trans Union,R04,mail,03/08/2025,2025-04-02,Closed
D0003385,C000668,GA,35-44,F014,"Mcclure, Ward and Lee Bank",Equifax,R10,online,04/07/2025,04/28/2025,Closed
D0004582,C000237,CA,35-44,F006,"Gardner, Robinson and Lawrence Credit",transunion,R04,mail,2026-07-12,2026-08-13,Closed
D0005768,C000442,FL,35-44,F024,Morales-Jones Auto,Trans Union,R06,online,2025-08-18,,Closed
D0002963,C000745,CA,65+,F018,"Flowers, Martin and Kelly Bank",Experian,R09,phone,2026-08-19,06-Sep-2026,Closed
D0004927,C000726,AZ,18-24,F011,Blair PLC Retail,Experian,R02,call center,10/24/2025,,Open
D0004453,C000673,FL,45-54,,Arnold Ltd Bank,TransUnion,R06,PHONE,08/11/2025,07-Sep-2025,Closed
D0003459,C000364,WA,65+,F027,Baker and Sons Retail,experian,,online,30-Dec-2025,2026-02-21,Closed
D0005545,C000066,IL,65+,F007,Blake and Sons Credit,TU,r10,PHONE,08-Jan-2026,22-Jan-2026,Closed
D0002037,,CA,45-54,F009,Garcia-James Bank,EXP,r07,Phone,2025-02-28,03/05/2025,Closed
D0004714,C000607,NY,45-54,F014,"Mcclure, Ward and Lee Bank",experian,R04,MAIL,13-Oct-2025,10/25/2025,Closed
D0001562,C000648,CA,18-24,F021,Gray-Mayo Collections,EQUIFAX,R01,web,05-Jul-2026,25-Jul-2026,Closed
D0002601,C000417,OH,55-64,F030,"Snyder, Campos and Callahan Collections",Experian,R07,Mail,08-Jan-2026,01/23/2026,Closed
D0001001,C000589,TX,65+,F022,"Watts, Robinson and Nguyen Bank",TU,R09,Mail,24-Apr-2025,2025-06-12,Closed
D0000211,C000524,TX,65+,F020,"Reid, Ferguson and Sanchez Bank",equifax,R01,MAIL,06/13/2025,2025-07-10,Closed
D0000305,C000131,NC,25-34,F016,Galloway-Wyatt Collections,experian,R06,mail,15-Oct-2025,11/24/2025,Closed
D0003522,C000379,PA,25-34,F007,Blake and Sons Credit,EXP,R08,MAIL,29-Aug-2025,05-Sep-2025,Closed
D0005212,C000716,GA,35-44,F011,Blair PLC Retail,equifax,R02,Mail,2026-06-25,07/24/2026,Closed
D0002147,C000052,NC,25-34,F021,Gray-Mayo Collections,Trans Union,R08,Phone,03/09/2026,2026-04-07,Closed
D0001509,C000554,IL,25-34,F013,Arnold Ltd Bank,TU,R09,PHONE,2026-03-20,2026-04-30,Closed
D0005807,C000185,AZ,55-64,F027,Baker and Sons Retail,TU,R02,Mail,07/10/2025,08/07/2025,Closed
D0000620,C000330,NY,45-54,F018,"Flowers, Martin and Kelly Bank",transunion,R05,Phone,11-May-2026,2026-06-08,Closed
D0005382,C000386,PA,35-44,F009,Garcia-James Bank,Experian,R03,Mail,24-Jan-2026,03/14/2026,Closed
D0004312,C000426,NY,45-54,F005,"Guzman, Hoffman and Baldwin Collections",EQF,R06,mail,2025-05-16,2025-07-02,Closed
D0000649,C000222,IL,18-24,F014,"Mcclure, Ward and Lee Bank",Trans Union,R10,Mail,18-May-2026,,Open
D0002376,C000640,FL,65+,F013,Arnold Ltd Bank,transunion,R10,ONLINE,2025-10-26,2025-11-18,Closed
D0005858,C000667,NY,18-24,F004,Davis and Sons Bank,experian,R04,web,08-Jan-2025,2025-01-11,Closed
D0001328,C000313,NY,18-24,F011,Blair PLC Retail,transunion,R10,PHONE,2025-11-07,,Open
D0001994,C000227,NC,65+,F007,Blake and Sons Credit,TransUnion,R07,Online,2025-07-24,,Open
D0005662,C000224,NY,65+,F025,"Walter, Edwards and Rios Bank",experian,R02,phone,2025-11-14,11/22/2025,Closed
D0003992,C000679,CA,65+,,Blair PLC Retail,TransUnion,R07,MAIL,2026-03-02,2026-03-22,Closed
D0003645,C000589,TX,65+,F009,Garcia-James Bank,TransUnion,R09,Phone,21-Jul-2025,27-Jul-2025,Closed
D0004749,C000499,IL,18-24,F013,Arnold Ltd Bank,EQF,R01,web,2026-01-12,01/15/2026,Closed
D0003237,C000731,CA,18-24,F022,"Watts, Robinson and Nguyen Bank",EXP,R02,MAIL,2025-05-11,06/01/2025,Closed
D0005833,C000153,CA,65+,F002,Doyle Ltd Collections,TU,R09,Phone,2025-06-12,25-Jun-2025,Closed
D0001592,C000609,OH,35-44,F030,"Snyder, Campos and Callahan Collections",experian,R02,mail,27-Feb-2026,03/14/2026,Closed
D0002825,C000233,MI,55-64,F015,Williams and Sons Retail,Experian,R01,MAIL,22-Nov-2025,11/30/2025,Closed
D0002990,C000036,FL,35-44,F019,"Adams, Zuniga and Wong Auto",transunion,R08,online,10-Jan-2026,02/03/2026,Closed
D0001986,C000425,GA,65+,F024,Morales-Jones Auto,EQUIFAX,R05,Mail,20-Oct-2025,25-Oct-2025,Closed
D0002675,,OH,45-54,F020,"Reid, Ferguson and Sanchez Bank",Experian,R10,Phone,02/27/2025,22-Apr-2025,Closed
D0002958,C000246,NY,65+,F003,"Mcclain, Miller and Henderson Bank",transunion,R08,online,20-Feb-2025,2025-03-05,Closed
D0002901,C000556,AZ,45-54,F023,Perez Inc Credit,Experian,R10,mail,11/25/2025,2025-12-05,Closed
D0002804,C000702,NC,35-44,F007,Blake and Sons Credit,experian,R04,MAIL,2026-03-19,09-Apr-2026,Closed
D0005931,C000318,MI,25-34,F001,"Rodriguez, Figueroa and Sanchez Collections",equifax,r07,web,2025-08-29,09-Sep-2025,Closed
D0001930,C000628,PA,65+,F007,Blake and Sons Credit,EQUIFAX,R02,Mail,07/02/2025,2025-08-15,Closed
D0004159,C000154,NC,18-24,F010,Abbott-Munoz Retail,EQF,R05,Mail,2026-04-10,26-Apr-2026,Closed
D0001477,C000429,IL,55-64,F010,Abbott-Munoz Retail,equifax,r10,Phone,29-Sep-2025,2025-10-20,Closed
D0003041,C000254,GA,35-44,F003,"Mcclain, Miller and Henderson Bank",equifax,R09,web,2025-03-12,20-Mar-2025,Closed
D0004547,C000449,WA,45-54,F027,Baker and Sons Retail,UNK,R07,ONLINE,2026-03-06,2026-04-14,Closed
D0001364,C000404,TX,25-34,F025,"Walter, Edwards and Rios Bank",EQF,R02,ONLINE,11/23/2025,2025-12-16,Closed
D0002297,C000675,FL,45-54,F010,Abbott-Munoz Retail,EQUIFAX,R03,MAIL,2026-07-03,07/26/2026,Closed
D0004137,C000532,TX,18-24,F023,Perez Inc Credit,transunion,R04,online,15-Jun-2025,07/13/2025,Closed
D0003291,C000568,OH,18-24,F009,Garcia-James Bank,EQUIFAX,r03,call center,13-Apr-2025,2025-04-16,Closed
D0002824,C000686,MI,35-44,F006,"Gardner, Robinson and Lawrence Credit",EXP,r02,phone,06/18/2025,2025-07-23,Closed
D0002851,C000179,AZ,25-34,F018,"Flowers, Martin and Kelly Bank",EXP,r06,ONLINE,09-Apr-2026,29-May-2026,Closed
D0000418,C000207,CA,65+,F018,"Flowers, Martin and Kelly Bank",EXP,R06,phone,2025-06-07,,Open
D0002345,C000072,CA,18-24,F026,Wilkerson-Day Collections,UNK,R10,online,06/13/2025,,Open
D0005046,C000135,PA,25-34,F001,"Rodriguez, Figueroa and Sanchez Collections",experian,R09,online,2025-09-14,2025-10-11,Closed
D0000880,C000503,MI,25-34,F015,Williams and Sons Retail,equifax,R06,mail,01/22/2026,2026-03-04,Closed
D0005259,C000294,NY,55-64,F023,Perez Inc Credit,EQF,R01,Phone,31-Dec-2025,2026-02-23,Closed
D0003334,C000294,NY,55-64,F030,"Snyder, Campos and Callahan Collections",transunion,R03,Mail,06-May-2026,06/26/2026,Closed
D0000525,C000470,WA,55-64,F007,Blake and Sons Credit,experian,R09,mail,13-Apr-2025,05/01/2025,Closed
D0002588,C000549,CA,65+,F020,"Reid, Ferguson and Sanchez Bank",EQUIFAX,R04,Online,11/13/2025,12/05/2025,Closed
D0001858,C000120,CA,55-64,F019,"Adams, Zuniga and Wong Auto",experian,r07,call center,10/19/2025,,Open
D0005468,C000638,NC,18-24,F018,"Flowers, Martin and Kelly Bank",EXP,R03,online,08/22/2025,,Open
D0004052,C000553,AZ,45-54,F025,"Walter, Edwards and Rios Bank",equifax,R05,Phone,2026-04-10,25-Apr-2026,Closed
D0001416,C000210,NY,35-44,F014,"Mcclure, Ward and Lee Bank",Trans Union,R02,Mail,2026-04-18,05/06/2026,Closed
D0000689,C000165,AZ,65+,F003,"Mcclain, Miller and Henderson Bank",experian,R03,mail,,09/16/2026,Closed
D0003337,C000237,CA,35-44,F014,"Mcclure, Ward and Lee Bank",TU,R05,call center,03/30/2026,04-Apr-2026,Closed
D0003680,C000423,TX,45-54,F006,"Gardner, Robinson and Lawrence Credit",EQUIFAX,R10,call center,08-Jan-2025,01/12/2025,Closed
D0005417,C000048,WA,25-34,F006,"Gardner, Robinson and Lawrence Credit",TU,R09,online,2025-02-05,2025-04-01,Closed
D0001136,C000252,CA,45-54,F014,"Mcclure, Ward and Lee Bank",Experian,r07,ONLINE,18-Jul-2025,,Open
D0000665,C000280,FL,35-44,F009,Garcia-James Bank,experian,R08,online,01/24/2025,19-Feb-2025,Closed
D0002857,C000035,CA,65+,F018,"Flowers, Martin and Kelly Bank",TransUnion,R07,call center,09/27/2025,10/20/2025,Closed
D0001823,C000042,OH,25-34,F012,Dudley Group Auto,equifax,R07,ONLINE,24-Aug-2026,17-Sep-2026,Closed
D0003646,C000377,AZ,18-24,F014,"Mcclure, Ward and Lee Bank",experian,R07,web,2025-09-04,2025-09-19,Closed
D0003194,C000794,OH,55-64,F010,Abbott-Munoz Retail,experian,R02,PHONE,08/21/2025,,Closed
D0000040,C000297,CA,35-44,F029,"Ross, Robinson and Bright Collections",EXP,R08,web,2025-02-08,,Open
D0001137,C000548,MI,55-64,F008,"Henderson, Ramirez and Lewis Auto",EQUIFAX,R10,MAIL,2025-02-01,02/12/2025,Closed
D0002361,C000550,IL,55-64,F003,"Mcclain, Miller and Henderson Bank",Experian,R08,mail,2025-12-16,31-Dec-2025,Closed
D0003801,C000420,NC,65+,F009,Garcia-James Bank,Experian,R01,phone,03/09/2026,03/15/2026,Closed
D0001651,C000625,TX,55-64,F007,Blake and Sons Credit,Experian,R01,call center,06-Aug-2026,11-Aug-2026,Closed
D0003619,C000173,MI,45-54,F012,Dudley Group Auto,Experian,R04,web,04-Sep-2025,,Open
D0004685,C000299,PA,55-64,F018,"Flowers, Martin and Kelly Bank",EXP,R01,mail,2026-03-08,29-Apr-2026,Closed
D0003054,C000101,CA,25-34,F021,Gray-Mayo Collections,Equifax,R07,Mail,2026-07-08,17-Jul-2026,Closed
D0004936,C000739,PA,55-64,F008,"Henderson, Ramirez and Lewis Auto",Trans Union,R03,ONLINE,07-Apr-2025,06-May-2025,Closed
D0004847,C000782,TX,45-54,F028,"Hoffman, Baker and Richards Auto",TransUnion,R02,online,05/21/2026,06/02/2026,Closed
D0002705,C000383,FL,45-54,F026,Wilkerson-Day Collections,experian,R07,PHONE,02-Mar-2026,08-Apr-2026,Closed
D0002503,C000369,CA,45-54,F020,"Reid, Ferguson and Sanchez Bank",Experian,r07,Phone,14-Mar-2026,2026-04-25,Closed
D0000019,C000557,TX,45-54,F016,Galloway-Wyatt Collections,EQF,R06,MAIL,09/17/2025,,Open
D0005089,C000700,PA,25-34,F002,Doyle Ltd Collections,Experian,R01,web,07/11/2025,19-Jul-2025,Closed
D0005457,C000646,GA,25-34,F011,Blair PLC Retail,transunion,R03,mail,12/19/2025,,Closed
D0005976,C000389,NC,18-24,F009,Garcia-James Bank,Experian,R09,Phone,2025-01-10,01/17/2025,Closed
D0000906,C000711,AZ,45-54,F003,"Mcclain, Miller and Henderson Bank",Trans Union,R01,web,05/22/2026,06/28/2026,Closed
D0000210,C000403,WA,65+,F014,"Mcclure, Ward and Lee Bank",equifax,r02,call center,2025-11-28,12/19/2025,Closed
D0002859,C000086,NY,45-54,F016,Galloway-Wyatt Collections,Trans Union,XX99,PHONE,09-Apr-2026,04/21/2026,Closed
D0001222,C000144,WA,35-44,F028,"Hoffman, Baker and Richards Auto",Equifax,R09,mail,06/17/2026,22-Jun-2026,Closed
D0004278,C000016,PA,25-34,F012,Dudley Group Auto,TransUnion,R07,Phone,05-May-2026,2026-05-15,Closed
D0001086,C000470,WA,55-64,F012,Dudley Group Auto,EXP,R10,mail,09/12/2025,,Open
D0000084,C000325,FL,25-34,F005,"Guzman, Hoffman and Baldwin Collections",Equifax,other,online,02/01/2026,15-Feb-2026,Closed
D0001058,C000139,PA,45-54,F013,Arnold Ltd Bank,equifax,R04,PHONE,2025-06-26,,Open
D0000937,C000788,CA,18-24,F003,"Mcclain, Miller and Henderson Bank",Equifax,R06,call center,10-Jul-2025,,Open
D0000160,C000121,NC,25-34,F003,"Mcclain, Miller and Henderson Bank",Trans Union,R01,mail,05/09/2026,06/26/2026,Closed
D0001274,C000164,WA,55-64,F005,"Guzman, Hoffman and Baldwin Collections",Experian,other,phone,03-Jan-2025,,Open
D0003424,C000079,IL,55-64,F023,Perez Inc Credit,experian,R08,call center,2025-05-02,2025-05-16,Closed
D0005237,C000419,OH,18-24,F017,James Group Collections,equifax,R07,Mail,30-Nov-2025,12/30/2025,Closed
D0004857,C000390,OH,25-34,F020,"Reid, Ferguson and Sanchez Bank",experian,R05,ONLINE,06/18/2025,22-Jul-2025,Closed
D0003252,C000271,MI,55-64,F013,Arnold Ltd Bank,Equifax,R04,web,01/23/2026,03/08/2026,Closed
D0001325,C000750,OH,55-64,F002,Doyle Ltd Collections,transunion,R03,PHONE,20-Jul-2025,2025-07-31,Closed
D0004878,C000507,PA,35-44,F016,Galloway-Wyatt Collections,Experian,R08,online,27-Nov-2025,,Open
D0003423,C000344,TX,65+,F007,Blake and Sons Credit,TU,R01,phone,18-May-2025,05/26/2025,Closed
D0002249,C000483,CA,18-24,F020,"Reid, Ferguson and Sanchez Bank",EXP,R07,PHONE,06/30/2026,2026-07-23,Closed
D0004577,C000280,FL,35-44,F009,Garcia-James Bank,TU,R03,MAIL,2025-05-09,02-Jul-2025,Closed
D0000086,C000448,TX,25-34,F024,Morales-Jones Auto,Experian,R03,Phone,2025-09-02,,Open
D0001940,C000202,OH,35-44,F017,James Group Collections,EXP,R08,Phone,2026-08-21,,Closed
D0000819,C000202,OH,35-44,F001,"Rodriguez, Figueroa and Sanchez Collections",TU,R04,ONLINE,18-Jan-2025,2025-02-07,Closed
D0001984,C000599,WA,25-34,F012,Dudley Group Auto,Trans Union,R04,ONLINE,2026-05-26,2026-06-07,Closed
D0000759,C000352,FL,18-24,F027,Baker and Sons Retail,equifax,R08,Mail,01/28/2025,13-Feb-2025,Closed
D0003589,C000719,MI,45-54,F024,Morales-Jones Auto,Experian,R02,MAIL,14-Jul-2026,,Open
D0000481,C000277,NC,65+,F027,Baker and Sons Retail,Equifax,R09,call center,20-Apr-2025,2025-05-02,Closed
D0004424,C000213,NY,35-44,F022,"Watts, Robinson and Nguyen Bank",transunion,R06,mail,12/28/2025,18-Jan-2026,Closed
D0000379,C000790,PA,65+,F030,"Snyder, Campos and Callahan Collections",Experian,R06,phone,23-Dec-2025,17-Jan-2026,Closed
D0001889,C000185,AZ,55-64,F017,James Group Collections,TU,R08,phone,2026-07-17,,Open
D0002596,C000786,NC,35-44,F025,"Walter, Edwards and Rios Bank",experian,R04,online,04-Aug-2026,09/04/2026,Closed
D0001618,C000417,OH,55-64,F017,James Group Collections,Trans Union,R06,MAIL,2026-07-20,2026-09-10,Closed
D0000643,C000203,NY,45-54,F023,Perez Inc Credit,Experian,R04,Phone,23-May-2026,2026-06-04,Closed
D0000001,C000674,GA,18-24,F027,Baker and Sons Retail,Experian,R10,Online,2025-10-01,,Open
D0001063,C000447,NC,25-34,,"Hoffman, Baker and Richards Auto",Experian,r07,MAIL,2025-05-13,2025-06-01,Closed
D0003722,C000179,AZ,25-34,F026,Wilkerson-Day Collections,Trans Union,R10,phone,11/29/2025,2025-12-29,Closed
D0000787,C000144,WA,35-44,F012,Dudley Group Auto,Experian,R04,phone,2025-10-29,05-Nov-2025,Closed
D0002920,C000188,FL,65+,F004,Davis and Sons Bank,transunion,R01,Online,02/28/2025,21-Mar-2025,Closed
D0005766,C000420,NC,65+,F008,"Henderson, Ramirez and Lewis Auto",Trans Union,R03,online,08/16/2026,09/07/2026,Closed
D0000521,C000047,NY,55-64,F010,Abbott-Munoz Retail,transunion,R01,web,04-Apr-2026,04/12/2026,Closed
D0002678,C000040,AZ,35-44,F026,Wilkerson-Day Collections,Trans Union,R10,online,01-Jul-2026,14-Jul-2026,Closed
D0002505,C000477,TX,25-34,F020,"Reid, Ferguson and Sanchez Bank",TU,R09,web,03/04/2025,03/24/2025,Closed
D0004579,C000560,AZ,18-24,F015,Williams and Sons Retail,experian,R09,phone,07/17/2025,2025-08-15,Closed
D0000966,C000447,NC,25-34,F028,"Hoffman, Baker and Richards Auto",UNK,R05,ONLINE,05/05/2026,06/29/2026,Closed
D0002295,C000213,NY,35-44,F009,Garcia-James Bank,transunion,R06,web,02-Mar-2026,,Open
D0004516,C000041,NY,35-44,F026,Wilkerson-Day Collections,TU,R05,MAIL,12-Jul-2026,08/01/2026,Closed
D0002632,C000269,OH,65+,F019,"Adams, Zuniga and Wong Auto",Trans Union,R01,phone,11-Oct-2025,17-Oct-2025,Closed
D0000837,C000320,PA,45-54,F030,"Snyder, Campos and Callahan Collections",Experian,R10,Phone,03-Jun-2026,07/03/2026,Closed
D0002900,C000034,WA,18-24,F026,Wilkerson-Day Collections,EXP,R07,call center,02/25/2025,23-Mar-2025,Closed
D0003092,C000238,FL,65+,F025,"Walter, Edwards and Rios Bank",experian,R08,MAIL,07/18/2025,,Open
D0004154,C000490,GA,35-44,F010,Abbott-Munoz Retail,EQUIFAX,R04,call center,2025-09-09,09/23/2025,Closed
D0001344,C000177,NY,18-24,F030,"Snyder, Campos and Callahan Collections",Trans Union,r09,PHONE,15-Oct-2025,2025-11-11,Closed
D0002888,C000655,NY,25-34,,"Ross, Robinson and Bright Collections",Experian,R09,phone,03/12/2025,2025-04-08,Closed
D0005199,C000218,IL,55-64,F007,Blake and Sons Credit,UNK,R06,ONLINE,18-Jun-2025,2025-07-09,Closed
D0003417,C000626,GA,18-24,F011,Blair PLC Retail,TU,R01,Mail,15-May-2025,2025-06-04,Closed
D0005490,C000675,FL,45-54,F005,"Guzman, Hoffman and Baldwin Collections",TransUnion,R02,Mail,07/17/2025,07/29/2025,Closed
D0002052,C000709,NY,25-34,F020,"Reid, Ferguson and Sanchez Bank",transunion,R07,mail,03/25/2025,04/08/2025,Closed
D0004489,C000780,GA,35-44,F020,"Reid, Ferguson and Sanchez Bank",UNK,R08,MAIL,2026-08-17,08/30/2026,Closed
D0005069,C000313,NY,18-24,F014,"Mcclure, Ward and Lee Bank",transunion,R06,MAIL,2026-08-10,16-Sep-2026,Closed
D0005098,C000011,FL,55-64,F006,"Gardner, Robinson and Lawrence Credit",Experian,R02,web,02/19/2025,2025-03-16,Closed
D0002964,C000449,WA,45-54,F008,"Henderson, Ramirez and Lewis Auto",TU,R07,online,12/03/2025,12/07/2025,Closed
D0002668,C000302,GA,45-54,F004,Davis and Sons Bank,EQUIFAX,R09,web,04-May-2026,05/13/2026,Closed
D0004292,C000423,TX,45-54,F019,"Adams, Zuniga and Wong Auto",equifax,R01,mail,01/13/2026,,Open
D0000271,C000391,AZ,18-24,F010,Abbott-Munoz Retail,Experian,R05,call center,22-Jul-2026,08/31/2026,Closed
D0001738,C000771,NY,18-24,F008,"Henderson, Ramirez and Lewis Auto",TransUnion,R06,Online,04/13/2026,2026-05-08,Closed
D0003974,C000503,MI,25-34,F025,"Walter, Edwards and Rios Bank",Trans Union,r09,Online,2025-06-06,2025-06-18,Closed
D0004357,C000700,PA,25-34,F021,Gray-Mayo Collections,EXP,R10,call center,05-Apr-2025,2025-04-19,Closed
D0005315,C000083,IL,65+,F016,Galloway-Wyatt Collections,transunion,R01,phone,24-Aug-2025,25-Sep-2025,Closed
D0000789,C000375,CA,45-54,F001,"Rodriguez, Figueroa and Sanchez Collections",TU,R04,phone,17-May-2026,2026-07-04,Closed
D0002464,C000332,NC,55-64,F022,"Watts, Robinson and Nguyen Bank",EQUIFAX,r06,MAIL,05/24/2026,05/30/2026,Closed
D0002530,C000203,NY,45-54,F030,"Snyder, Campos and Callahan Collections",EXP,R06,call center,06/18/2025,2025-08-01,Closed
D0003555,C000484,NC,35-44,F005,"Guzman, Hoffman and Baldwin Collections",transunion,R06,Phone,02/27/2026,29-Mar-2026,Closed
D0001005,C000780,GA,35-44,F007,Blake and Sons Credit,EQUIFAX,R10,online,03-Jan-2025,,Open
D0000180,C000140,WA,18-24,,Dudley Group Auto,EXP,R01,web,10/21/2025,2025-11-08,Closed
D0000007,C000460,GA,55-64,F022,"Watts, Robinson and Nguyen Bank",EQF,r10,phone,08/02/2026,09/12/2026,Closed
D0000433,C000187,OH,35-44,F016,Galloway-Wyatt Collections,TU,R01,Online,2025-05-24,06/05/2025,Closed
D0002383,,PA,65+,F024,Morales-Jones Auto,Experian,R04,mail,05/19/2025,06/07/2025,Closed
D0004082,C000633,AZ,18-24,F026,Wilkerson-Day Collections,EXP,R10,Phone,11-Nov-2025,,Closed
D0000747,C000559,OH,35-44,F027,Baker and Sons Retail,EQF,R01,mail,06/01/2025,,Closed
D0000908,C000434,FL,18-24,F014,"Mcclure, Ward and Lee Bank",Experian,R08,Online,2025-03-31,2025-05-16,Closed
D0005864,C000234,NY,45-54,F022,"Watts, Robinson and Nguyen Bank",transunion,R03,mail,03-Aug-2026,22-Aug-2026,Closed
D0005687,C000723,CA,55-64,F005,"Guzman, Hoffman and Baldwin Collections",TransUnion,R01,ONLINE,05/06/2026,2026-05-10,Closed
D0004690,C000530,AZ,25-34,F016,Galloway-Wyatt Collections,experian,R09,Mail,06-Aug-2026,08/10/2026,Closed
D0002993,C000279,WA,65+,F010,Abbott-Munoz Retail,Trans Union,R02,mail,06/11/2026,05-Jul-2026,Closed
D0003100,C000202,OH,35-44,F020,"Reid, Ferguson and Sanchez Bank",Trans Union,,MAIL,01/27/2026,2026-02-02,Closed
D0004838,C000175,NY,18-24,F014,"Mcclure, Ward and Lee Bank",Experian,R07,phone,2025-12-14,2025-12-29,Closed
D0005178,C000609,OH,35-44,F020,"Reid, Ferguson and Sanchez Bank",equifax,R03,web,07/27/2025,04-Aug-2025,Closed
D0004385,C000787,GA,65+,F028,"Hoffman, Baker and Richards Auto",experian,R07,ONLINE,04/13/2026,27-Apr-2026,Closed
D0002358,C000708,GA,18-24,F028,"Hoffman, Baker and Richards Auto",EQUIFAX,R06,Phone,18-Jun-2025,2025-07-18,Closed
D0002367,C000766,CA,35-44,F024,Morales-Jones Auto,EXP,R10,PHONE,06/29/2025,2025-07-05,Closed
D0000585,C000323,WA,18-24,F030,"Snyder, Campos and Callahan Collections",Equifax,R08,mail,24-Aug-2025,2025-09-01,Closed
D0004871,C000653,NC,45-54,F024,Morales-Jones Auto,Experian,R10,Phone,2026-01-07,2026-02-04,Closed
D0000190,C000621,GA,18-24,F023,Perez Inc Credit,Equifax,R07,phone,03/14/2025,,Open
D0001479,C000349,NY,25-34,F019,"Adams, Zuniga and Wong Auto",experian,R09,PHONE,2025-12-07,,Open
D0004520,C000799,WA,35-44,F006,"Gardner, Robinson and Lawrence Credit",TransUnion,R04,PHONE,07/01/2025,2025-07-16,Closed
D0004338,C000437,MI,55-64,F027,Baker and Sons Retail,Equifax,R07,Online,2026-03-26,04/11/2026,Closed
D0000617,C000320,PA,45-54,F030,"Snyder, Campos and Callahan Collections",EQUIFAX,R03,Mail,26-Oct-2025,,Open
D0002294,C000290,NC,25-34,F020,"Reid, Ferguson and Sanchez Bank",Experian,r02,mail,05/09/2025,05/16/2025,Closed
D0001896,,NC,55-64,F027,Baker and Sons Retail,Equifax,R03,PHONE,05/16/2025,06-Jun-2025,Closed
D0001829,C000290,NC,25-34,F005,"Guzman, Hoffman and Baldwin Collections",Trans Union,R04,PHONE,03/01/2026,03/14/2026,Closed
D0001553,C000419,OH,18-24,F022,"Watts, Robinson and Nguyen Bank",TU,R07,Phone,20-Feb-2026,,Closed
D0001963,C000400,WA,35-44,F003,"Mcclain, Miller and Henderson Bank",EXP,R03,MAIL,03/22/2026,2026-03-30,Closed
D0003463,C000524,TX,65+,F017,James Group Collections,Equifax,R05,Mail,2025-01-14,02/05/2025,Closed
D0001936,C000443,IL,35-44,F002,Doyle Ltd Collections,EXP,R03,ONLINE,21-Aug-2025,31-Aug-2025,Closed
D0003634,C000690,WA,65+,F025,"Walter, Edwards and Rios Bank",TransUnion,R05,PHONE,06/05/2026,28-Jun-2026,Closed
D0003157,C000077,PA,55-64,F003,"Mcclain, Miller and Henderson Bank",TransUnion,R04,online,06/04/2026,26-Jun-2026,Closed
D0001530,C000329,TX,45-54,F027,Baker and Sons Retail,equifax,R05,mail,2025-01-31,,Open
D0002463,C000214,IL,55-64,F025,"Walter, Edwards and Rios Bank",EQUIFAX,R09,Mail,03/26/2026,04/12/2026,Closed
D0005039,C000554,IL,25-34,F017,James Group Collections,TU,R09,call center,01-Jun-2026,2026-06-14,Closed
D0000834,C000261,AZ,55-64,F011,Blair PLC Retail,experian,R02,Mail,2026-07-24,08/20/2026,Closed
D0004060,C000184,TX,45-54,F013,Arnold Ltd Bank,EQF,R06,PHONE,11/14/2025,25-Nov-2025,Closed
D0003467,C000151,TX,45-54,F020,"Reid, Ferguson and Sanchez Bank",Experian,R04,Online,05-Feb-2025,,Closed
D0003800,C000527,AZ,25-34,F019,"Adams, Zuniga and Wong Auto",TransUnion,R04,ONLINE,02-Jun-2025,,Open
D0004997,C000241,NC,45-54,F004,Davis and Sons Bank,EXP,R09,web,02/11/2026,2026-02-26,Closed
D0005421,C000117,GA,18-24,F016,Galloway-Wyatt Collections,equifax,R04,Online,2025-07-29,2025-08-03,Closed
D0003525,C000174,NC,55-64,F018,"Flowers, Martin and Kelly Bank",experian,R08,web,03-Feb-2026,,Closed
D0003408,C000488,MI,35-44,F029,"Ross, Robinson and Bright Collections",EXP,R09,Phone,09/12/2025,2025-09-23,Closed
D0003627,C000305,WA,25-34,F001,"Rodriguez, Figueroa and Sanchez Collections",Experian,R08,PHONE,2025-04-15,05/03/2025,Closed
D0004865,C000650,IL,35-44,F010,Abbott-Munoz Retail,Trans Union,R09,online,03/12/2025,2025-03-16,Closed
D0005379,C000339,IL,25-34,F025,"Walter, Edwards and Rios Bank",EQUIFAX,R03,Mail,04/01/2026,04/29/2026,Closed
D0004873,C000041,NY,35-44,F024,Morales-Jones Auto,Trans Union,R10,mail,2026-05-05,,Open
D0002027,C000666,AZ,55-64,F017,James Group Collections,EXP,R10,mail,12-Apr-2026,,Open
D0003666,C000409,PA,65+,F001,"Rodriguez, Figueroa and Sanchez Collections",TU,R04,mail,07/11/2026,08/04/2026,Closed
D0003458,C000750,OH,55-64,F019,"Adams, Zuniga and Wong Auto",TransUnion,R04,MAIL,10/10/2025,2025-10-25,Closed
D0003806,C000207,CA,65+,F010,Abbott-Munoz Retail,EQUIFAX,R03,Mail,27-Jul-2026,08/05/2026,Closed
D0000960,C000646,GA,25-34,F011,Blair PLC Retail,TU,R01,web,07/31/2025,2025-08-28,Closed
D0004317,C000238,FL,65+,F025,"Walter, Edwards and Rios Bank",Trans Union,XX99,PHONE,02-Apr-2026,22-Apr-2026,Closed
D0003644,C000403,WA,65+,F001,"Rodriguez, Figueroa and Sanchez Collections",Experian,R09,Online,2025-01-25,,Open
D0003308,C000789,GA,45-54,,Garcia-James Bank,transunion,R06,call center,23-Feb-2026,2026-02-26,Closed
D0003870,C000456,FL,45-54,F029,"Ross, Robinson and Bright Collections",Equifax,R04,MAIL,28-Nov-2025,,Open
D0003076,C000562,PA,65+,F001,"Rodriguez, Figueroa and Sanchez Collections",EQUIFAX,R08,call center,02/04/2025,04-Mar-2025,Closed
D0005609,C000083,IL,65+,F017,James Group Collections,Equifax,R02,PHONE,14-Nov-2025,12/27/2025,Closed
D0004754,C000592,NC,65+,F025,"Walter, Edwards and Rios Bank",Experian,R04,Phone,2025-04-18,07-May-2025,Closed
D0005324,C000396,FL,25-34,F027,Baker and Sons Retail,experian,R04,Online,14-Jun-2025,,Open
D0003165,C000481,WA,55-64,F007,Blake and Sons Credit,EXP,R07,MAIL,23-May-2026,26-May-2026,Closed
D0000499,C000313,NY,18-24,F002,Doyle Ltd Collections,EXP,R01,call center,09-Jul-2026,2026-08-28,Closed
D0005277,C000775,IL,18-24,F001,"Rodriguez, Figueroa and Sanchez Collections",Experian,r05,call center,2026-04-08,04/11/2026,Closed
D0005550,C000596,NC,25-34,F028,"Hoffman, Baker and Richards Auto",Experian,R02,online,07-Apr-2025,04/13/2025,Closed
D0002326,C000132,WA,55-64,F011,Blair PLC Retail,transunion,R10,PHONE,2025-08-24,30-Aug-2025,Closed
D0004732,C000573,FL,55-64,F022,"Watts, Robinson and Nguyen Bank",TU,R03,call center,07/12/2025,,Closed
D0003975,C000751,AZ,35-44,F015,Williams and Sons Retail,EQUIFAX,XX99,online,07/30/2026,2026-08-24,Closed
D0003554,C000692,AZ,18-24,F002,Doyle Ltd Collections,EXP,,Mail,2025-02-28,04/18/2025,Closed
D0002221,C000277,NC,65+,F025,"Walter, Edwards and Rios Bank",Trans Union,R02,mail,2026-07-14,2026-09-02,Closed
D0005885,C000398,TX,55-64,F016,Galloway-Wyatt Collections,EQF,R03,phone,10/03/2025,14-Nov-2025,Closed
D0000390,,TX,35-44,F019,"Adams, Zuniga and Wong Auto",Trans Union,R06,Phone,12-Jan-2026,2026-01-27,Closed
D0004834,C000559,OH,35-44,F014,"Mcclure, Ward and Lee Bank",TransUnion,R05,Mail,30-Nov-2025,2025-12-17,Closed
D0000118,C000284,AZ,18-24,F009,Garcia-James Bank,TU,R01,Mail,11/02/2025,2025-11-12,Closed
D0005584,C000593,IL,45-54,F015,Williams and Sons Retail,Equifax,R10,Phone,11/11/2025,11/28/2025,Closed
D0004645,C000431,GA,45-54,F012,Dudley Group Auto,Trans Union,R05,MAIL,2026-05-18,29-May-2026,Closed
D0002310,C000497,CA,25-34,F022,"Watts, Robinson and Nguyen Bank",TU,R03,Online,2025-01-29,03/10/2025,Closed
D0001652,C000385,PA,35-44,F009,Garcia-James Bank,transunion,R03,Phone,27-Aug-2026,2026-09-24,Closed
D0003527,C000358,MI,65+,F017,James Group Collections,experian,R04,call center,2025-03-24,04/20/2025,Closed
D0005676,C000603,CA,35-44,F002,Doyle Ltd Collections,experian,R01,phone,21-Jan-2025,03/13/2025,Closed
D0005731,C000158,FL,45-54,F009,Garcia-James Bank,EQF,R09,call center,03/24/2026,28-Mar-2026,Closed
D0005127,C000432,WA,55-64,F004,Davis and Sons Bank,Experian,R01,Phone,07/19/2025,07/29/2025,Closed
D0002751,C000450,GA,55-64,F029,"Ross, Robinson and Bright Collections",EXP,R07,Online,2025-08-25,2025-09-03,Closed
D0001126,C000439,OH,18-24,F015,Williams and Sons Retail,EQUIFAX,R09,MAIL,03/07/2026,03/10/2026,Closed
D0005099,C000184,TX,45-54,F025,"Walter, Edwards and Rios Bank",TU,R08,Phone,2025-12-11,,Open
D0005377,C000727,AZ,45-54,F008,"Henderson, Ramirez and Lewis Auto",UNK,R02,ONLINE,06-May-2026,17-May-2026,Closed
D0004571,C000059,OH,25-34,F030,"Snyder, Campos and Callahan Collections",EXP,R06,ONLINE,2026-07-24,12-Aug-2026,Closed
D0002817,C000372,WA,25-34,F015,Williams and Sons Retail,transunion,R02,PHONE,10/03/2025,2025-10-15,Closed
D0003565,C000320,PA,45-54,F013,Arnold Ltd Bank,EXP,R08,phone,2025-03-12,,Open
D0003250,C000452,GA,65+,F008,"Henderson, Ramirez and Lewis Auto",Experian,R09,MAIL,2025-02-10,02/14/2025,Closed
D0000072,C000383,FL,45-54,F023,Perez Inc Credit,transunion,R08,ONLINE,25-May-2025,06/01/2025,Closed
D0004623,C000647,WA,35-44,F026,Wilkerson-Day Collections,experian,r10,MAIL,07/11/2026,2026-07-17,Closed
D0002885,C000711,AZ,45-54,F029,"Ross, Robinson and Bright Collections",EXP,XX99,ONLINE,2025-11-16,12/07/2025,Closed
D0005805,C000698,TX,35-44,F005,"Guzman, Hoffman and Baldwin Collections",Equifax,R10,mail,24-May-2026,2026-07-15,Closed
D0001521,C000374,MI,55-64,F029,"Ross, Robinson and Bright Collections",TU,R01,Phone,2025-10-21,11/12/2025,Closed
D0004755,C000097,MI,35-44,F003,"Mcclain, Miller and Henderson Bank",EQUIFAX,XX99,mail,06-Aug-2026,,Open
D0000931,C000376,MI,55-64,F002,Doyle Ltd Collections,Experian,R03,Online,,,Closed
D0001292,C000791,TX,45-54,F026,Wilkerson-Day Collections,TU,R10,ONLINE,2026-04-27,23-May-2026,Closed
D0003805,C000109,NC,55-64,F025,"Walter, Edwards and Rios Bank",Trans Union,r05,PHONE,2025-02-18,,Closed
D0000707,C000241,NC,45-54,F010,Abbott-Munoz Retail,Equifax,R07,Online,2025-09-07,2025-09-15,Closed
D0005027,C000177,NY,18-24,F027,Baker and Sons Retail,transunion,R05,MAIL,30-Jun-2026,2026-07-24,Closed
D0003596,C000797,MI,65+,F028,"Hoffman, Baker and Richards Auto",transunion,,mail,05/29/2025,05/25/2025,Closed
D0000848,C000661,FL,45-54,F021,Gray-Mayo Collections,EQF,r09,web,2025-06-20,20-Jul-2025,Closed
D0001273,C000071,GA,18-24,F018,"Flowers, Martin and Kelly Bank",Trans Union,R01,mail,05/30/2025,2025-06-18,Closed
D0005621,C000522,WA,35-44,F015,Williams and Sons Retail,TU,r07,phone,04/19/2025,17-May-2025,Closed
D0005813,C000094,NY,35-44,F013,Arnold Ltd Bank,Equifax,R09,PHONE,2025-12-10,03-Jan-2026,Closed
D0004290,C000184,TX,45-54,F014,"Mcclure, Ward and Lee Bank",EXP,R03,Online,07/21/2026,2026-08-23,Closed
D0003819,C000710,AZ,65+,F014,"Mcclure, Ward and Lee Bank",experian,R06,call center,30-Nov-2025,2025-12-26,Closed
D0001913,C000327,GA,18-24,F017,James Group Collections,EXP,R01,MAIL,,2025-12-01,Closed
D0002046,C000316,TX,45-54,F008,"Henderson, Ramirez and Lewis Auto",experian,R08,MAIL,2025-04-22,2025-05-22,Closed
D0000392,C000507,PA,35-44,F010,Abbott-Munoz Retail,transunion,R01,web,01/21/2026,,Open
D0003481,C000622,NY,55-64,F023,Perez Inc Credit,transunion,R02,PHONE,13-Feb-2026,03/23/2026,Closed
D0005757,C000017,GA,55-64,F003,"Mcclain, Miller and Henderson Bank",EQF,R07,Mail,10/12/2025,10-Nov-2025,Closed
D0002183,C000099,TX,35-44,F013,Arnold Ltd Bank,transunion,R04,call center,2025-09-11,,Closed
D0002555,C000796,NY,35-44,F021,Gray-Mayo Collections,EQUIFAX,R07,online,09/12/2025,2025-10-13,Closed
D0001229,C000737,AZ,65+,F011,Blair PLC Retail,EQUIFAX,R03,ONLINE,2025-01-29,07-Mar-2025,Closed
D0002036,C000063,IL,25-34,F021,Gray-Mayo Collections,Experian,R10,Phone,,2026-03-21,Closed
D0002069,C000597,PA,25-34,F007,Blake and Sons Credit,experian,R02,mail,14-Jan-2026,2026-01-19,Closed
D0005126,C000602,NC,35-44,F019,"Adams, Zuniga and Wong Auto",EXP,R06,web,2025-09-19,04-Oct-2025,Closed
D0001798,C000743,GA,55-64,F010,Abbott-Munoz Retail,Equifax,R09,Mail,19-Jun-2025,26-Jul-2025,Closed
D0003083,C000264,CA,18-24,F007,Blake and Sons Credit,equifax,R01,Online,11/11/2025,12/03/2025,Closed
D0002874,C000356,CA,25-34,F028,"Hoffman, Baker and Richards Auto",Experian,R01,MAIL,01/27/2026,2026-02-03,Closed
D0000986,C000651,OH,45-54,F030,"Snyder, Campos and Callahan Collections",UNK,r04,web,11/03/2025,17-Nov-2025,Closed
D0003133,C000427,NY,65+,F012,Dudley Group Auto,experian,R01,phone,01/27/2026,,Open
D0004219,C000694,CA,35-44,F018,"Flowers, Martin and Kelly Bank",experian,r09,MAIL,04/02/2026,25-Apr-2026,Closed
D0005108,,IL,45-54,F027,Baker and Sons Retail,Experian,r09,web,28-Jul-2026,08/14/2026,Closed
D0003742,,AZ,45-54,F016,Galloway-Wyatt Collections,EXP,R08,web,18-Aug-2026,08/22/2026,Closed
D0000967,C000702,NC,35-44,F026,Wilkerson-Day Collections,EQF,,ONLINE,11/30/2025,2025-12-16,Closed
D0003743,C000686,MI,35-44,F005,"Guzman, Hoffman and Baldwin Collections",Trans Union,R08,Phone,28-Apr-2025,05/27/2025,Closed
D0002262,C000148,NY,45-54,F004,Davis and Sons Bank,transunion,R04,call center,,07-Jul-2026,Closed
D0000482,,WA,65+,F024,Morales-Jones Auto,equifax,r08,call center,2025-01-07,01/16/2025,Closed
D0004258,C000166,GA,25-34,F016,Galloway-Wyatt Collections,Equifax,R02,call center,24-May-2026,06/07/2026,Closed
D0004225,C000304,NC,45-54,F003,"Mcclain, Miller and Henderson Bank",EQUIFAX,R09,call center,02/09/2026,02/19/2026,Closed
D0000714,C000428,NC,65+,F002,Doyle Ltd Collections,transunion,R09,MAIL,10-Jan-2025,2025-02-07,Closed
D0003302,C000473,WA,45-54,F003,"Mcclain, Miller and Henderson Bank",EQUIFAX,R06,MAIL,01-Mar-2025,07-Mar-2025,Closed
D0005989,C000064,FL,65+,F009,Garcia-James Bank,experian,r10,online,2025-02-03,02/07/2025,Closed
D0002284,C000016,PA,25-34,F011,Blair PLC Retail,transunion,R08,Mail,08/01/2026,11-Aug-2026,Closed
D0005770,C000189,WA,35-44,F016,Galloway-Wyatt Collections,EXP,R05,Phone,12-Dec-2025,12/26/2025,Closed
D0002879,C000248,AZ,65+,F027,Baker and Sons Retail,EQUIFAX,R07,call center,18-Sep-2025,,Open
D0004048,C000093,MI,25-34,F022,"Watts, Robinson and Nguyen Bank",TransUnion,R07,web,2025-05-01,16-Jun-2025,Closed
D0005491,C000046,MI,65+,F019,"Adams, Zuniga and Wong Auto",TransUnion,R10,online,05-Jun-2025,2025-06-11,Closed
D0001354,C000098,GA,18-24,F013,Arnold Ltd Bank,EQF,R01,PHONE,01-Jul-2026,07/18/2026,Closed
D0000609,C000595,FL,45-54,F013,Arnold Ltd Bank,experian,R04,mail,2026-08-13,06-Oct-2026,Closed
D0004884,C000332,NC,55-64,F006,"Gardner, Robinson and Lawrence Credit",Trans Union,R05,ONLINE,2026-08-28,2026-10-06,Closed
D0002278,C000749,TX,65+,F023,Perez Inc Credit,equifax,R06,MAIL,04/09/2025,2025-05-27,Closed
D0002353,C000698,TX,35-44,F012,Dudley Group Auto,EQF,R10,online,23-May-2026,06/07/2026,Closed
D0002445,C000709,NY,25-34,F016,Galloway-Wyatt Collections,EQUIFAX,R08,call center,22-Apr-2026,01-May-2026,Closed
D0002132,C000184,TX,45-54,F013,Arnold Ltd Bank,transunion,R03,web,12-Jun-2026,2026-06-21,Closed
D0003614,C000264,CA,18-24,F020,"Reid, Ferguson and Sanchez Bank",equifax,R04,Online,2025-06-25,2025-07-18,Closed
D0000878,C000179,AZ,25-34,F018,"Flowers, Martin and Kelly Bank",Experian,R08,phone,01/03/2026,17-Jan-2026,Closed
D0003940,C000302,GA,45-54,F016,Galloway-Wyatt Collections,transunion,R09,phone,09/22/2025,16-Nov-2025,Closed
D0002163,C000542,TX,55-64,F018,"Flowers, Martin and Kelly Bank",TransUnion,R02,web,20-Aug-2026,2026-10-11,Closed
D0001642,C000109,NC,55-64,F014,"Mcclure, Ward and Lee Bank",equifax,R01,Mail,13-Mar-2026,2026-03-26,Closed
D0002952,C000376,MI,55-64,F018,"Flowers, Martin and Kelly Bank",TransUnion,R02,Phone,02/21/2025,03/03/2025,Closed
D0004218,C000125,CA,25-34,F004,Davis and Sons Bank,Experian,r02,Phone,24-Jan-2025,02/07/2025,Closed
D0001085,,CA,25-34,F029,"Ross, Robinson and Bright Collections",transunion,R06,phone,2025-01-07,,Open
D0000289,C000447,NC,25-34,F007,Blake and Sons Credit,EQUIFAX,R10,online,05/24/2026,26-Jun-2026,Closed
D0004220,C000588,TX,45-54,F013,Arnold Ltd Bank,TransUnion,r08,Phone,04/06/2026,04/15/2026,Closed
D0003201,C000578,NC,25-34,F025,"Walter, Edwards and Rios Bank",EXP,R01,online,03-Feb-2025,02/22/2025,Closed
D0002788,C000164,WA,55-64,F030,"Snyder, Campos and Callahan Collections",TransUnion,R10,Phone,03/09/2025,,Open
D0000104,C000687,FL,65+,F021,Gray-Mayo Collections,UNK,R07,Mail,12/10/2025,2025-12-20,Closed
D0004267,C000167,FL,35-44,F019,"Adams, Zuniga and Wong Auto",transunion,R02,web,27-Nov-2025,28-Dec-2025,Closed
D0000020,C000192,AZ,65+,F016,Galloway-Wyatt Collections,transunion,R06,MAIL,05/25/2026,06/05/2026,Closed
D0001013,C000617,WA,45-54,F006,"Gardner, Robinson and Lawrence Credit",equifax,r08,Online,2025-08-13,,Open
D0000063,C000174,NC,55-64,F022,"Watts, Robinson and Nguyen Bank",Experian,R04,MAIL,01/25/2026,02/05/2026,Closed
D0001954,C000662,AZ,35-44,F012,Dudley Group Auto,EXP,R04,mail,03/06/2025,22-Mar-2025,Closed
D0000288,C000433,IL,35-44,F019,"Adams, Zuniga and Wong Auto",TransUnion,R02,ONLINE,12-Jun-2026,07-Jul-2026,Closed
D0005094,C000289,WA,35-44,F026,Wilkerson-Day Collections,transunion,r02,Phone,01/19/2026,01/26/2026,Closed
D0003148,C000710,AZ,65+,F019,"Adams, Zuniga and Wong Auto",TransUnion,R08,Online,2026-04-01,04/04/2026,Closed
D0002974,C000663,GA,35-44,F027,Baker and Sons Retail,EQF,R07,Phone,27-Jan-2025,2025-02-05,Closed
D0002962,C000468,WA,25-34,F020,"Reid, Ferguson and Sanchez Bank",Experian,r04,MAIL,2025-04-14,2025-04-29,Closed
D0001147,C000018,IL,18-24,F022,"Watts, Robinson and Nguyen Bank",TransUnion,R06,phone,06-May-2026,27-May-2026,Closed
D0005685,C000783,NC,25-34,F014,"Mcclure, Ward and Lee Bank",Trans Union,R08,MAIL,11/10/2025,15-Nov-2025,Closed
D0005025,C000690,WA,65+,F013,Arnold Ltd Bank,Trans Union,R06,Phone,23-Aug-2025,09/25/2025,Closed
D0003891,C000109,NC,55-64,F012,Dudley Group Auto,Trans Union,R10,PHONE,03/13/2025,2025-04-09,Closed
D0002205,C000220,CA,18-24,F027,Baker and Sons Retail,EQUIFAX,R01,ONLINE,05-Apr-2026,19-May-2026,Closed
D0001767,C000445,WA,35-44,F016,Galloway-Wyatt Collections,EXP,R10,Phone,2026-08-02,06-Aug-2026,Closed
D0001606,C000509,CA,55-64,F009,Garcia-James Bank,EXP,R07,Online,07-Jan-2025,2025-01-22,Closed
D0005951,C000682,AZ,65+,F005,"Guzman, Hoffman and Baldwin Collections",experian,R01,PHONE,11/25/2025,,Open
D0005072,C000307,IL,55-64,F023,Perez Inc Credit,equifax,,online,05/18/2025,2025-06-08,Closed
D0001831,C000709,NY,25-34,F017,James Group Collections,Experian,r04,Mail,12-Feb-2025,2025-03-06,Closed
D0003551,C000647,WA,35-44,F009,Garcia-James Bank,EQF,R08,web,2026-08-21,2026-08-26,Closed
D0001494,C000614,MI,45-54,F014,"Mcclure, Ward and Lee Bank",EXP,R10,MAIL,2025-11-26,12/13/2025,Closed
D0002567,C000432,WA,55-64,F008,"Henderson, Ramirez and Lewis Auto",EXP,r06,Mail,2025-03-24,03/28/2025,Closed
D0005800,C000719,MI,45-54,F006,"Gardner, Robinson and Lawrence Credit",Experian,R07,web,01/14/2025,,Open
D0001627,C000024,PA,18-24,F026,Wilkerson-Day Collections,EQUIFAX,r08,online,19-Dec-2025,12-Jan-2026,Closed
D0003578,C000253,FL,25-34,F008,"Henderson, Ramirez and Lewis Auto",equifax,R09,mail,05-Feb-2026,26-Feb-2026,Closed
D0001702,C000725,MI,25-34,F015,Williams and Sons Retail,TU,R10,mail,02/28/2025,02/24/2025,Closed
D0005156,C000496,AZ,65+,F029,"Ross, Robinson and Bright Collections",EQUIFAX,R05,mail,28-May-2025,2025-06-17,Closed
D0003131,C000700,PA,25-34,F022,"Watts, Robinson and Nguyen Bank",EQUIFAX,R09,web,06/26/2026,,Closed
D0001189,C000653,NC,45-54,F016,Galloway-Wyatt Collections,Equifax,r01,online,2025-11-05,11/20/2025,Closed
D0004369,C000726,AZ,18-24,F029,"Ross, Robinson and Bright Collections",Experian,R07,web,08/01/2025,30-Aug-2025,Closed
D0003786,C000434,FL,18-24,F021,Gray-Mayo Collections,transunion,R07,MAIL,26-Mar-2026,14-Apr-2026,Closed
D0003510,C000472,FL,25-34,F024,Morales-Jones Auto,EXP,R09,Online,2025-02-28,13-Mar-2025,Closed
D0000196,C000343,IL,45-54,F012,Dudley Group Auto,EQUIFAX,r09,Phone,21-Mar-2026,2026-05-15,Closed
D0002324,C000445,WA,35-44,F006,"Gardner, Robinson and Lawrence Credit",experian,R01,call center,04/28/2026,2026-05-25,Closed
D0002729,C000337,NY,65+,F020,"Reid, Ferguson and Sanchez Bank",TransUnion,R10,Phone,30-Mar-2026,20-May-2026,Closed
D0004483,C000730,TX,25-34,F025,"Walter, Edwards and Rios Bank",TU,R10,phone,2026-07-12,2026-07-29,Closed
D0001260,C000576,GA,18-24,F004,Davis and Sons Bank,transunion,R08,mail,16-Nov-2025,2025-11-21,Closed
D0001182,C000564,AZ,45-54,F008,"Henderson, Ramirez and Lewis Auto",Trans Union,R04,MAIL,2025-08-12,2025-08-16,Closed
D0003129,C000194,OH,18-24,F012,Dudley Group Auto,Experian,R08,Mail,08/30/2025,09/15/2025,Closed
D0004698,C000666,AZ,55-64,F011,Blair PLC Retail,Equifax,R05,mail,2026-06-26,07/23/2026,Closed
D0002780,C000430,NC,45-54,F001,"Rodriguez, Figueroa and Sanchez Collections",equifax,r07,MAIL,2025-03-28,2025-04-14,Closed
D0005220,C000149,NY,35-44,F013,Arnold Ltd Bank,transunion,R04,Online,2026-01-05,2026-01-13,Closed
D0001871,C000609,OH,35-44,F028,"Hoffman, Baker and Richards Auto",experian,R07,MAIL,23-Jun-2025,07/17/2025,Closed
D0005241,C000166,GA,25-34,F011,Blair PLC Retail,equifax,R02,MAIL,10/17/2025,11/07/2025,Closed
D0004883,C000278,WA,65+,F021,Gray-Mayo Collections,Experian,R07,PHONE,,,Closed
D0000252,C000116,GA,55-64,F026,Wilkerson-Day Collections,EQF,R05,mail,2025-06-02,2025-07-18,Closed
D0004898,C000023,TX,18-24,F016,Galloway-Wyatt Collections,Equifax,R07,mail,12/09/2025,01/01/2026,Closed
D0002425,C000593,IL,45-54,F007,Blake and Sons Credit,Experian,R09,MAIL,2025-07-10,18-Aug-2025,Closed
D0002400,C000283,MI,35-44,F010,Abbott-Munoz Retail,Trans Union,R09,mail,25-Aug-2025,10/07/2025,Closed
D0004994,C000366,FL,45-54,F007,Blake and Sons Credit,Trans Union,r08,PHONE,09/16/2025,2025-10-11,Closed
D0004342,C000407,IL,55-64,F012,Dudley Group Auto,TU,R06,MAIL,07/12/2025,07/29/2025,Closed
D0002842,C000531,IL,25-34,F027,Baker and Sons Retail,transunion,R01,Online,10-Jun-2025,07/03/2025,Closed
D0005949,C000625,TX,55-64,F030,"Snyder, Campos and Callahan Collections",TU,R01,MAIL,22-Oct-2025,,Open
D0004977,C000655,NY,25-34,F006,"Gardner, Robinson and Lawrence Credit",TU,R04,call center,,25-Jan-2025,Closed
D0000691,C000631,OH,55-64,F013,Arnold Ltd Bank,equifax,R06,ONLINE,03/29/2026,04/23/2026,Closed
D0000463,C000426,NY,45-54,F024,Morales-Jones Auto,EQUIFAX,R02,phone,,2025-11-20,Closed
D0004202,C000311,AZ,35-44,F010,Abbott-Munoz Retail,EQF,R05,phone,03/08/2026,03/23/2026,Closed
D0005542,C000262,PA,65+,F003,"Mcclain, Miller and Henderson Bank",Equifax,R06,ONLINE,29-Mar-2026,04/06/2026,Closed
D0002396,C000146,FL,25-34,F005,"Guzman, Hoffman and Baldwin Collections",TU,R02,web,14-Jan-2026,24-Jan-2026,Closed
D0004170,C000717,AZ,65+,F015,Williams and Sons Retail,experian,R01,online,06/28/2026,2026-07-23,Closed
D0000131,C000762,NC,25-34,F019,"Adams, Zuniga and Wong Auto",Experian,R07,phone,,12-Sep-2026,Closed
D0002865,C000401,OH,25-34,F005,"Guzman, Hoffman and Baldwin Collections",Equifax,R10,ONLINE,05/22/2026,2026-05-17,Closed
D0003085,C000057,TX,25-34,F022,"Watts, Robinson and Nguyen Bank",experian,R07,MAIL,22-Oct-2025,17-Nov-2025,Closed
D0004828,C000559,OH,35-44,F018,"Flowers, Martin and Kelly Bank",EQF,R01,mail,28-Nov-2025,,Open
D0003746,C000659,FL,45-54,F025,"Walter, Edwards and Rios Bank",transunion,R03,online,22-Feb-2025,03/15/2025,Closed
D0001796,C000639,MI,18-24,F008,"Henderson, Ramirez and Lewis Auto",Equifax,R04,MAIL,2026-06-17,,Open
D0004638,C000519,MI,45-54,F001,"Rodriguez, Figueroa and Sanchez Collections",EXP,r09,MAIL,16-May-2026,21-May-2026,Closed
D0005832,C000506,IL,55-64,F003,"Mcclain, Miller and Henderson Bank",transunion,R09,Mail,2025-09-13,21-Oct-2025,Closed
D0004296,C000493,TX,18-24,F026,Wilkerson-Day Collections,Equifax,R09,MAIL,10/05/2025,,Open
D0001979,C000666,AZ,55-64,F027,Baker and Sons Retail,Experian,R05,phone,03-Jun-2026,2026-07-11,Closed
D0001403,C000150,GA,25-34,F015,Williams and Sons Retail,transunion,R02,MAIL,31-May-2026,23-Jul-2026,Closed
D0005044,C000213,NY,35-44,F021,Gray-Mayo Collections,transunion,R06,PHONE,21-Jul-2026,2026-08-03,Closed
D0001316,C000033,MI,25-34,F021,Gray-Mayo Collections,equifax,R10,PHONE,2025-01-14,31-Jan-2025,Closed
D0003441,C000160,PA,18-24,F005,"Guzman, Hoffman and Baldwin Collections",Equifax,R03,phone,01/11/2026,2026-01-25,Closed
D0003732,C000786,NC,35-44,F005,"Guzman, Hoffman and Baldwin Collections",EXP,R02,online,2025-10-13,2025-11-10,Closed
D0005232,C000134,FL,45-54,F002,Doyle Ltd Collections,Trans Union,R05,call center,12-Jun-2026,22-Jul-2026,Closed
D0005872,C000761,FL,18-24,F008,"Henderson, Ramirez and Lewis Auto",EXP,R05,call center,05/09/2026,01-Jun-2026,Closed
D0002471,C000105,NC,25-34,F020,"Reid, Ferguson and Sanchez Bank",Experian,R05,PHONE,2026-04-09,2026-05-11,Closed
D0002136,C000056,PA,35-44,F023,Perez Inc Credit,experian,R08,call center,10/04/2025,28-Nov-2025,Closed
D0000790,C000116,GA,55-64,F030,"Snyder, Campos and Callahan Collections",Experian,R04,ONLINE,2026-05-08,05/17/2026,Closed
D0000403,C000127,OH,18-24,F006,"Gardner, Robinson and Lawrence Credit",TU,R01,mail,24-Jun-2026,23-Jul-2026,Closed
D0000027,C000532,TX,18-24,F029,"Ross, Robinson and Bright Collections",transunion,R10,PHONE,18-Oct-2025,2025-11-10,Closed
D0004114,C000140,WA,18-24,F007,Blake and Sons Credit,EQUIFAX,r06,Online,2025-07-30,08/08/2025,Closed
D0005211,C000042,OH,25-34,F007,Blake and Sons Credit,Equifax,r07,Online,12/14/2025,25-Dec-2025,Closed
D0002845,C000545,MI,35-44,F028,"Hoffman, Baker and Richards Auto",EQUIFAX,R08,phone,2025-06-19,2025-07-18,Closed
D0003710,C000715,NC,18-24,F002,Doyle Ltd Collections,experian,R05,Phone,11/15/2025,12/12/2025,Closed
D0004370,C000644,TX,65+,F019,"Adams, Zuniga and Wong Auto",experian,R05,Online,19-Jun-2025,30-Jun-2025,Closed
D0004136,C000679,CA,65+,F027,Baker and Sons Retail,TU,R03,ONLINE,2026-04-04,24-Apr-2026,Closed
D0001169,C000190,FL,35-44,F017,James Group Collections,Experian,r02,online,03/19/2026,05/11/2026,Closed
D0000129,C000096,NC,18-24,F012,Dudley Group Auto,Experian,R01,online,17-Dec-2025,03-Jan-2026,Closed
D0003780,,NC,55-64,F002,Doyle Ltd Collections,Experian,R06,web,2026-01-20,27-Jan-2026,Closed
D0002349,C000784,MI,18-24,F021,Gray-Mayo Collections,EQF,R02,web,2025-08-20,08/31/2025,Closed
D0002120,C000636,OH,65+,F016,Galloway-Wyatt Collections,Trans Union,r02,call center,06/03/2025,01-Jul-2025,Closed
D0005394,C000010,TX,25-34,F007,Blake and Sons Credit,Equifax,R10,MAIL,05/23/2025,2025-06-16,Closed
D0004596,C000099,TX,35-44,F008,"Henderson, Ramirez and Lewis Auto",EXP,R09,MAIL,08/02/2025,17-Aug-2025,Closed
D0003376,C000128,NC,25-34,F004,Davis and Sons Bank,EXP,R02,web,18-May-2025,,Open
D0002755,C000488,MI,35-44,F006,"Gardner, Robinson and Lawrence Credit",transunion,see notes,Phone,16-Oct-2025,23-Oct-2025,Closed
D0005173,C000151,TX,45-54,F024,Morales-Jones Auto,EQUIFAX,R10,web,2025-02-28,08-Mar-2025,Closed
D0001450,C000731,CA,18-24,F024,Morales-Jones Auto,Experian,R04,mail,2025-09-30,11/14/2025,Closed
D0001957,C000362,IL,45-54,F024,Morales-Jones Auto,EXP,R09,ONLINE,2025-02-20,,Closed
D0002029,C000433,IL,35-44,F022,"Watts, Robinson and Nguyen Bank",equifax,R01,ONLINE,15-Mar-2025,03/25/2025,Closed
D0002392,C000119,TX,35-44,F004,Davis and Sons Bank,equifax,R08,phone,08/04/2025,,Open
D0005341,C000525,FL,35-44,F010,Abbott-Munoz Retail,EQUIFAX,R02,MAIL,05/16/2026,06/08/2026,Closed
D0000410,C000421,OH,18-24,F004,Davis and Sons Bank,experian,R03,mail,15-May-2026,,Open
D0005056,C000786,NC,35-44,F025,"Walter, Edwards and Rios Bank",EXP,R02,Mail,2026-02-03,02/15/2026,Closed
D0003062,C000357,PA,45-54,F014,"Mcclure, Ward and Lee Bank",transunion,R08,ONLINE,2026-03-04,03/22/2026,Closed
D0001380,C000011,FL,55-64,,"Reid, Ferguson and Sanchez Bank",EXP,R03,call center,04-Jun-2026,06/23/2026,Closed
D0005505,C000405,IL,18-24,F028,"Hoffman, Baker and Richards Auto",EQF,R10,online,2025-12-27,24-Dec-2025,Closed
D0000898,C000479,OH,25-34,F025,"Walter, Edwards and Rios Bank",TU,R06,mail,04-Feb-2026,02/15/2026,Closed
D0004669,C000635,NC,45-54,F024,Morales-Jones Auto,EQUIFAX,see notes,Online,29-Jul-2025,15-Aug-2025,Closed
D0002071,C000006,AZ,65+,F004,Davis and Sons Bank,equifax,r05,web,24-Oct-2025,10/29/2025,Closed
D0005518,C000356,CA,25-34,F013,Arnold Ltd Bank,TransUnion,R10,phone,05/13/2026,05-Jun-2026,Closed
D0005504,C000780,GA,35-44,F003,"Mcclain, Miller and Henderson Bank",experian,R01,phone,2025-01-27,01/30/2025,Closed
D0005327,C000369,CA,45-54,F015,Williams and Sons Retail,EXP,R07,mail,02/20/2026,26-Mar-2026,Closed
D0003309,C000012,MI,18-24,F009,Garcia-James Bank,equifax,R08,mail,2025-04-28,2025-05-09,Closed
D0003216,C000681,CA,55-64,F012,Dudley Group Auto,equifax,R06,Phone,2026-01-25,28-Jan-2026,Closed
D0004677,C000244,NY,25-34,F014,"Mcclure, Ward and Lee Bank",EQUIFAX,R02,phone,09-Oct-2025,10/28/2025,Closed
D0003549,C000460,GA,55-64,F009,Garcia-James Bank,Equifax,other,call center,15-May-2025,05/24/2025,Closed
D0004442,C000546,CA,18-24,F028,"Hoffman, Baker and Richards Auto",Equifax,see notes,Phone,21-Jun-2026,,Open
D0004965,C000082,AZ,55-64,F022,"Watts, Robinson and Nguyen Bank",Trans Union,R02,PHONE,30-Aug-2026,03-Sep-2026,Closed
D0003024,C000695,GA,18-24,F013,Arnold Ltd Bank,Trans Union,R06,Online,22-Dec-2025,2025-12-31,Closed
D0001240,C000738,WA,55-64,F016,Galloway-Wyatt Collections,Equifax,R07,mail,12-May-2025,05/16/2025,Closed
D0001594,C000369,CA,45-54,F030,"Snyder, Campos and Callahan Collections",EXP,R10,Phone,2025-08-22,31-Aug-2025,Closed
D0003573,C000548,MI,55-64,F025,"Walter, Edwards and Rios Bank",transunion,R07,ONLINE,05/27/2026,08-Jun-2026,Closed
D0000786,C000370,OH,65+,F025,"Walter, Edwards and Rios Bank",equifax,R06,Mail,04-Feb-2026,28-Feb-2026,Closed
D0003320,C000773,MI,35-44,F016,Galloway-Wyatt Collections,UNK,R07,Mail,04/19/2025,2025-05-04,Closed
D0002419,C000200,NY,35-44,F016,Galloway-Wyatt Collections,experian,r09,web,06/08/2026,2026-07-12,Closed
D0004703,C000221,AZ,45-54,F020,"Reid, Ferguson and Sanchez Bank",Equifax,R04,Mail,03/24/2026,,Open
D0000597,C000208,NC,35-44,F009,Garcia-James Bank,Experian,r05,MAIL,02/20/2025,01-Apr-2025,Closed
D0003811,C000026,MI,35-44,F011,Blair PLC Retail,Equifax,R08,web,01/31/2025,2025-02-25,Closed
D0000179,C000606,AZ,45-54,F020,"Reid, Ferguson and Sanchez Bank",Experian,R08,Mail,2026-04-13,,Closed
D0000273,C000383,FL,45-54,F017,James Group Collections,equifax,R01,MAIL,08/13/2026,,Open
D0003454,C000039,IL,45-54,F001,"Rodriguez, Figueroa and Sanchez Collections",TU,R04,MAIL,18-Jul-2026,06-Aug-2026,Closed
D0004894,C000652,NY,25-34,F015,Williams and Sons Retail,equifax,R08,Phone,02/27/2025,2025-03-14,Closed
D0005902,C000422,PA,45-54,F015,Williams and Sons Retail,Equifax,R02,MAIL,2025-12-19,02/07/2026,Closed
D0003113,C000719,MI,45-54,F013,Arnold Ltd Bank,experian,R03,Phone,20-Oct-2025,2025-11-04,Closed
D0004160,C000352,FL,18-24,F011,Blair PLC Retail,EXP,R07,ONLINE,08/19/2026,2026-09-09,Closed
D0002469,C000771,NY,18-24,F003,"Mcclain, Miller and Henderson Bank",EXP,r06,online,2026-03-20,04/03/2026,Closed
D0000594,C000121,NC,25-34,F024,Morales-Jones Auto,experian,R06,mail,10/14/2025,27-Oct-2025,Closed
D0004539,C000206,AZ,55-64,F008,"Henderson, Ramirez and Lewis Auto",EXP,R08,MAIL,09-Jan-2025,2025-01-17,Closed
D0005580,C000060,AZ,45-54,,Dudley Group Auto,experian,R08,MAIL,2026-08-17,08/22/2026,Closed
D0003898,C000541,GA,45-54,F018,"Flowers, Martin and Kelly Bank",Equifax,R02,Online,2025-06-25,2025-08-07,Closed
D0002154,C000149,NY,35-44,F004,Davis and Sons Bank,Experian,R04,web,29-Jul-2025,08/16/2025,Closed
D0003626,C000265,IL,25-34,F018,"Flowers, Martin and Kelly Bank",equifax,R06,PHONE,07/16/2026,,Open
D0000954,C000206,AZ,55-64,F029,"Ross, Robinson and Bright Collections",experian,R02,MAIL,20-Aug-2025,2025-09-13,Closed
D0005577,C000637,WA,45-54,F003,"Mcclain, Miller and Henderson Bank",Experian,r10,web,11-Jul-2026,07/31/2026,Closed
D0001925,C000795,NY,18-24,F009,Garcia-James Bank,equifax,R05,PHONE,28-May-2025,21-Jun-2025,Closed
D0000591,C000481,WA,55-64,F029,"Ross, Robinson and Bright Collections",EXP,R04,Online,21-Sep-2025,10/05/2025,Closed
D0003539,C000572,PA,18-24,F022,"Watts, Robinson and Nguyen Bank",TransUnion,R05,Mail,23-Oct-2025,,Open
D0005863,C000617,WA,45-54,F005,"Guzman, Hoffman and Baldwin Collections",transunion,R08,Mail,10/26/2025,03-Dec-2025,Closed
D0004654,C000275,WA,45-54,F017,James Group Collections,EXP,R03,Phone,07/18/2025,2025-07-22,Closed
D0000026,C000325,FL,25-34,F021,Gray-Mayo Collections,transunion,R01,Phone,2025-03-17,31-Mar-2025,Closed
D0005243,C000659,FL,45-54,F014,"Mcclure, Ward and Lee Bank",UNK,R08,call center,30-Jun-2026,07/29/2026,Closed
D0004113,C000195,CA,45-54,F005,"Guzman, Hoffman and Baldwin Collections",Trans Union,,web,01/12/2026,01/27/2026,Closed
D0003625,C000361,CA,35-44,F020,"Reid, Ferguson and Sanchez Bank",Experian,R03,MAIL,03/06/2026,03/16/2026,Closed
D0005640,C000335,NC,45-54,F020,"Reid, Ferguson and Sanchez Bank",Trans Union,R10,phone,,08-Dec-2025,Closed
D0004493,C000673,FL,45-54,F007,Blake and Sons Credit,UNK,R02,PHONE,20-May-2025,11-Jun-2025,Closed
D0001903,C000072,CA,18-24,F004,Davis and Sons Bank,EQUIFAX,R08,phone,2025-02-02,19-Mar-2025,Closed
D0003719,C000400,WA,35-44,F012,Dudley Group Auto,EXP,R07,call center,2025-07-26,,Open
D0000013,C000797,MI,65+,F013,Arnold Ltd Bank,TU,R02,phone,2026-05-30,06-Jul-2026,Closed
D0002058,C000408,AZ,45-54,F026,Wilkerson-Day Collections,Equifax,R05,online,16-Apr-2025,05/04/2025,Closed
D0000935,C000795,NY,18-24,F004,Davis and Sons Bank,transunion,R01,Phone,05/03/2026,16-May-2026,Closed
D0000148,C000738,WA,55-64,F020,"Reid, Ferguson and Sanchez Bank",experian,R05,Mail,06-Mar-2025,2025-03-31,Closed
D0005436,C000096,NC,18-24,F010,Abbott-Munoz Retail,transunion,R08,MAIL,08/24/2025,2025-08-29,Closed
D0005487,C000322,NY,65+,F028,"Hoffman, Baker and Richards Auto",EQUIFAX,R04,mail,2025-06-29,24-Jul-2025,Closed
D0005680,C000132,WA,55-64,F012,Dudley Group Auto,experian,R01,mail,30-Sep-2025,2025-10-31,Closed
D0003682,C000582,AZ,55-64,F024,Morales-Jones Auto,Experian,r05,call center,01/16/2025,06-Feb-2025,Closed
D0004068,C000106,NY,65+,F026,Wilkerson-Day Collections,EQUIFAX,R04,MAIL,30-May-2025,06/16/2025,Closed
D0004315,C000094,NY,35-44,F025,"Walter, Edwards and Rios Bank",Equifax,r03,ONLINE,04-Jun-2025,2025-06-07,Closed
D0005783,C000503,MI,25-34,F007,Blake and Sons Credit,experian,R03,Phone,2026-01-14,25-Feb-2026,Closed
D0002664,C000303,AZ,25-34,F010,Abbott-Munoz Retail,Equifax,R02,MAIL,26-Jan-2026,02/16/2026,Closed
D0001281,C000233,MI,55-64,F004,Davis and Sons Bank,experian,R10,call center,2026-02-11,20-Feb-2026,Closed
D0004815,C000516,TX,25-34,F019,"Adams, Zuniga and Wong Auto",Experian,R08,web,10-Feb-2026,02/17/2026,Closed
D0002490,C000222,IL,18-24,F027,Baker and Sons Retail,EQUIFAX,R04,mail,2026-05-04,,Open
D0001752,C000186,MI,55-64,F011,Blair PLC Retail,EXP,r10,online,02/02/2026,2026-02-22,Closed
D0004924,C000492,IL,45-54,F008,"Henderson, Ramirez and Lewis Auto",transunion,R06,Online,2026-04-23,2026-05-26,Closed
D0004897,C000553,AZ,45-54,F010,Abbott-Munoz Retail,Trans Union,R08,ONLINE,02/19/2025,2025-03-21,Closed
D0001955,C000448,TX,25-34,F007,Blake and Sons Credit,EQF,R09,call center,06-Jan-2025,01/13/2025,Closed
D0001716,C000578,NC,25-34,F011,Blair PLC Retail,Experian,R01,phone,2025-09-15,,Open
D0004588,C000457,WA,25-34,F020,"Reid, Ferguson and Sanchez Bank",Equifax,R08,online,01/09/2025,2025-01-18,Closed
D0002403,C000383,FL,45-54,F011,Blair PLC Retail,EQF,R08,MAIL,04-Aug-2025,,Open
D0003111,C000277,NC,65+,F023,Perez Inc Credit,EQUIFAX,R03,online,04/28/2025,23-May-2025,Closed
D0002273,C000158,FL,45-54,F018,"Flowers, Martin and Kelly Bank",equifax,,online,02/11/2026,2026-03-06,Closed
D0001047,C000272,TX,45-54,F020,"Reid, Ferguson and Sanchez Bank",EQUIFAX,R07,Online,2026-08-24,2026-08-27,Closed
D0004925,C000116,GA,55-64,F029,"Ross, Robinson and Bright Collections",EQF,R03,mail,15-Aug-2026,01-Sep-2026,Closed
D0005910,C000087,CA,65+,F006,"Gardner, Robinson and Lawrence Credit",experian,R05,mail,10-Jun-2026,2026-06-13,Closed
D0003327,C000452,GA,65+,F008,"Henderson, Ramirez and Lewis Auto",EQUIFAX,R07,mail,01-Apr-2025,05-Apr-2025,Closed
D0001787,C000580,WA,45-54,F025,"Walter, Edwards and Rios Bank",EQF,R07,Phone,2025-05-30,07/04/2025,Closed
D0004365,C000305,WA,25-34,F008,"Henderson, Ramirez and Lewis Auto",TransUnion,R04,mail,,2025-08-22,Closed
D0005797,C000375,CA,45-54,F025,"Walter, Edwards and Rios Bank",Experian,R01,Online,04/04/2026,25-Apr-2026,Closed
D0000218,C000160,PA,18-24,F021,Gray-Mayo Collections,EQF,R06,Online,04/17/2026,04/30/2026,Closed
D0001774,C000584,NY,35-44,F002,Doyle Ltd Collections,TU,R08,phone,24-Mar-2026,2026-04-19,Closed
D0002252,C000269,OH,65+,F015,Williams and Sons Retail,Experian,R02,Online,12/22/2025,2026-01-13,Closed
D0001234,C000303,AZ,25-34,F022,"Watts, Robinson and Nguyen Bank",Trans Union,R10,call center,25-Oct-2025,26-Nov-2025,Closed
D0005309,C000001,AZ,18-24,F022,"Watts, Robinson and Nguyen Bank",Equifax,R01,phone,11/08/2025,2025-11-23,Closed
D0004236,,NY,25-34,F019,"Adams, Zuniga and Wong Auto",Trans Union,R06,call center,10/27/2025,11/10/2025,Closed
D0001664,C000236,IL,35-44,F025,"Walter, Edwards and Rios Bank",EXP,R02,Mail,2025-08-25,,Open
D0001415,C000290,NC,25-34,F001,"Rodriguez, Figueroa and Sanchez Collections",EXP,R10,PHONE,04/23/2026,05/18/2026,Closed
D0004184,C000398,TX,55-64,F026,Wilkerson-Day Collections,equifax,R09,online,2025-04-10,22-Apr-2025,Closed
D0002211,C000695,GA,18-24,F003,"Mcclain, Miller and Henderson Bank",Equifax,R07,Mail,08/29/2025,2025-09-06,Closed
D0004911,C000648,CA,18-24,F009,Garcia-James Bank,Experian,R01,PHONE,08-Apr-2025,,Open
D0001043,C000074,NY,65+,F015,Williams and Sons Retail,Experian,R01,MAIL,2026-04-21,04/30/2026,Closed
D0003264,C000630,GA,35-44,F027,Baker and Sons Retail,Experian,R02,Phone,02-Apr-2026,2026-04-07,Closed
D0000821,C000026,MI,35-44,F025,"Walter, Edwards and Rios Bank",EQF,R09,phone,11-Mar-2025,01-Apr-2025,Closed
D0005136,C000549,CA,65+,F028,"Hoffman, Baker and Richards Auto",experian,R09,Mail,17-Jun-2026,,Open
D0001866,C000678,WA,35-44,F019,"Adams, Zuniga and Wong Auto",TransUnion,R04,Online,17-Oct-2025,,Open
D0005434,C000370,OH,65+,F026,Wilkerson-Day Collections,EQUIFAX,R10,Mail,11-Aug-2026,,Open
D0002103,C000544,WA,35-44,F015,Williams and Sons Retail,experian,R08,Phone,2026-07-19,2026-08-27,Closed
D0003202,C000533,NY,35-44,F017,James Group Collections,Trans Union,R10,web,08-Dec-2025,12/13/2025,Closed
D0002562,C000706,IL,65+,F003,"Mcclain, Miller and Henderson Bank",experian,R07,mail,01-Feb-2025,02/24/2025,Closed
D0003895,C000657,MI,45-54,F003,"Mcclain, Miller and Henderson Bank",Equifax,R06,Phone,07/17/2026,2026-08-02,Closed
D0000781,C000344,TX,65+,F018,"Flowers, Martin and Kelly Bank",equifax,R07,phone,04-Apr-2026,04/19/2026,Closed
D0004746,C000773,MI,35-44,F017,James Group Collections,Experian,R04,Phone,2025-12-05,2025-12-25,Closed
D0000634,C000757,AZ,55-64,F005,"Guzman, Hoffman and Baldwin Collections",Equifax,,mail,05/14/2026,2026-07-03,Closed
D0002805,C000339,IL,25-34,F025,"Walter, Edwards and Rios Bank",EXP,R09,Mail,,02-Jul-2026,Closed
D0001392,C000609,OH,35-44,F005,"Guzman, Hoffman and Baldwin Collections",EQUIFAX,XX99,online,08/23/2025,09/03/2025,Closed
D0004811,C000610,NC,55-64,F015,Williams and Sons Retail,experian,R08,ONLINE,25-Jul-2025,2025-08-08,Closed
D0005726,C000067,MI,45-54,F027,Baker and Sons Retail,transunion,R04,web,10-Jun-2026,07/09/2026,Closed
D0005211,C000042,OH,25-34,F007,Blake and Sons Credit,Equifax,r07,Online,12/14/2025,25-Dec-2025,Closed
D0000741,C000036,FL,35-44,F018,"Flowers, Martin and Kelly Bank",Experian,R03,PHONE,2025-06-29,02-Aug-2025,Closed
D0003134,C000163,PA,65+,F020,"Reid, Ferguson and Sanchez Bank",EQF,R10,web,,09/22/2026,Closed
D0001775,C000115,AZ,35-44,F023,Perez Inc Credit,Experian,r03,phone,23-Apr-2025,2025-05-15,Closed
D0001556,C000356,CA,25-34,F002,Doyle Ltd Collections,experian,R02,Phone,05/02/2026,05/13/2026,Closed
D0000396,C000310,TX,25-34,F023,Perez Inc Credit,EXP,R08,online,06/26/2025,21-Jul-2025,Closed
D0001824,C000436,FL,45-54,F023,Perez Inc Credit,EQF,r03,ONLINE,2025-01-16,01/30/2025,Closed
D0004473,C000057,TX,25-34,F004,Davis and Sons Bank,transunion,R01,PHONE,03-Jul-2025,2025-07-20,Closed
D0001815,C000003,IL,25-34,F002,Doyle Ltd Collections,EQUIFAX,R03,online,04/21/2026,05-May-2026,Closed
D0005400,C000510,WA,18-24,F023,Perez Inc Credit,experian,R10,Phone,2025-10-27,23-Nov-2025,Closed
D0004150,C000297,CA,35-44,F013,Arnold Ltd Bank,transunion,r05,Online,2025-08-02,2025-08-19,Closed
D0005140,C000616,CA,35-44,F028,"Hoffman, Baker and Richards Auto",equifax,R04,online,2025-04-09,19-May-2025,Closed
D0002276,C000246,NY,65+,F012,Dudley Group Auto,equifax,r10,mail,2026-01-07,24-Jan-2026,Closed
D0002500,C000033,MI,25-34,F024,Morales-Jones Auto,experian,R09,ONLINE,2025-07-30,08/03/2025,Closed
D0003177,C000068,MI,45-54,F010,Abbott-Munoz Retail,TransUnion,R02,Phone,2025-06-20,15-Jul-2025,Closed
D0005300,C000795,NY,18-24,F014,"Mcclure, Ward and Lee Bank",experian,R01,call center,2025-07-09,2025-07-23,Closed
D0005252,C000516,TX,25-34,F017,James Group Collections,EQUIFAX,R04,online,2026-05-07,2026-05-24,Closed
D0001383,C000259,IL,18-24,F009,Garcia-James Bank,EQUIFAX,R05,phone,01/24/2026,,Open
D0004853,C000404,TX,25-34,F019,"Adams, Zuniga and Wong Auto",equifax,R09,ONLINE,05/02/2026,,Open
D0003946,C000509,CA,55-64,F030,"Snyder, Campos and Callahan Collections",TU,R09,online,2026-08-10,,Open
D0002488,C000079,IL,55-64,F008,"Henderson, Ramirez and Lewis Auto",EQUIFAX,R03,MAIL,04/11/2025,2025-05-03,Closed
D0002732,C000041,NY,35-44,F029,"Ross, Robinson and Bright Collections",Experian,R05,MAIL,19-Apr-2026,05/05/2026,Closed
D0004890,C000441,NY,45-54,F005,"Guzman, Hoffman and Baldwin Collections",UNK,R02,ONLINE,08/29/2026,30-Sep-2026,Closed
D0004235,C000764,FL,35-44,F002,Doyle Ltd Collections,experian,r09,mail,07/03/2026,2026-07-12,Closed
D0005205,C000789,GA,45-54,F020,"Reid, Ferguson and Sanchez Bank",Experian,R10,phone,03-Apr-2026,,Open
D0002459,C000138,OH,45-54,F012,Dudley Group Auto,EQF,R01,mail,2025-09-15,2025-10-04,Closed
D0004982,C000102,MI,18-24,F029,"Ross, Robinson and Bright Collections",EXP,R06,phone,27-Jan-2025,2025-02-21,Closed
D0000053,C000047,NY,55-64,F019,"Adams, Zuniga and Wong Auto",equifax,R04,PHONE,08/15/2025,04-Sep-2025,Closed
D0005367,C000793,TX,18-24,F006,"Gardner, Robinson and Lawrence Credit",equifax,r04,web,2026-05-28,06/17/2026,Closed
D0002359,C000597,PA,25-34,F020,"Reid, Ferguson and Sanchez Bank",EXP,R05,phone,04/23/2026,05/06/2026,Closed
D0005920,C000702,NC,35-44,F012,Dudley Group Auto,EQF,R05,Phone,21-Jan-2025,01/30/2025,Closed
D0004523,C000610,NC,55-64,F008,"Henderson, Ramirez and Lewis Auto",TransUnion,R03,online,09/01/2026,,Open
D0000371,C000178,MI,18-24,F001,"Rodriguez, Figueroa and Sanchez Collections",TransUnion,R04,call center,2026-02-16,25-Feb-2026,Closed
D0002849,C000487,TX,18-24,F012,Dudley Group Auto,Experian,R07,phone,03/24/2025,2025-04-17,Closed
D0003078,C000611,PA,45-54,F008,"Henderson, Ramirez and Lewis Auto",experian,R08,MAIL,2025-10-14,11/05/2025,Closed
D0005854,C000592,NC,65+,F003,"Mcclain, Miller and Henderson Bank",EXP,R09,Mail,09/07/2025,2025-09-18,Closed
D0000147,C000158,FL,45-54,F001,"Rodriguez, Figueroa and Sanchez Collections",TU,R08,Mail,,21-Apr-2026,Closed
D0003641,C000058,MI,65+,F017,James Group Collections,Equifax,R05,Phone,27-Jan-2026,23-Feb-2026,Closed
D0002706,C000102,MI,18-24,F026,Wilkerson-Day Collections,Experian,R08,web,13-Jan-2025,02/12/2025,Closed
D0002717,C000356,CA,25-34,F021,Gray-Mayo Collections,EXP,R09,Online,12/26/2025,29-Dec-2025,Closed
D0001486,C000712,NC,35-44,F021,Gray-Mayo Collections,Trans Union,R09,mail,21-Sep-2025,10/27/2025,Closed
D0001484,C000287,AZ,45-54,F006,"Gardner, Robinson and Lawrence Credit",EXP,R01,Online,10-Apr-2026,02-May-2026,Closed
D0001518,C000248,AZ,65+,F024,Morales-Jones Auto,TU,R09,online,2026-06-01,07/14/2026,Closed
D0000712,C000197,TX,18-24,F012,Dudley Group Auto,experian,R07,Mail,03/09/2025,,Open
D0001966,C000057,TX,25-34,F025,"Walter, Edwards and Rios Bank",EXP,R01,Online,2026-02-21,2026-03-21,Closed
D0001637,C000601,PA,35-44,F012,Dudley Group Auto,TransUnion,R06,online,2025-04-11,25-Apr-2025,Closed
D0002003,C000370,OH,65+,F020,"Reid, Ferguson and Sanchez Bank",Trans Union,R07,Phone,10/02/2025,20-Oct-2025,Closed
D0004956,C000383,FL,45-54,F011,Blair PLC Retail,Equifax,R03,ONLINE,03/10/2026,,Closed
D0003470,C000359,CA,55-64,F007,Blake and Sons Credit,EXP,R03,Phone,2025-02-21,04/02/2025,Closed
D0005582,C000715,NC,18-24,F026,Wilkerson-Day Collections,Trans Union,R05,MAIL,27-Nov-2025,2025-12-16,Closed
D0001485,C000082,AZ,55-64,F006,"Gardner, Robinson and Lawrence Credit",TU,R01,MAIL,08-Mar-2026,03/20/2026,Closed
D0005021,C000159,CA,25-34,F014,"Mcclure, Ward and Lee Bank",EQF,other,Mail,2026-06-16,2026-08-08,Closed
D0000384,C000385,PA,35-44,F020,"Reid, Ferguson and Sanchez Bank",experian,R04,call center,2026-06-17,07/05/2026,Closed
D0000286,C000676,MI,35-44,F018,"Flowers, Martin and Kelly Bank",TU,R05,online,07/07/2026,06-Aug-2026,Closed
D0002669,C000590,NY,45-54,F007,Blake and Sons Credit,experian,R02,web,12/21/2025,16-Jan-2026,Closed
D0000109,C000487,TX,18-24,F019,"Adams, Zuniga and Wong Auto",transunion,R08,Online,2025-08-30,2025-09-29,Closed
D0000272,C000705,IL,45-54,F021,Gray-Mayo Collections,EQF,R10,MAIL,08-Sep-2025,,Open
D0003199,C000458,IL,65+,F006,"Gardner, Robinson and Lawrence Credit",TransUnion,R03,Mail,05-Apr-2026,2026-04-22,Closed
D0005070,C000094,NY,35-44,F014,"Mcclure, Ward and Lee Bank",TU,R07,call center,17-May-2026,2026-07-10,Closed
D0000102,C000331,AZ,55-64,F005,"Guzman, Hoffman and Baldwin Collections",TU,R10,Mail,06/11/2025,04-Jul-2025,Closed
D0000095,C000144,WA,35-44,F004,Davis and Sons Bank,EQF,R02,mail,,,Open
D0005887,C000261,AZ,55-64,F027,Baker and Sons Retail,Equifax,R04,Online,,,Open
D0004300,C000686,MI,35-44,F002,Doyle Ltd Collections,Trans Union,R08,PHONE,01/19/2026,2026-02-05,Closed
D0000054,C000472,FL,25-34,F006,"Gardner, Robinson and Lawrence Credit",Equifax,R01,mail,2025-12-27,2026-01-14,Closed
D0005236,C000641,AZ,35-44,F005,"Guzman, Hoffman and Baldwin Collections",TU,R03,call center,2026-08-03,31-Aug-2026,Closed
